{"type":"FeatureCollection","name":"atlantic-submarine-cables","metadata":{"source":"OpenStreetMap via Overpass API","query":"[out:json][timeout:120];(way[\"communication\"=\"line\"][\"submarine\"](35,-85,70,20);way[\"communication\"=\"line\"][\"location\"=\"submarine\"](35,-85,70,20);way[\"communication\"=\"line\"][\"location\"=\"underwater\"](35,-85,70,20);way[\"communication\"=\"line\"][\"seamark:type\"~\"cable\"](35,-85,70,20););out tags geom;","retrieved_at":"2026-09-05T15:20:55Z","license":"ODbL-1.0","attribution":"© OpenStreetMap contributors","scope":"North Atlantic communications-cable display extract","limitations":"Crowdsourced and incomplete; generalized display geometry only, not an engineering chart or cable inventory."},"features":[{"type":"Feature","properties":{"osm_id":"way/78419326","name":"CANTAT 3","operator":"BT","source_date":"2026-09-05T15:20:55Z"},"geometry":{"type":"LineString","coordinates":[[-20.284167,63.400583],[-20.300317,63.400767],[-20.333633,63.400883],[-20.33445,63.400433],[-20.333667,63.367283],[-20.333367,63.351],[-20.30145,63.216833],[-20.26785,62.934217],[-20.267533,62.916667],[-20.2513,62.83445],[-20.217333,62.783333],[-20.2173,62.767983],[-20.234367,62.7673]]}},{"type":"Feature","properties":{"osm_id":"way/78419327","name":"CANTAT 3","operator":"BT","source_date":"2026-09-05T15:20:55Z"},"geometry":{"type":"LineString","coordinates":[[-6.5169808,63.1894003],[-6.552667,63.2005],[-6.655,63.233167],[-6.9265,63.229667],[-7.57,63.241833],[-8.001167,63.244667],[-8.4785,63.248167],[-9.6665,63.2495],[-10.0535,63.244333],[-10.100833,63.243667],[-10.298833,63.240333],[-10.769833,63.2255],[-10.9995,63.226167],[-11.6405,63.208833],[-12.0,63.197833],[-12.749667,63.171667],[-12.999333,63.167167],[-13.225167,63.162667],[-13.488,63.157167],[-14.867,63.105],[-16.4845,63.0245],[-16.999833,62.998833],[-18.0,62.935833],[-18.067333,62.935333],[-18.333333,62.933167],[-19.4765,62.835333],[-19.6805,62.8095],[-20.223333,62.783333],[-20.2305,62.779833],[-20.243667,62.773]]}},{"type":"Feature","properties":{"osm_id":"way/78419328","name":"CANTAT 3 FC3","operator":"BT","source_date":"2026-09-05T15:20:55Z"},"geometry":{"type":"LineString","coordinates":[[5.5009885,56.2486695],[5.5001,56.250583],[5.499883,56.250733],[5.498067,56.2545],[5.4953,56.259483],[5.494917,56.2606],[5.4314,56.389233],[5.351,56.55135],[5.349883,56.552317],[5.314283,56.624367],[5.280317,56.69295],[5.241633,56.7692],[5.148333,56.953517],[5.103017,57.041283],[5.082167,57.082267],[5.0458,57.152833],[5.044783,57.15395],[5.019633,57.203617],[4.932883,57.370267],[4.93235,57.370767],[4.853917,57.52095],[4.852933,57.522017],[4.844417,57.538383],[4.794367,57.633283],[4.718783,57.7753],[4.593067,58.009],[4.488633,58.200483],[4.473617,58.23125],[4.459067,58.254883],[4.388583,58.381983],[4.345517,58.46],[4.2964,58.54825],[4.130617,58.842867],[4.131967,58.839733],[4.12955,58.843917],[4.119083,58.854917],[4.117,58.8596],[4.11695,58.860517],[4.116133,58.866717],[4.112367,58.874117],[4.11015,58.877333],[4.108567,58.880233],[4.09915,58.8943],[4.08945,58.914117],[4.055883,58.972717],[4.046717,58.987],[4.042633,58.995283],[4.027817,59.022533],[4.004867,59.0585],[3.999433,59.069483],[3.964183,59.128667],[3.960533,59.135783],[3.949167,59.157683],[3.946583,59.16305],[3.86585,59.30085],[3.833683,59.356133],[3.812783,59.3893],[3.804833,59.403],[3.782567,59.442367],[3.773567,59.459733],[3.749683,59.4998],[3.739217,59.516583],[3.731883,59.527333],[3.723733,59.542033],[3.71435,59.558933],[3.6901,59.6002],[3.590133,59.766033],[3.555717,59.822433],[3.546283,59.8378],[3.525183,59.872783],[3.517017,59.88535],[3.509983,59.886717],[3.51035,59.886867],[3.51465,59.890383],[3.504833,59.905567],[3.503617,59.907817],[3.508267,59.910233],[3.507483,59.9103],[3.503583,59.910883],[3.5,59.914217],[3.496667,59.919633],[3.395633,60.0856],[3.368517,60.1333],[3.367767,60.1343],[3.347867,60.166133],[3.330217,60.195883],[3.32225,60.206683],[3.321183,60.2077],[3.31195,60.220483],[3.268383,60.2907],[3.25935,60.306117],[3.248433,60.324333],[3.25005,60.36505],[3.250117,60.374183],[3.24855,60.380067],[3.248267,60.384567],[3.248767,60.389767],[3.249817,60.394267],[3.250333,60.398],[3.249983,60.404],[3.249733,60.497583],[3.2483,60.499867],[3.2499,60.5014],[3.249167,60.506217],[3.24905,60.511167],[3.24945,60.513467],[3.249517,60.514067],[3.25015,60.519717],[3.249433,60.73795],[3.249383,60.750233],[3.188333,60.811717],[3.084217,60.916317],[2.997167,61.003367],[2.979317,61.03065],[2.8868,61.171833],[2.775233,61.338917],[2.682433,61.476617],[2.665783,61.49975],[2.5,61.65005],[2.277383,61.81315],[2.277117,61.813333],[2.270717,61.825267],[2.0379,61.986067],[1.666667,62.249933],[1.543883,62.296617],[1.32805,62.377867],[1.17365,62.435567],[0.99995,62.499683],[0.846383,62.536133],[0.44685,62.59055],[0.446,62.62885],[0.458283,62.626267],[0.413017,62.63665],[0.276567,62.66915],[0.01275,62.731517],[0.00025,62.734767],[-0.5285,62.854467],[-0.884067,62.933433],[-1.428417,63.05135],[-1.500033,63.066733],[-2.0,63.091],[-2.2128,63.1017],[-3.000083,63.138233],[-3.04175,63.141833],[-3.090967,63.146133],[-3.297783,63.163233],[-3.395767,63.164667],[-3.92925,63.171417],[-4.092333,63.172717],[-4.518567,63.186433],[-4.647483,63.190917],[-5.000033,63.199717],[-5.121567,63.1997],[-5.141617,63.199167],[-5.666867,63.19995],[-6.272583,63.213383],[-6.279833,63.212967],[-6.3815,63.219333],[-6.440233,63.2156],[-6.5169808,63.1894003]]}},{"type":"Feature","properties":{"osm_id":"way/78419329","name":"CANTAT 3 F5, F6","operator":"TDC","source_date":"2026-09-05T15:20:55Z"},"geometry":{"type":"LineString","coordinates":[[8.180483,55.767983],[8.155917,55.787767],[8.1418,55.794217],[8.00005,55.833417],[7.642617,55.8575],[7.45005,55.87005],[7.4133,55.870983],[7.40855,55.871717],[7.4053,55.871067],[7.4037,55.8721],[7.401933,55.872617],[7.3867,55.875033],[7.262983,55.900783],[7.1742,55.9191],[7.01635,55.951567],[6.805733,55.994417],[6.683367,56.019083],[6.406683,56.074033],[6.16385,56.1222],[6.147433,56.128067],[6.087683,56.13715],[5.791867,56.1942],[5.666967,56.218267],[5.5353,56.24335],[5.52105,56.245933],[5.5009885,56.2486695]]}},{"type":"Feature","properties":{"osm_id":"way/78419330","name":"Atlantic Crossing 1 (AC1)Seg.B1","operator":"Global Crossing","source_date":"2026-09-05T15:20:55Z"},"geometry":{"type":"LineString","coordinates":[[-5.6921,50.081317],[-5.700717,50.084783],[-5.703233,50.084833],[-5.707167,50.0849],[-5.712417,50.085233],[-5.727467,50.081067],[-5.730467,50.08075],[-5.764717,50.0714],[-5.772433,50.06635],[-5.7955,50.027167],[-5.8355,49.973167],[-5.85465,49.915683],[-5.8588,49.9011],[-5.859083,49.894317],[-5.858267,49.890967],[-5.8554,49.8855],[-5.84965,49.8747],[-5.846483,49.871517],[-5.84445,49.864783],[-5.842283,49.862633],[-5.838383,49.86015],[-5.834033,49.858083],[-5.8292,49.85655],[-5.77995,49.843467],[-5.76165,49.838367],[-5.71815,49.826567],[-5.703167,49.82295],[-5.68645,49.81895],[-5.6751,49.815783],[-5.6728,49.81535],[-5.629967,49.803067],[-5.49085,49.768467],[-5.48855,49.76655],[-5.486367,49.765767],[-5.46085,49.759],[-5.445283,49.754683],[-5.40495,49.74385],[-5.361783,49.732267],[-5.3182,49.7226],[-5.279917,49.71295],[-5.26365,49.7087],[-5.193083,49.689967],[-5.18975,49.68875],[-5.18025,49.685],[-5.1683,49.683017],[-5.1623,49.681683],[-5.155633,49.678517],[-5.124633,49.66985],[-5.113683,49.667067],[-5.109083,49.666633],[-5.075417,49.6578],[-5.071467,49.656183],[-5.065167,49.656067],[-5.061583,49.65385],[-5.042117,49.648967],[-5.037333,49.648333],[-5.034167,49.649667],[-5.026167,49.6465],[-5.024,49.644167],[-4.939167,49.620933],[-4.92985,49.620167],[-4.905617,49.622517],[-4.89305,49.623567],[-4.8872,49.623133],[-4.870417,49.623033],[-4.76845,49.628683],[-4.758117,49.62885],[-4.73095,49.629767],[-4.715783,49.630517],[-4.708617,49.633017],[-4.669267,49.6327],[-4.460233,49.640967],[-4.451733,49.6428],[-4.391433,49.6454],[-4.38745,49.646167],[-4.383917,49.647417],[-4.382617,49.645933],[-4.381233,49.647567],[-4.380883,49.64915],[-4.372683,49.656033],[-4.365267,49.662167],[-4.3621,49.664167],[-4.358467,49.665517],[-4.354783,49.666533],[-4.252733,49.677917],[-4.145833,49.693333],[-4.133833,49.693333],[-4.125767,49.694833],[-3.9863,49.713183],[-3.873267,49.727783],[-3.8687,49.729217],[-3.8648,49.73135],[-3.862533,49.733867],[-3.855517,49.747383],[-3.843183,49.7713],[-3.841167,49.775133],[-3.840417,49.777083],[-3.837633,49.780317],[-3.834167,49.782983],[-3.830167,49.785233],[-3.750783,49.813233],[-3.701467,49.830783],[-3.6681,49.84125],[-3.640933,49.8522],[-3.476933,49.910217],[-3.368067,49.948233],[-3.3347,49.9571],[-3.310967,49.97125],[-3.284933,49.9805],[-3.25155,49.989267],[-3.1602,50.020933],[-3.146517,50.025667],[-2.918717,50.098667],[-2.749117,50.152583],[-2.634783,50.188817],[-2.616017,50.193317],[-2.5892,50.20155],[-2.551417,50.215017],[-2.508783,50.22835],[-2.4932,50.230767],[-2.333117,50.231783],[-2.30335,50.231917],[-2.266883,50.230833],[-2.168083,50.232367],[-2.1339,50.231967],[-2.086033,50.231267],[-2.060767,50.231317],[-1.973083,50.232617],[-1.9485,50.234833],[-1.938333,50.233333],[-1.684733,50.23355],[-1.654533,50.234333],[-1.61325,50.233517],[-1.5514,50.233367],[-1.52115,50.23295],[-1.484717,50.233383],[-1.451733,50.233317],[-1.435617,50.233433],[-1.434817,50.233283],[-1.351417,50.233083],[-1.305017,50.2319],[-1.172383,50.232433],[-1.163983,50.233367],[-0.9551225,50.2792492],[-0.747833,50.3265],[-0.551367,50.369883],[-0.479267,50.3829],[-0.469217,50.38545],[-0.4108,50.400667],[-0.123667,50.462767],[-0.092767,50.467983],[-0.018017,50.4854],[0.204067,50.5327],[0.258,50.5451],[0.300033,50.556317],[0.347067,50.56625],[0.382,50.573567],[0.43305,50.5851],[0.60385,50.660267],[0.7345,50.718667],[0.739333,50.7195],[0.7543,50.726617],[0.759633,50.727283],[0.920217,50.799083],[0.960367,50.815],[1.0078,50.83705],[1.015317,50.840717],[1.0486,50.855],[1.0848,50.875433],[1.083383,50.872667],[1.155333,50.911667],[1.1588,50.9148],[1.279283,50.980067],[1.2837,50.982467],[1.3533,51.02145],[1.400833,51.04615],[1.40345,51.048667],[1.405767,51.05265],[1.4068,51.0572],[1.4088,51.0662],[1.4085568,51.0742931],[1.413467,51.086967],[1.414817,51.091367],[1.4175,51.094517],[1.421983,51.096867],[1.428217,51.09825],[1.456733,51.098333],[1.460917,51.0988],[1.465283,51.099733],[1.468667,51.100933],[1.470767,51.10255],[1.4833,51.112483],[1.489583,51.1175],[1.496367,51.129717],[1.497883,51.132067],[1.499617,51.133783],[1.513467,51.140183],[1.525833,51.1457],[1.550183,51.154133],[1.632,51.192167],[1.679183,51.212583],[1.734333,51.22335],[1.74295,51.226817],[1.758533,51.2366],[1.767667,51.244767],[1.839717,51.355],[1.8451,51.363133],[1.857033,51.380183],[1.85865,51.3825],[1.90425,51.49155],[1.9106,51.506883],[1.918967,51.52415],[1.919817,51.527583],[1.921833,51.53115],[1.9293,51.548833],[1.932517,51.563333],[1.954667,51.603433],[1.9549,51.6158],[1.963,51.625167],[1.964333,51.631],[1.982367,51.6802],[1.997217,51.719333],[2.025033,51.782617],[2.101967,51.96585],[2.112333,51.993083],[2.11685,52.009017],[2.117,52.01025],[2.118333,52.014283],[2.1196,52.0196],[2.123883,52.03125],[2.12985,52.049417],[2.189767,52.230983],[2.190617,52.2337],[2.191417,52.235983],[2.1926,52.239567],[2.193667,52.242417],[2.1935,52.243],[2.193833,52.248167],[2.197367,52.253617],[2.199083,52.25875],[2.2404,52.381317],[2.24265,52.387467],[2.2442,52.391817],[2.252433,52.413233],[2.254,52.4149],[2.255433,52.41585],[2.257467,52.41675],[2.265667,52.419517],[2.266083,52.422117],[2.279817,52.424517],[2.31795,52.437667],[2.328483,52.44155],[2.331783,52.441767],[2.347117,52.441817],[2.6553,52.433683],[2.8840078,52.4268882],[3.111883,52.420117],[3.155633,52.418667],[3.176017,52.417733],[3.183267,52.4179],[3.184433,52.41795],[3.198917,52.418133],[3.331067,52.41915],[3.348467,52.421033],[3.6486,52.506717],[3.65875,52.5082],[3.6653,52.508267],[3.67265,52.5075],[3.6838,52.506417],[3.698533,52.506383],[3.710333,52.506417],[3.71425,52.506733],[3.7487,52.516683],[3.79885,52.53345],[3.998667,52.603917],[4.005867,52.605067],[4.015283,52.605917],[4.112833,52.612167],[4.123,52.611],[4.240783,52.61745],[4.281967,52.619533],[4.28945,52.619517],[4.2968,52.6191],[4.3041,52.618067],[4.309217,52.6162],[4.32135,52.607617],[4.389983,52.5561],[4.3921,52.554783],[4.39635,52.553233],[4.40655,52.5515],[4.429267,52.551483],[4.435067,52.5523],[4.445733,52.555867],[4.4527,52.55815],[4.459017,52.559133],[4.532733,52.558183],[4.537817,52.558233],[4.56225,52.55835],[4.602433,52.559317],[4.606667,52.5575]]}},{"type":"Feature","properties":{"osm_id":"way/78419331","name":"CANTAT 3 F7","operator":"TDC","source_date":"2026-09-05T15:20:55Z"},"geometry":{"type":"LineString","coordinates":[[8.408,55.057],[8.4035,55.069333],[8.383333,55.079167],[8.35,55.085333],[8.333333,55.089167],[8.285517,55.099417],[8.28335,55.1001],[8.094833,55.149967],[8.075667,55.154933],[7.9034,55.200067],[7.902817,55.200533],[7.821817,55.265817],[7.741667,55.330017],[7.719283,55.346583],[7.601667,55.43335],[7.519233,55.500067],[7.4001,55.566717],[7.398883,55.605233],[7.3996,55.613667],[7.397683,55.65],[7.400183,55.666683],[7.400133,55.6913],[7.400083,55.734417],[7.400117,55.762633],[7.400067,55.792133],[7.400117,55.816667],[7.39975,55.82375],[7.398517,55.849983],[7.404267,55.86845],[7.403783,55.871533],[7.404033,55.871917],[7.4037,55.8721]]}},{"type":"Feature","properties":{"osm_id":"way/78419332","name":"Atlantic Crossing 1 (AC1) Seg.A","operator":"Global Crossing","source_date":"2026-09-05T15:20:55Z"},"geometry":{"type":"LineString","coordinates":[[8.385683,55.037367],[8.38575,55.037483],[8.379267,55.042],[8.37835,55.042283],[8.370133,55.0432],[8.348683,55.046017],[8.298683,55.050183],[8.286733,55.051983],[8.26505,55.057267],[8.2623,55.05565],[8.248683,55.057683],[8.246517,55.05775],[8.235517,55.058067],[8.215183,55.058683],[8.172083,55.059933],[8.17105,55.060783],[8.06955,55.06295],[8.03465,55.064017],[7.965317,55.065983],[7.66515,55.06115],[7.662233,55.061383],[7.659633,55.06215],[7.657567,55.063133],[7.646517,55.071583],[7.634867,55.0805],[7.632383,55.0817],[7.6301,55.0824],[7.627083,55.08285],[7.233117,55.096483],[6.773633,55.111],[6.671467,55.1126],[6.667533,55.113083],[6.664117,55.113967],[6.660917,55.115167],[6.651033,55.120767],[6.4963,55.208483],[6.319383,55.307967],[6.286617,55.330017],[6.28295,55.331433],[6.27955,55.332233],[6.275667,55.332667],[6.145267,55.332667],[6.138783,55.333483],[6.136033,55.334283],[6.13385,55.335283],[6.131733,55.33675],[6.130217,55.338167],[6.128783,55.340183],[6.060383,55.507683],[5.9986,55.655067],[5.9986,55.6747],[5.9986,55.7355],[5.998583,55.861917],[5.998583,55.864367],[5.993583,55.8725],[5.89845,55.99535],[5.894283,56.000733],[5.768067,56.162417],[5.767167,56.1651],[5.767267,56.16725],[5.768517,56.169483],[5.790233,56.192683],[5.802083,56.203667],[5.811883,56.212983],[5.8129,56.2151],[5.812883,56.217167],[5.811717,56.219267],[5.639333,56.376833],[5.369,56.620883],[5.365767,56.62265],[5.36205,56.62375],[5.357867,56.624367],[5.316883,56.624367],[5.288217,56.624333],[5.255683,56.624333],[5.251383,56.624883],[5.247717,56.625967],[5.24435,56.627567],[5.1229,56.721567],[4.940317,56.8616],[4.839367,56.9385],[4.5151,57.1827],[4.430567,57.265833],[4.362383,57.33265],[4.322367,57.37195],[4.31995,57.374083],[3.943617,57.736483],[3.665083,57.9994],[3.499883,58.126],[3.333383,58.252567],[3.24615,58.31685],[3.098183,58.42555],[3.091833,58.433717],[3.091917,58.434067],[3.091017,58.4348],[3.085517,58.442717],[3.014667,58.492817],[3.011067,58.495533],[2.978633,58.520017],[2.975417,58.5222],[2.975217,58.5226],[2.974383,58.522933],[2.939567,58.548133],[2.836783,58.621667],[2.83205,58.6249],[2.832067,58.625133],[2.831017,58.6256],[2.82535,58.6296],[2.795417,58.652467],[2.5491607,58.8341249],[2.5130796,58.8607105],[2.4660873,58.8955572],[2.3733902,58.964205],[2.3398,58.993333],[2.335317,58.995683],[2.330033,58.9976],[2.323917,58.9989],[2.315267,58.999467],[2.296183,58.999417],[2.133817,58.999417],[2.096483,59.004767],[2.015,59.028],[1.980367,59.032767],[1.812783,59.032767],[1.757,59.032767],[1.731167,59.03275],[1.698317,59.03275],[1.681667,59.030967],[1.639467,59.0309],[1.605017,59.03095],[1.548233,59.032767],[1.329633,59.0691],[1.291617,59.07895],[1.24835,59.09415],[1.235483,59.0972],[1.228,59.098083],[1.2168,59.098017],[1.201383,59.09805],[1.1723,59.108717],[0.913483,59.160083],[0.746483,59.192767],[0.651117,59.209683],[0.65165,59.21065],[0.652333,59.210883],[0.63645,59.2153],[0.6305,59.217917],[0.627517,59.2189],[0.621133,59.219783],[0.615267,59.22155],[0.608617,59.224967],[0.6009,59.2273],[0.561117,59.23195],[0.537033,59.23695],[0.534933,59.2374],[0.504617,59.24095],[0.499933,59.240067],[0.502233,59.241767],[0.4878,59.24625],[0.478783,59.248233],[0.319417,59.2775],[0.065733,59.327517],[-0.10975,59.3617],[-0.162383,59.369767],[-0.220867,59.38275],[-0.380917,59.41235],[-0.3949,59.4158],[-0.410783,59.419817],[-0.567033,59.457517],[-0.578083,59.459233],[-0.585417,59.4619],[-0.764917,59.5069],[-0.800917,59.515733],[-1.034933,59.560383],[-1.107767,59.57405],[-1.272033,59.6047],[-1.319267,59.612383],[-1.356433,59.618883],[-1.501783,59.649217],[-1.62345,59.662717],[-2.368967,59.742217],[-2.520817,59.757883],[-3.18,59.823533],[-3.228167,59.828033],[-3.241667,59.828367],[-3.271167,59.832033],[-3.294667,59.8337],[-3.300167,59.833867],[-3.3265,59.832867],[-3.3375,59.834367],[-3.351,59.839033],[-3.392833,59.841367],[-3.408333,59.842533],[-3.4325,59.844533],[-3.540167,59.8571],[-3.548167,59.858033],[-3.554167,59.8582],[-3.562683,59.8577],[-3.568017,59.856533],[-3.569183,59.856033],[-3.57135,59.8542],[-3.57185,59.854867],[-3.57485,59.852533],[-3.576017,59.851367],[-3.577833,59.848367],[-3.5785,59.846533],[-3.58,59.843367],[-3.5825,59.840033],[-3.590167,59.832533],[-3.5945,59.829533],[-3.5985,59.827367],[-3.603333,59.8252],[-3.606333,59.824367],[-3.614833,59.8227],[-3.619667,59.8222],[-3.637833,59.821533],[-3.91485,59.826033],[-4.185183,59.832017],[-4.402033,59.832683],[-4.858367,59.83285],[-4.998383,59.832683],[-5.005383,59.833183],[-5.165217,59.856017],[-5.598567,59.917167],[-5.605567,59.917667],[-5.6519,59.918833],[-5.727067,59.919167],[-5.8019,59.919333],[-5.868567,59.9175],[-5.999233,59.9185],[-6.068733,59.919333],[-6.301083,59.920667],[-6.313917,59.921],[-6.4725,59.922333],[-6.599717,59.925533],[-6.602317,59.928083],[-6.602633,59.92825],[-6.607017,59.925283],[-6.655817,59.927933],[-6.67065,59.929233],[-6.689683,59.927717],[-6.700083,59.931367],[-6.706417,59.924417],[-6.727583,59.922667],[-6.908583,59.923117],[-6.918433,59.92315],[-6.968433,59.92265],[-7.404433,59.920983],[-7.572617,59.920983],[-8.196283,59.918967],[-8.5073,59.917133],[-8.6058,59.916467],[-8.6128,59.9168],[-8.640133,59.920133],[-8.6468,59.921467],[-8.669633,59.928133],[-8.675133,59.9303],[-8.6957,59.942433],[-8.707683,59.948983],[-8.714017,59.952133],[-8.7206,59.955467],[-8.740133,59.96295],[-8.752233,59.966467],[-8.774433,59.971317],[-8.788883,59.973167],[-8.8044,59.974267],[-8.83575,59.976067],[-8.9451,59.97915],[-9.096667,59.981867],[-9.11075,59.981917],[-9.13625,59.981083],[-9.179933,59.982633],[-9.225667,59.982133],[-9.2349,59.98545],[-9.240867,59.98975],[-9.247167,59.995933],[-9.251733,59.9898],[-9.2553,59.985567],[-9.262133,59.98305],[-9.270217,59.9818],[-9.303633,59.982217],[-9.326,59.982183],[-9.364867,59.982983],[-9.396083,59.98075],[-9.424433,59.982117],[-9.4735,59.98435],[-9.591533,59.989183],[-9.709533,59.990417],[-9.843133,59.990417],[-9.904867,59.9927],[-9.91785,59.992317],[-9.935967,59.989467],[-9.943967,59.984733],[-9.95205,59.98885],[-9.96445,59.99145],[-9.975717,59.9924],[-10.029267,59.99525],[-10.2981,59.998283],[-10.501217,59.99725],[-10.732417,59.965767],[-10.767633,59.958417],[-10.890433,59.937267],[-10.920017,59.93685],[-10.929783,59.94505],[-10.927733,59.935317],[-11.1281,59.903417],[-11.198267,59.894733],[-11.2277,59.8932],[-11.501067,59.89225],[-12.122417,59.90085],[-12.317367,59.901133],[-12.351167,59.89865],[-12.439883,59.899917],[-12.48455,59.899233],[-12.521967,59.89845],[-12.531167,59.90195],[-12.533917,59.905617],[-12.534667,59.909583],[-12.5347,59.90915],[-12.535267,59.905633],[-12.5386,59.901883],[-12.548667,59.898517],[-12.652567,59.897833],[-12.841867,59.899367],[-13.0356,59.8972],[-13.187167,59.89775],[-13.37785,59.896767],[-13.513333,59.912817],[-13.6202,59.89675],[-13.631533,59.891883],[-13.696617,59.8582],[-13.747433,59.746833],[-13.7831,59.6666],[-13.801883,59.64965],[-13.837767,59.6161],[-13.924567,59.535483],[-14.00015,59.46325],[-14.215433,59.361333],[-14.331933,59.30615],[-14.4001,59.27335],[-14.599533,59.229617],[-14.665433,59.21495],[-15.108467,59.11385],[-15.49315,59.025733],[-15.597683,59.000033],[-15.599367,58.999733],[-15.707083,58.9423],[-15.845933,58.865583],[-16.133583,58.7063],[-16.500317,58.5],[-16.64755,58.323867],[-16.661533,58.307867],[-16.80615,58.133417],[-16.916017,58.001817],[-16.9177,57.9995],[-17.091217,57.921567],[-17.22545,57.860167],[-17.555267,57.70825],[-17.7569,57.614117],[-17.9998,57.49995],[-18.362633,57.284083],[-18.387383,57.26875],[-18.58495,57.149967],[-18.9231,56.935183],[-18.93745,56.926233],[-19.092067,56.826567],[-19.465733,56.5821],[-19.57305,56.515967],[-19.59615,56.497083],[-19.6676,56.45015],[-19.7559,56.387067],[-19.824817,56.345233],[-19.996933,56.229533],[-20.071233,56.179433]]}},{"type":"Feature","properties":{"osm_id":"way/78419333","name":"Concerto 1E","operator":"Interoute","source_date":"2026-09-05T15:20:55Z"},"geometry":{"type":"LineString","coordinates":[[4.521483,52.367583],[4.519983,52.36805],[4.477083,52.36825],[4.275833,52.3028],[4.237667,52.2899],[4.03535,52.2242],[3.85615,52.15755],[3.6120861,52.1574655],[3.373817,52.157383],[3.283633,52.049183],[3.253183,51.9849],[3.25315,51.982483],[3.260217,51.977333],[3.267017,51.970567],[3.26485,51.9459],[3.186933,51.825867],[3.0703,51.734167],[3.0337,51.611667],[3.0662,51.527517],[3.075033,51.5194],[3.107167,51.492717],[3.126767,51.480683],[3.133867,51.474767],[3.152233,51.4595],[3.16175,51.447933],[3.197267,51.4186],[3.219,51.411983],[3.225783,51.402267],[3.241933,51.386767],[3.249217,51.380167],[3.249767,51.379333],[3.23585,51.35965],[3.235567,51.358767],[3.236817,51.35435],[3.236917,51.352567],[3.236533,51.351683],[3.235867,51.3509],[3.234967,51.350183],[3.231617,51.348533]]}},{"type":"Feature","properties":{"osm_id":"way/78419334","name":"Circe North","operator":"Viatel","source_date":"2026-09-05T15:20:55Z"},"geometry":{"type":"LineString","coordinates":[[4.527367,52.377767],[4.519417,52.379933],[4.504417,52.380617],[4.496667,52.380433],[4.442483,52.38305],[4.4253,52.3842],[4.406417,52.381767],[4.224,52.359667],[4.18415,52.3526],[4.178367,52.354983],[4.175967,52.354467],[4.175017,52.354917],[4.162467,52.358083],[4.156733,52.359833],[4.1446,52.3629],[4.033533,52.393017],[3.859717,52.38815],[3.759133,52.386417],[3.579067,52.402217],[3.533367,52.406133],[3.4987,52.409283],[3.48275,52.412867],[3.391017,52.433633],[3.384667,52.435183],[3.3727,52.4377],[3.353783,52.441833],[3.3557,52.441617],[3.353167,52.4422],[3.241967,52.467283],[3.210733,52.471367],[3.20185,52.472333],[3.19605,52.473267],[3.177633,52.47335],[3.176317,52.473333],[3.166633,52.473383],[3.13105,52.468417],[2.880817,52.470683],[2.846967,52.474183],[2.82635,52.473983],[2.825467,52.473717],[2.82045,52.47315],[2.816117,52.47325],[2.8143,52.474217],[2.81385,52.474367],[2.810833,52.4727],[2.79325,52.471367],[2.789133,52.471567],[2.786117,52.471283],[2.785183,52.471917],[2.784833,52.472367],[2.783783,52.471483],[2.507433,52.472917],[2.273067,52.481317],[2.261783,52.48025],[2.25295,52.4793],[2.241583,52.478067],[2.2277,52.469733],[2.229217,52.470733],[2.20985,52.45885],[2.19495,52.434117],[2.191783,52.4302],[2.172283,52.42095],[2.1433,52.417583],[2.116367,52.418217],[2.01355,52.4132],[1.984233,52.40925],[1.963633,52.408633],[1.92415,52.412067],[1.878667,52.42225],[1.847867,52.422733],[1.820933,52.428633],[1.798567,52.428767],[1.788833,52.4315],[1.788183,52.430717],[1.779133,52.433917],[1.755233,52.445267],[1.73465,52.451667]]}},{"type":"Feature","properties":{"osm_id":"way/78419335","name":"Concerto 1N","operator":"Interoute","source_date":"2026-09-05T15:20:55Z"},"geometry":{"type":"LineString","coordinates":[[4.533817,52.385467],[4.429483,52.402567],[4.255867,52.380117],[4.245733,52.37995],[4.219983,52.375433],[4.171983,52.369217],[4.068583,52.4049],[3.894883,52.3967],[3.859717,52.395],[3.758617,52.393367],[3.701317,52.411317],[3.498633,52.4242],[3.448217,52.388167],[3.440217,52.3826],[3.191483,52.37025],[3.184333,52.368967],[3.176967,52.36865],[3.169567,52.369083],[3.0179219,52.3615736],[2.828,52.352167],[2.819667,52.3505],[2.775983,52.348183],[2.774417,52.3469],[2.773983,52.346983],[2.7719,52.34805],[2.76555,52.34755],[2.58695,52.337533],[2.485283,52.33245],[2.35145,52.298083],[2.343983,52.29525],[2.339667,52.29415],[2.331167,52.292883],[2.2535,52.272967],[2.251333,52.272283],[2.249917,52.270217],[2.249417,52.270017],[2.245117,52.270683],[2.2302,52.26675],[2.112767,52.236383],[2.104833,52.233533],[2.016967,52.22545],[1.94905,52.218667],[1.942467,52.218517],[1.926117,52.216767],[1.920917,52.215817],[1.69305,52.1926],[1.670483,52.196933],[1.670483,52.19635],[1.641717,52.2045],[1.6219376,52.2032418],[1.6218,52.203233]]}},{"type":"Feature","properties":{"osm_id":"way/78419336","name":"Atlantic Crossing 1 (AC1)Seg.B2","operator":"Global Crossing","source_date":"2026-09-05T15:20:55Z"},"geometry":{"type":"LineString","coordinates":[[4.606833,52.55755],[4.604367,52.557967],[4.602567,52.558617],[4.562517,52.5664],[4.5484,52.568617],[4.535667,52.56885],[4.503633,52.56925],[4.444583,52.568933],[4.436983,52.56795],[4.4316,52.566183],[4.426883,52.5647],[4.421733,52.563883],[4.406983,52.564],[4.40025,52.565167],[4.39745,52.565983],[4.316967,52.6251],[4.311633,52.6287],[4.30785,52.631717],[4.296417,52.63985],[4.294883,52.641183],[4.293883,52.642917],[4.29335,52.644783],[4.293333,52.647983],[4.293567,52.649617],[4.294767,52.651217],[4.296083,52.652517],[4.29835,52.654033],[4.299717,52.654633],[4.305767,52.656733],[4.3122,52.65895],[4.316867,52.660367],[4.321017,52.662883],[4.32215,52.665567],[4.324083,52.670917],[4.326417,52.676867],[4.33195,52.682217],[4.360333,52.6985],[4.3665,52.699667],[4.40865,52.726367],[4.411183,52.728433],[4.41305,52.730683],[4.414267,52.733233],[4.4319,52.81755],[4.42915,52.82955],[4.405483,52.881833],[4.384717,52.934083],[4.384017,52.938517],[4.385167,52.949167],[4.39355,52.96005],[4.394167,52.960867],[4.403967,52.973583],[4.46395,53.05185],[4.480067,53.070317],[4.5012,53.102017],[4.540933,53.154267],[4.565367,53.187117],[4.5761,53.196467],[4.600617,53.219283],[4.610683,53.231667],[4.64075,53.254933],[4.670917,53.288683],[4.71645,53.33255],[4.74075,53.355433],[4.755833,53.364167],[4.80185,53.381017],[4.879067,53.409783],[4.882117,53.411383],[4.884483,53.4134],[4.886133,53.416317],[4.887883,53.42155],[4.88945,53.426667],[4.891183,53.428967],[4.893483,53.430917],[4.896267,53.43245],[4.900067,53.433817],[4.9739,53.448533],[4.9911,53.451783],[4.993167,53.452783],[4.995067,53.454017],[4.995933,53.455467],[5.01435,53.50575],[5.01135,53.602833],[5.0079,53.6996],[5.009083,53.702333],[5.010383,53.704517],[5.012517,53.7064],[5.016117,53.708133],[5.03285,53.7154],[5.1421,53.761783],[5.271483,53.811867],[5.27305,53.813267],[5.2741,53.8147],[5.277367,53.8226],[5.277133,53.8308],[5.277433,53.83295],[5.277983,53.8354],[5.279017,53.837133],[5.28115,53.838917],[5.284633,53.840217],[5.288317,53.840883],[5.326283,53.84425],[5.337667,53.846583],[5.348633,53.85065],[5.523117,53.9417],[5.539833,53.9502],[5.592967,53.977217],[5.746783,54.055333],[5.75195,54.056917],[5.754933,54.057],[5.759483,54.056617],[5.762017,54.05625],[5.76645,54.05485],[5.7726,54.05265],[5.7803,54.050583],[5.786367,54.050783],[5.7905,54.051483],[5.803183,54.0574],[5.840817,54.074917],[5.848917,54.079583],[5.850683,54.081583],[5.852617,54.08575],[5.851217,54.136367],[5.85345,54.1627],[5.855717,54.166817],[5.859733,54.17065],[5.922117,54.203283],[5.9299,54.206533],[5.941983,54.210983],[5.94595,54.213117],[5.94815,54.214033],[6.1216816,54.2862455],[6.256233,54.34215],[6.273567,54.350983],[6.279317,54.353883],[6.282383,54.35485],[6.286533,54.355767],[6.290633,54.356433],[6.343783,54.358883],[6.36675,54.362933],[6.386567,54.3697],[6.393133,54.37185],[6.427017,54.3822],[6.53465,54.4168],[6.599667,54.437933],[6.848633,54.518383],[6.940817,54.54785],[6.9658,54.555917],[7.111217,54.599333],[7.198667,54.626633],[7.375867,54.679167],[7.592067,54.74275],[7.68045,54.768617],[7.7034,54.772417],[7.950617,54.779667],[7.9587,54.779833],[8.023617,54.781367],[8.07035,54.782667],[8.261183,54.8295],[8.270933,54.829783],[8.276517,54.830167]]}},{"type":"Feature","properties":{"osm_id":"way/78419337","name":"Concerto 1S","operator":"Interoute","source_date":"2026-09-05T15:20:55Z"},"geometry":{"type":"LineString","coordinates":[[1.621617,52.187583],[1.622417,52.188083],[1.622967,52.188083],[1.6253,52.186367],[1.6653,52.174217],[1.83205,52.191067],[1.83225,52.19065],[1.850817,52.179483],[1.872883,52.165833],[1.91145,52.158567],[1.998783,52.141783],[2.137133,52.044383],[2.21545,51.989233],[2.214083,51.981133],[2.21395,51.981],[2.210367,51.9557],[2.2312,51.927817],[2.338567,51.780817],[2.62705,51.665033],[2.631217,51.661],[2.63565,51.66135],[2.749017,51.61575],[2.844167,51.578333],[2.880583,51.5769],[2.899717,51.567883],[2.91645,51.55985],[2.946767,51.5473],[2.9578,51.541833],[2.96775,51.53715],[3.0715,51.4796],[3.08485,51.462567],[3.090333,51.4254],[3.086517,51.409017],[3.0847848,51.3994337],[3.08515,51.387],[3.09645,51.372817],[3.1053,51.36645],[3.118667,51.3559],[3.164617,51.32975],[3.172067,51.327933],[3.176033,51.328883],[3.1764,51.327983]]}},{"type":"Feature","properties":{"osm_id":"way/78419338","name":"CANTAT 3","operator":"BT","source_date":"2026-09-05T15:20:55Z"},"geometry":{"type":"LineString","coordinates":[[-7.1470817,62.28952],[-7.1464225,62.2909893],[-7.1380573,62.2977744],[-7.13375,62.350667],[-7.116933,62.40005],[-6.917067,62.500133],[-6.7507,62.767033],[-6.666667,62.916667],[-6.6169,63.0007],[-6.566667,63.1175],[-6.517467,63.183517],[-6.501633,63.184667],[-6.5169808,63.1894003]]}},{"type":"Feature","properties":{"osm_id":"way/78419339","name":"Tampnet","operator":"Tampnet","source_date":"2026-09-05T15:20:55Z"},"geometry":{"type":"LineString","coordinates":[[-1.3946,57.444183],[-1.29355,57.4795],[-1.208517,57.508517],[-1.206317,57.509083],[-1.205367,57.509517],[-1.190683,57.514067],[-1.17125,57.520517],[-1.16445,57.52305],[-1.151683,57.527267],[-1.146233,57.529317],[-1.139333,57.531417],[-1.129333,57.535],[-1.113833,57.5403],[-1.094,57.544283],[-0.848033,57.569167],[-0.6935,57.5845],[-0.606533,57.591467],[-0.5894,57.593517],[-0.56495,57.596133],[-0.54585,57.598383],[-0.365383,57.615083],[-0.307333,57.621617],[-0.30135,57.622483],[-0.29765,57.62285],[-0.289283,57.623067],[-0.2814,57.622783],[-0.273517,57.624167],[-0.247083,57.627633],[-0.197017,57.631333],[-0.172233,57.6344],[-0.102683,57.639367],[-0.06085,57.645633],[0.00215,57.650267],[0.026,57.65245],[0.065767,57.65645],[0.115117,57.66005],[0.137817,57.662117],[0.154917,57.664133],[0.177033,57.666483],[0.209333,57.670167],[0.251417,57.673567],[0.3356,57.68105],[0.35835,57.682583],[0.3696,57.6832],[0.392767,57.68635],[0.4146,57.690017],[0.42575,57.690917],[0.435517,57.692033],[0.450117,57.691417],[0.4789,57.694033],[0.505733,57.696267],[0.51105,57.696933],[0.535767,57.6991],[0.574283,57.703383],[0.578883,57.703667],[0.584083,57.70435],[0.682367,57.7129],[0.743783,57.717483],[0.7488,57.717467],[0.752983,57.71725],[0.755333,57.717567],[0.758467,57.718217],[0.767867,57.7194],[0.795933,57.721883],[0.8271,57.724217],[0.8425,57.7245],[0.846,57.7245],[0.849333,57.7245],[0.849167,57.727667],[0.8618,57.72785],[0.868,57.728383],[0.869117,57.7286],[0.87,57.728567],[0.877333,57.73],[0.885383,57.731917],[0.893167,57.732867],[0.9006,57.7343],[0.90445,57.7356],[0.9079,57.7376],[0.909567,57.739133],[0.911033,57.7419],[0.910117,57.752417],[0.910567,57.753983],[0.911417,57.754967],[0.912483,57.755683],[0.914183,57.756367],[0.9173,57.756883],[0.945433,57.75735],[0.953667,57.758083],[0.960067,57.7592],[1.014317,57.7711],[1.032933,57.775033],[1.050667,57.779133],[1.077983,57.784867],[1.090633,57.7878],[1.117783,57.79355],[1.1325,57.796867],[1.139783,57.79795],[1.150233,57.798417],[1.1531,57.798417],[1.2838759,57.7932395],[1.405667,57.788417],[1.481717,57.7854],[1.495567,57.784967],[1.549433,57.782467],[1.58835,57.780883],[1.5983,57.780017],[1.606717,57.778567],[1.68905,57.7597],[1.705833,57.755633],[1.735917,57.748817],[1.74735,57.746717],[1.749817,57.746433],[1.754017,57.74625],[1.757717,57.746517],[1.7606,57.748217],[1.760567,57.748583],[1.75825,57.7507],[1.75805,57.7527],[1.7589,57.753917],[1.759633,57.75445],[1.762033,57.755383],[1.7881,57.760133],[1.789767,57.76025],[1.79265,57.760017],[1.796833,57.759017],[1.798533,57.758433],[1.7982,57.76205],[1.816517,57.766683],[1.819067,57.76685],[1.821867,57.766433],[1.824633,57.765067],[1.825283,57.764517],[1.82595,57.763217],[1.825733,57.747733],[1.8255,57.74595],[1.825833,57.729567],[1.837633,57.712567],[1.86495,57.676617],[1.869567,57.67015],[1.8733,57.665933],[1.891233,57.651467],[1.9658,57.592433],[1.968733,57.589717],[2.02665,57.524583],[2.0575962,57.4885784],[2.1023871,57.4386581],[2.162733,57.37005],[2.16605,57.364383],[2.167517,57.359567],[2.177667,57.296833],[2.177733,57.293767],[2.17855,57.292733],[2.182733,57.291217],[2.3887,57.226617],[2.396233,57.2244],[2.42475,57.215367],[2.431067,57.213217],[2.459817,57.20435],[2.63805,57.14785],[2.753417,57.11115],[2.757,57.110567],[2.810033,57.11665],[2.814917,57.11695],[2.820667,57.1164],[2.8295,57.114667],[2.83525,57.113917]]}},{"type":"Feature","properties":{"osm_id":"way/78419340","name":"CANTAT 3 F4","operator":"BT","source_date":"2026-09-05T15:20:55Z"},"geometry":{"type":"LineString","coordinates":[[-0.6222947,54.7567504],[-0.49995,54.797967],[-0.358367,54.842367],[-0.0076,54.9512],[0.06995,54.975033],[0.083117,54.979383],[0.177117,55.00775],[0.2478,55.029433],[0.249167,55.03],[0.299317,55.04505],[0.496833,55.105117],[0.72055,55.176367],[0.734667,55.181183],[0.73675,55.18145],[0.7567,55.187867],[0.97005,55.255017],[0.971583,55.2553],[0.973933,55.256117],[1.000283,55.264083],[1.114183,55.301017],[1.1775,55.318267],[1.195217,55.327067],[1.458867,55.411333],[1.558217,55.44265],[1.684933,55.48245],[1.7824,55.512833],[1.999967,55.580883],[2.162783,55.625933],[2.163883,55.626383],[2.289417,55.660883],[2.385733,55.687067],[2.500033,55.71835],[2.70495,55.78625],[2.866217,55.838917],[2.876967,55.842167],[3.137233,55.925333],[3.144383,55.927467],[3.26615,55.96595],[3.2997,55.9771],[3.32395,55.978167],[3.332617,55.979233],[3.333483,55.979267],[3.364,55.980683],[3.3652,55.984983],[3.366617,55.985283],[3.367883,55.985017],[3.374783,55.985083],[3.386333,55.985167],[3.42975,55.987533],[3.46225,55.990783],[3.580467,55.99775],[3.61445,55.999967],[3.816933,56.0006],[3.83545,56.0006],[3.85155,56.0006],[3.9249,56.000667],[3.945833,56.00095],[3.95595,56.001017],[3.97265,56.000783],[4.032,56.000633],[4.108217,56.00075],[4.341233,56.000483],[4.378033,56.000317],[4.499983,56.0],[4.553317,56.013533],[4.886467,56.09795],[5.126917,56.157917],[5.21745,56.1805],[5.303083,56.2016],[5.32395,56.206783],[5.34745,56.2127],[5.349367,56.21305],[5.487833,56.246833],[5.4974,56.248267],[5.5009885,56.2486695]]}},{"type":"Feature","properties":{"osm_id":"way/78424023","name":"Celtic","operator":"BT","source_date":"2026-09-05T15:20:55Z"},"geometry":{"type":"LineString","coordinates":[[-6.594417,52.175683],[-6.61255,52.17365],[-6.629,52.1701],[-6.65575,52.1662],[-6.669283,52.15195],[-6.690817,52.13065],[-6.703383,52.121117],[-6.707283,52.103167],[-6.707983,52.101517],[-6.7113,52.095233],[-6.74005,52.0383],[-6.741783,52.034517],[-6.740667,52.022867],[-6.683133,51.946133],[-6.55405,51.7743],[-6.552683,51.772817],[-6.5176,51.725433],[-6.506467,51.590533],[-6.500933,51.524817],[-6.499083,51.3113],[-6.500817,51.282283],[-6.502117,51.254883],[-6.4903,51.210267],[-6.488083,51.200167],[-6.4867,51.192383],[-6.478533,51.1696],[-6.478367,51.1686],[-6.477217,51.165667],[-6.466233,51.129983],[-6.456917,51.101183],[-6.454583,51.0944],[-6.446933,51.069183],[-6.438867,51.040883],[-6.430117,51.0231],[-6.4225,50.998],[-6.422017,50.9964],[-6.417817,50.969533],[-6.404833,50.926167],[-6.392417,50.916567],[-6.387583,50.8894],[-6.337817,50.775283],[-6.3136,50.71885],[-6.310867,50.712167],[-6.29775,50.682317],[-6.27535,50.6301],[-6.264667,50.605117],[-6.239667,50.5311],[-6.229167,50.504617],[-6.209733,50.459467],[-6.1972,50.429567],[-6.1834,50.39745],[-6.128067,50.267067],[-6.122383,50.2531],[-6.116,50.2476],[-6.074817,50.236833],[-6.013567,50.213017],[-5.981333,50.19615],[-5.9596,50.19045],[-5.8868373,50.1625051],[-5.876717,50.158617],[-5.860767,50.149633],[-5.830683,50.139633],[-5.804867,50.1297],[-5.7983,50.128767],[-5.76525,50.114233],[-5.713367,50.095533],[-5.713367,50.093283],[-5.71315,50.091467],[-5.713367,50.090833],[-5.713783,50.090283],[-5.712067,50.090183],[-5.706633,50.087533],[-5.7057,50.087283],[-5.69855,50.080383],[-5.697017,50.0792],[-5.697417,50.0785]]}},{"type":"Feature","properties":{"osm_id":"way/78424029","name":"Atlantic Crossing 1 (AC1) Seg. C","operator":"Global Crossing","source_date":"2026-09-05T15:20:55Z"},"geometry":{"type":"LineString","coordinates":[[-20.5997152,46.9959971],[-20.501833,47.007667],[-20.1705,47.048333],[-19.809,47.091167],[-19.4941,47.127583],[-19.355,47.143667],[-19.0,47.183333],[-18.599,47.183833],[-18.541333,47.1835],[-18.5,47.183333],[-18.3425,47.221833],[-17.946833,47.3255],[-17.8005,47.335333],[-17.778833,47.338],[-17.4495,47.360167],[-17.416667,47.364],[-16.991333,47.441167],[-16.965333,47.456833],[-16.754,47.579333],[-16.566333,47.689667],[-16.527333,47.716],[-16.414983,47.76795],[-16.346,47.799833],[-16.1025,47.908333],[-16.083333,47.916833],[-15.668167,48.1075],[-15.364167,48.242667],[-14.974167,48.387167],[-14.87,48.423667],[-14.2945,48.6695],[-14.289167,48.674833],[-14.127333,48.743333],[-13.833333,48.866667],[-13.566667,48.888],[-13.318,48.907167],[-13.1855,48.917833],[-13.060167,48.926833],[-12.639167,48.957167],[-12.565667,48.956667],[-12.366833,48.976],[-12.231817,48.984983],[-12.148633,48.991333],[-12.108333,48.993],[-11.966833,49.009667],[-11.927833,49.013],[-11.866833,49.029333],[-11.670467,49.05305],[-11.5925,49.063],[-11.585333,49.063167],[-11.572333,49.066167],[-11.4635,49.084167],[-11.422167,49.093333],[-11.383333,49.0975],[-11.35,49.103],[-11.266,49.120333],[-11.224167,49.124167],[-11.114333,49.1415],[-11.021667,49.161667],[-10.769667,49.205833],[-10.755667,49.208333],[-10.682667,49.220167],[-10.6375,49.229167],[-10.383333,49.272833],[-10.366833,49.276],[-10.343833,49.2795],[-10.183333,49.306833],[-10.128333,49.3175],[-9.9815,49.343333],[-9.9685,49.345167],[-9.920167,49.352167],[-9.818883,49.367517],[-9.656167,49.392167],[-9.651,49.393333],[-9.636667,49.398333],[-9.6315,49.399667],[-9.617167,49.401667],[-9.602667,49.402333],[-9.597333,49.403],[-9.457833,49.426167],[-9.435167,49.431667],[-9.374,49.439833],[-9.233333,49.462],[-9.2,49.468833],[-9.15,49.477667],[-9.134833,49.479667],[-9.0645,49.489],[-9.0,49.5],[-8.816667,49.520167],[-8.766667,49.525],[-8.558167,49.546667],[-8.305167,49.5725],[-8.182,49.585],[-8.08,49.595833],[-8.0,49.604167],[-7.9555,49.6075],[-7.847333,49.618333],[-7.733333,49.63],[-7.709,49.630833],[-7.531667,49.647333],[-7.467,49.6555],[-7.4146,49.66075],[-7.1505,49.687167],[-7.1055,49.691333],[-7.016167,49.6985],[-6.992167,49.702],[-6.896833,49.710833],[-6.851667,49.715333],[-6.844167,49.7145],[-6.843333,49.714667],[-6.832667,49.718333],[-6.830167,49.718833],[-6.822667,49.719833],[-6.777667,49.724],[-6.7585,49.725667],[-6.595167,49.740167],[-6.483333,49.75],[-6.423167,49.750167],[-6.365,49.75],[-6.332,49.750333],[-6.327333,49.751667],[-6.204,49.823],[-6.109667,49.878],[-5.983333,49.951],[-5.958167,49.967],[-5.956167,49.968333],[-5.954333,49.969],[-5.953833,49.969333],[-5.952167,49.969833],[-5.9315,49.977333],[-5.927,49.9795],[-5.8965,49.9995],[-5.894667,50.000667],[-5.884667,50.0075],[-5.860167,50.021833],[-5.798833,50.057],[-5.777833,50.071167],[-5.7755,50.0725],[-5.766667,50.075833],[-5.733833,50.082167],[-5.718167,50.084333],[-5.712,50.085667],[-5.710333,50.0855],[-5.70455,50.085217],[-5.703567,50.085167],[-5.700167,50.085],[-5.692167,50.081333]]}},{"type":"Feature","properties":{"osm_id":"way/78424042","name":"Apollo South","operator":"Apollo","source_date":"2026-09-05T15:20:55Z"},"geometry":{"type":"LineString","coordinates":[[-3.547233,48.7463],[-3.551367,48.745483],[-3.582333,48.740917],[-3.622917,48.742917],[-3.633333,48.74625],[-3.666667,48.744533],[-3.676167,48.746683],[-3.687717,48.750083],[-3.689,48.751217],[-3.69065,48.754483],[-3.690367,48.756317],[-3.6906,48.7567],[-3.692117,48.757533],[-3.694283,48.759017],[-3.713333,48.783333],[-3.723733,48.816667],[-3.742,48.841267],[-3.74295,48.842217],[-3.7506,48.847567],[-3.75195,48.848117],[-3.765183,48.85165],[-3.783067,48.8526],[-3.801483,48.853483],[-3.833533,48.853967],[-3.861583,48.8537],[-3.870933,48.854417],[-3.879583,48.857533],[-3.887033,48.8632],[-3.887533,48.863667],[-3.908167,48.9],[-3.916633,48.910783],[-3.9348,48.941967],[-3.936217,48.9436],[-3.940433,48.9475],[-3.9473,48.95155],[-3.954033,48.953683],[-3.961383,48.954583],[-3.97075,48.9568],[-3.972717,48.95715],[-3.9901,48.958983],[-4.005633,48.958833],[-4.016867,48.961],[-4.026317,48.961067],[-4.1256,48.954983],[-4.2446,48.95645],[-4.683333,48.961667],[-4.737333,48.96595],[-4.745383,48.9653],[-4.76065,48.961533],[-4.77,48.960867],[-4.798033,48.961683],[-4.860383,48.96365],[-4.891133,48.96835],[-4.910317,48.975933],[-4.922733,48.985033],[-4.929767,48.9951],[-4.933183,49.0],[-4.944717,49.016533],[-4.98025,49.05],[-4.993017,49.05725],[-5.044133,49.0741],[-5.051783,49.07785],[-5.06155,49.08075],[-5.071283,49.0816],[-5.0845,49.08165],[-5.172917,49.0867],[-5.361817,49.083333],[-5.3931,49.083333],[-5.470833,49.083333],[-5.496667,49.079233],[-5.561167,49.079333],[-5.600883,49.08325],[-5.640867,49.085483],[-5.670383,49.083267],[-5.681567,49.0825],[-5.719467,49.085183],[-5.76655,49.0817],[-5.852617,49.085583],[-5.883317,49.084283],[-5.9131,49.08295],[-5.927267,49.0824],[-5.9297,49.0824],[-5.961083,49.084383],[-5.998617,49.081083],[-6.00505,49.080633],[-6.012533,49.0801],[-6.0352,49.080583],[-6.048033,49.080967],[-6.0647,49.080033],[-6.181333,49.079967],[-6.2994,49.0801],[-6.38765,49.08475],[-6.4074,49.08715],[-6.47895,49.087067],[-6.5374,49.087033],[-6.648617,49.082267],[-6.666717,49.082283],[-6.691533,49.079483],[-6.889083,49.066817],[-6.89185,49.06675],[-6.939567,49.067717],[-7.031833,49.061917],[-7.087083,49.058333],[-7.167483,49.053133],[-7.21145,49.039867],[-7.214233,49.038633],[-7.408983,48.917283],[-7.4469,48.896233],[-7.46,48.887667],[-7.481917,48.873267],[-7.522483,48.846433],[-7.55015,48.825183],[-7.552083,48.8239],[-7.586667,48.8052],[-7.6211,48.786567],[-7.648883,48.768983],[-7.742267,48.70585],[-7.761217,48.693983],[-7.796367,48.675583],[-7.79875,48.6739],[-7.815667,48.659917],[-7.8177,48.658517],[-7.8765,48.624933],[-7.88145,48.621767]]}},{"type":"Feature","properties":{"osm_id":"way/78424061","name":"Apollo North","operator":"Apollo","source_date":"2026-09-05T15:20:55Z"},"geometry":{"type":"LineString","coordinates":[[-4.55245,50.8355636],[-4.5593,50.83585],[-4.560217,50.836017],[-4.564567,50.836033],[-4.5697,50.835717],[-4.6576,50.836783],[-4.66035,50.8371],[-4.7962,50.862317],[-4.813233,50.865333],[-4.822033,50.867083],[-4.865967,50.876467],[-4.897283,50.882933],[-4.91025,50.8858],[-4.947483,50.892383],[-4.958383,50.893467],[-4.971817,50.896683],[-4.9839,50.898817],[-4.988717,50.899167],[-5.002483,50.8998],[-5.005917,50.900217],[-5.016333,50.902433],[-5.03905,50.908367],[-5.128983,50.923533],[-5.1833,50.93655],[-5.188267,50.937267],[-5.1952,50.938667],[-5.205517,50.94035],[-5.237067,50.942517],[-5.239467,50.9429],[-5.24155,50.943483],[-5.243483,50.944267],[-5.245267,50.945217],[-5.253333,50.9514],[-5.254367,50.952167],[-5.257867,50.953917],[-5.264083,50.955],[-5.291783,50.9568],[-5.297217,50.957383],[-5.352133,50.965967],[-5.37465,50.972017],[-5.379583,50.974017],[-5.404733,50.987533],[-5.4163,50.99405],[-5.419533,50.995433],[-5.423133,50.996417],[-5.427067,50.997233],[-5.43335,50.9983],[-5.436767,50.998517],[-5.733333,50.9986],[-5.800017,51.0018],[-6.031733,51.001867],[-6.168833,51.001767],[-6.169667,51.001933],[-6.287017,51.001883],[-6.294767,51.002033],[-6.301717,51.001867],[-6.335217,51.001867],[-6.41475,50.998167],[-6.416667,50.99795],[-6.422483,50.997983],[-6.530967,50.99795],[-6.58315,51.000967],[-6.614317,51.002783],[-6.737317,51.002667],[-6.98375,51.002517],[-6.989567,51.002683],[-6.993733,51.002217],[-6.9999,51.001117],[-7.0721,50.991517],[-7.083267,50.989983],[-7.159333,50.983933],[-7.166683,50.983483],[-7.171083,50.982883],[-7.174567,50.98215],[-7.250017,50.9711],[-7.322933,50.9519],[-7.361067,50.9393],[-7.393733,50.928583],[-7.39985,50.926367],[-7.404367,50.925433],[-7.411233,50.924367],[-7.449217,50.917067],[-7.450067,50.917017],[-7.5186,50.896667],[-7.5239,50.894967],[-7.531983,50.893183],[-7.58335,50.88095],[-7.68335,50.854683],[-7.766633,50.827233],[-7.911267,50.787667],[-7.9671,50.7724],[-7.97405,50.771083],[-8.05985,50.762833],[-8.0635,50.7627],[-8.0706,50.763033],[-8.0766,50.762717],[-8.086133,50.762583],[-8.091867,50.762133],[-8.117833,50.7579],[-8.122367,50.756667],[-8.167067,50.740367],[-8.37935,50.623033],[-8.4122,50.606967],[-8.558067,50.535217],[-8.573517,50.528683],[-8.578333,50.527083],[-8.59465,50.52335],[-8.598983,50.52265],[-8.609067,50.52225],[-8.61525,50.5224],[-8.620933,50.522967],[-8.6448,50.527],[-8.651167,50.529167],[-8.658617,50.531183],[-8.694167,50.542117],[-8.699883,50.544067],[-8.70675,50.5459],[-8.7665,50.558267],[-8.806333,50.5601],[-8.832533,50.559617],[-8.839433,50.55965],[-8.846817,50.559317],[-8.95585,50.5571],[-9.054017,50.555267],[-9.554017,50.545633],[-9.820983,50.540483],[-10.392967,50.529517],[-10.4198,50.53115],[-10.421083,50.531233],[-10.456433,50.530333],[-11.047133,50.519567],[-11.118783,50.521933],[-11.14645,50.522817],[-11.170167,50.5196],[-11.18425,50.519083],[-11.326683,50.51675],[-11.5013,50.535467],[-11.504867,50.5361],[-11.510767,50.53675],[-11.514233,50.536867],[-11.575117,50.531767],[-11.5913,50.5306],[-11.598733,50.529533],[-11.6857,50.515267],[-11.69275,50.514367],[-11.699567,50.513983],[-11.73885,50.512417],[-11.782583,50.5103],[-11.94155,50.5091],[-12.01315,50.508967],[-12.027317,50.508317],[-12.036133,50.5076],[-12.08385,50.502483],[-12.14745,50.496833],[-12.18295,50.493267],[-12.2673,50.483633],[-12.58965,50.446233],[-12.7361,50.4299],[-12.78955,50.42285],[-12.80725,50.42],[-12.826233,50.4162],[-12.877633,50.4044],[-13.346683,50.292817],[-13.382933,50.286183],[-13.4253,50.28055],[-13.525933,50.270383],[-13.548133,50.267533],[-13.566,50.264683],[-13.636917,50.251217],[-13.64875,50.248433],[-13.6597,50.244217],[-13.693183,50.224533],[-13.699283,50.220417],[-13.704633,50.215433],[-13.721967,50.192083],[-13.739417,50.168317],[-13.746817,50.162033],[-13.77505,50.147517],[-13.782683,50.144767],[-13.790967,50.142967],[-13.913133,50.125867],[-13.9534,50.1212],[-14.0014,50.117417],[-14.064417,50.113417],[-14.488467,50.08765],[-14.529833,50.085433],[-14.573517,50.084167],[-14.648067,50.082867],[-14.656967,50.083583],[-14.66415,50.0851],[-14.684817,50.091933],[-14.691767,50.0948],[-14.698983,50.099183],[-14.709667,50.109083],[-14.73235,50.129583],[-14.77195,50.1643],[-14.778033,50.168033],[-14.782917,50.170133],[-14.84265,50.18885],[-14.849933,50.190117],[-14.980533,50.194317],[-14.988217,50.1944],[-15.031883,50.194183],[-15.059417,50.193767],[-15.166917,50.191517],[-15.667567,50.18045],[-15.735767,50.178933],[-15.741567,50.178433],[-15.756067,50.168383],[-15.768717,50.164383],[-15.780617,50.163033],[-15.791333,50.163867],[-15.79915,50.166417],[-15.804333,50.169633],[-15.807033,50.175833],[-15.803083,50.19445],[-15.798767,50.207317],[-15.798483,50.213117],[-15.7988,50.21515],[-15.808867,50.19315],[-15.8176,50.179467],[-15.823767,50.17365],[-15.82835,50.171467],[-15.836233,50.169483],[-15.846217,50.169217],[-15.8588,50.170617],[-15.901617,50.180333],[-15.980817,50.1744],[-16.0945,50.171667],[-16.258667,50.168183],[-16.40785,50.164233],[-16.67145,50.1583],[-16.713433,50.15755],[-16.765983,50.1572],[-16.8527,50.157933],[-17.23945,50.1643],[-17.8053,50.17395],[-18.121167,50.179333],[-18.136633,50.17945],[-18.190467,50.178733],[-18.264883,50.175583],[-18.289317,50.174267],[-18.40535,50.167467],[-18.97005,50.13345],[-19.221483,50.118183],[-19.285783,50.112167],[-19.377433,50.0976],[-19.4053,50.09245],[-19.466617,50.078617],[-19.496417,50.0698],[-19.514333,50.063083],[-19.5174,50.061767],[-19.537567,50.051217],[-19.56065,50.03835],[-19.58195,50.028033],[-19.614167,50.01545],[-19.644867,50.005533],[-19.671133,49.997767],[-19.768383,49.969767],[-19.824433,49.954233],[-19.85795,49.943],[-19.879767,49.933233],[-19.9093,49.918483],[-19.91575,49.915533],[-19.939433,49.905933],[-20.0425,49.878933],[-20.068567,49.873033]]}},{"type":"Feature","properties":{"osm_id":"way/78424249","name":"BT-Mt 1","operator":"BT","source_date":"2026-09-05T15:20:55Z"},"geometry":{"type":"LineString","coordinates":[[-4.421567,54.175283],[-4.405933,54.1724],[-4.402883,54.172183],[-4.333183,54.160217],[-4.307233,54.1567],[-4.295217,54.1537],[-4.27415,54.150117],[-4.2572,54.148183],[-4.2282,54.142217],[-4.21705,54.140267],[-4.19865,54.139567],[-4.16945,54.133517],[-4.131933,54.12625],[-4.1214,54.124383],[-4.110367,54.119283],[-4.07905,54.1164],[-3.822383,54.072067],[-3.737433,54.056867],[-3.701433,54.0502],[-3.54755,54.123467],[-3.43915,54.17385],[-3.4196,54.185483],[-3.4103,54.192317],[-3.3495339,54.2174539]]}},{"type":"Feature","properties":{"osm_id":"way/78424250","name":"BT-Manx NI","operator":"BT","source_date":"2026-09-05T15:20:55Z"},"geometry":{"type":"LineString","coordinates":[[-5.554267,54.302283],[-5.54015,54.301817],[-5.53565,54.298833],[-5.522433,54.293017],[-5.514133,54.292083],[-5.507,54.289167],[-5.501333,54.283517],[-5.376,54.279083],[-5.364167,54.277217],[-5.330217,54.2756],[-5.305867,54.27835],[-5.290817,54.275933],[-5.092133,54.268417],[-4.973217,54.253933],[-4.966917,54.25395],[-4.9567,54.253967],[-4.94305,54.24965],[-4.929633,54.245467],[-4.89555,54.240717],[-4.8776,54.2432],[-4.8627,54.24125],[-4.767833,54.235183],[-4.757533,54.235183],[-4.749817,54.235833],[-4.742167,54.235183],[-4.718433,54.235167],[-4.698833,54.23675],[-4.697667,54.23625],[-4.695533,54.236033],[-4.692833,54.235167],[-4.6899,54.232283],[-4.6929,54.224683],[-4.6933,54.22405],[-4.6925,54.2241]]}},{"type":"Feature","properties":{"osm_id":"way/78425264","name":"DANICE Seg.1","operator":"Iceland Telecoms","source_date":"2026-09-05T15:20:55Z"},"geometry":{"type":"LineString","coordinates":[[-20.3458,63.610533],[-20.35425,63.601733],[-20.376967,63.595233],[-20.382267,63.59405],[-20.454167,63.574767],[-20.578817,63.54495],[-20.632917,63.539317],[-20.677467,63.536717],[-20.766483,63.5356],[-20.829617,63.537017],[-20.8616,63.533833],[-20.88845,63.527483],[-20.901033,63.522117],[-20.9127,63.5132],[-20.9172,63.505317],[-20.917017,63.4957],[-20.912783,63.48675],[-20.901517,63.475383],[-20.880733,63.457867],[-20.855167,63.445183],[-20.814317,63.426267],[-20.800383,63.41805],[-20.7362,63.358117],[-20.692067,63.299233],[-20.67655,63.280667],[-20.6753,63.276067],[-20.6723,63.2724],[-20.667067,63.268683],[-20.646817,63.260517],[-20.594817,63.234083],[-20.575517,63.22145],[-20.561517,63.215167],[-20.509167,63.190817],[-20.498067,63.182467],[-20.486383,63.166617],[-20.481033,63.148283],[-20.476683,63.120283],[-20.4777,63.099467],[-20.469583,63.076017],[-20.469933,63.064767],[-20.471783,63.046183],[-20.46735,63.02115],[-20.465717,63.01485],[-20.457517,62.9756],[-20.445783,62.949233],[-20.44775,62.928217],[-20.456133,62.891033],[-20.466183,62.867617],[-20.472117,62.84425],[-20.480783,62.7965],[-20.502167,62.7411],[-20.4992,62.7105],[-20.4797,62.6791],[-20.44435,62.651667],[-20.395217,62.6235],[-20.225967,62.472583],[-20.163433,62.416583],[-20.00265,62.30185],[-19.792583,62.150333],[-19.3621,62.025517],[-19.164233,61.998967],[-19.0319,61.981167],[-18.80845,61.9617],[-18.727217,61.961133],[-18.112183,61.955367],[-17.5952,61.969317],[-17.312633,61.989167],[-16.391283,62.049683],[-15.63065,62.094867],[-15.5727,62.09995],[-15.043967,62.1452],[-14.7132,62.148567],[-14.290417,62.195733],[-14.065583,62.22065],[-13.847383,62.2341],[-13.6203,62.254233],[-13.475583,62.2653],[-13.33205,62.2777],[-13.221433,62.2857],[-13.2097,62.28685],[-13.208,62.291933],[-13.209883,62.302883],[-13.1966,62.293633],[-13.189083,62.2916],[-13.1564,62.294733],[-13.125817,62.29465],[-12.9646,62.306317],[-12.815233,62.319233],[-12.6001,62.3364],[-12.541983,62.344933],[-12.366133,62.38205],[-12.21855,62.41525],[-12.137633,62.4319],[-11.599083,62.547367],[-11.536167,62.561683],[-11.419767,62.586717],[-11.368483,62.599067],[-11.299683,62.612117],[-11.259283,62.622283],[-11.209017,62.6307],[-11.0746,62.659367],[-11.015217,62.670567],[-10.967883,62.682567],[-10.917283,62.6935],[-10.8542,62.708217],[-10.777517,62.723317],[-10.727433,62.7338],[-10.70585,62.739633],[-10.68565,62.74405],[-10.656083,62.75085],[-10.622683,62.758017],[-10.59895,62.762083],[-10.579317,62.766],[-10.5414,62.776567],[-10.503467,62.7884],[-10.481133,62.7946],[-10.409,62.81265],[-10.390883,62.817933],[-10.366167,62.82575],[-10.342267,62.833017],[-10.286483,62.848533],[-10.2372,62.864467],[-10.217367,62.87],[-10.153967,62.8855],[-10.1355,62.890717],[-10.07765,62.9083],[-10.057,62.9143],[-9.996533,62.93415],[-9.946433,62.946183],[-9.905683,62.957583],[-9.832333,62.982283],[-9.8024,62.995683],[-9.788417,63.001],[-9.76475,63.010017],[-9.72805,63.031117],[-9.650783,63.064017],[-9.618867,63.079533],[-9.571717,63.099733],[-9.5166,63.131633],[-9.480367,63.155883],[-9.4503,63.170983],[-9.392433,63.204883],[-9.3752,63.218333],[-9.35545,63.23845],[-9.335333,63.262017],[-9.325317,63.272333],[-9.310867,63.28295],[-9.270167,63.301217],[-9.21975,63.315967],[-9.1519,63.326733],[-9.088633,63.329317],[-9.018,63.330533],[-8.974867,63.330467],[-8.927167,63.33115],[-8.89555,63.330517],[-8.868817,63.330683],[-8.820367,63.330167],[-8.775733,63.327783],[-8.74305,63.327567],[-8.696283,63.3289],[-8.657383,63.3256],[-8.592517,63.325767],[-8.54885,63.326667],[-8.5076,63.323983],[-8.468283,63.324017],[-8.432033,63.323183],[-8.393583,63.324667],[-8.355683,63.32345],[-8.327683,63.3253],[-8.3027,63.32595],[-8.276867,63.32485],[-8.2522,63.32315],[-8.180133,63.321367],[-8.14145,63.321933],[-8.078283,63.320867],[-7.985733,63.323033],[-7.788017,63.318717],[-7.709917,63.315483],[-7.607333,63.314033],[-7.5422,63.314967],[-7.4989,63.313733],[-7.43315,63.31235],[-7.385283,63.313783],[-7.305333,63.312783],[-7.248383,63.312633],[-7.154067,63.3109],[-7.108233,63.31055],[-7.087083,63.308817],[-6.984,63.2952],[-6.92585,63.290733],[-6.869067,63.29305],[-6.80155,63.294017],[-6.672467,63.292067],[-6.599417,63.293983],[-6.394517,63.291917],[-6.16645,63.303267],[-5.85145,63.3113],[-5.7588,63.301817],[-5.652917,63.299933],[-5.4634,63.3044],[-5.3097,63.29085],[-5.161767,63.2725],[-5.004517,63.273517],[-4.831133,63.283983],[-4.670317,63.303433],[-4.5,63.338333],[-4.23685,63.387733],[-4.081,63.3958],[-3.91685,63.380917],[-3.639733,63.340333],[-3.319417,63.328017],[-3.109783,63.313317],[-2.63095,63.278017],[-2.395817,63.26005],[-1.761,63.209517],[-1.685983,63.203733],[-1.190517,63.095567],[-0.447167,62.93225],[-0.320517,62.904167],[-0.26565,62.891783],[-0.201733,62.8778],[-0.153467,62.8694],[-0.10215,62.8572],[0.069383,62.81875],[0.13525,62.803483],[0.202383,62.789533],[0.392417,62.74725],[0.513783,62.72095],[0.5661,62.706883],[0.653583,62.681033],[0.71515,62.66155],[0.8591,62.617217],[0.9113,62.602],[0.933917,62.595233],[0.990867,62.576667],[1.120083,62.535083],[1.15575,62.522517],[1.202217,62.5067],[1.28675,62.4852],[1.32235,62.473067],[1.349517,62.462333],[1.3762,62.453017],[1.4486,62.4264],[1.6727,62.341633],[1.722517,62.3243],[1.75355,62.310217],[1.806683,62.28255],[1.833783,62.269383],[1.927783,62.217617],[1.995883,62.175167],[2.030317,62.155967],[2.066017,62.138733],[2.102217,62.120033],[2.149967,62.0932],[2.178033,62.076283],[2.20555,62.060733],[2.247083,62.03645],[2.266183,62.025833],[2.292833,62.015183],[2.314917,62.00595],[2.343817,61.989933],[2.3694,61.974667],[2.412117,61.950367],[2.457733,61.921217],[2.481217,61.908],[2.503317,61.897467],[2.532367,61.881617],[2.5645,61.862483],[2.58525,61.852167],[2.6109,61.837967],[2.65285,61.81875],[2.668117,61.808867],[2.681733,61.798983],[2.695283,61.786367],[2.712883,61.763633],[2.784033,61.680617],[2.813183,61.651133],[2.825817,61.63985],[2.83635,61.625117],[2.846067,61.613133],[2.8532,61.606267],[2.8647,61.591617],[2.917783,61.530533],[2.92775,61.522167],[2.936917,61.5117],[2.944033,61.500083],[2.958567,61.482433],[2.995617,61.412183],[3.010267,61.383367],[3.013333,61.3778],[3.021217,61.364417],[3.02905,61.3518],[3.029933,61.35015],[3.03825,61.329683],[3.074583,61.257833],[3.07875,61.250017],[3.088833,61.233317],[3.096467,61.216667],[3.1071,61.2022],[3.12835,61.1558],[3.1343,61.139183],[3.146033,61.116667],[3.1579,61.096333],[3.162683,61.084717],[3.177167,61.062983],[3.188083,61.04305],[3.189533,61.0212],[3.188367,61.015917],[3.18415,61.003717],[3.179717,60.990517],[3.182367,60.976233],[3.18535,60.969333],[3.2107,60.916667],[3.214333,60.9],[3.21865,60.885817],[3.2259,60.872317],[3.229167,60.866683],[3.2403,60.839],[3.247667,60.815167],[3.2557,60.798917],[3.255917,60.790117],[3.251767,60.779867],[3.25195,60.7727],[3.2558,60.7658],[3.26395,60.7578],[3.275867,60.75],[3.2817,60.74425],[3.2842,60.738383],[3.283533,60.72865],[3.283067,60.718767],[3.286817,60.700117],[3.290133,60.672617],[3.290183,60.66395],[3.289983,60.650217],[3.296967,60.633367],[3.299783,60.624583],[3.304833,60.6157],[3.310233,60.610033],[3.318183,60.605033],[3.328017,60.601],[3.349017,60.595967],[3.366033,60.59205],[3.37485,60.590267],[3.3802,60.588767],[3.38895,60.585033],[3.395667,60.58055],[3.4043,60.57105],[3.412817,60.55475],[3.418267,60.536683],[3.421667,60.5263],[3.418433,60.505983],[3.416833,60.498067],[3.413133,60.489683],[3.3949,60.46665],[3.389567,60.452517],[3.379483,60.43555],[3.365,60.4196],[3.3562,60.407917],[3.352133,60.39505],[3.346933,60.3844],[3.34685,60.377283],[3.346033,60.37255],[3.346083,60.368367],[3.3376,60.348033],[3.337767,60.334883],[3.334317,60.32285],[3.332783,60.3066],[3.33475,60.287833],[3.336867,60.28235],[3.338317,60.279833],[3.345367,60.2735],[3.35855,60.25475],[3.37325,60.24165],[3.397883,60.217633],[3.403283,60.212417],[3.411867,60.205717],[3.428467,60.184917],[3.43265,60.1801],[3.44255,60.171217],[3.468783,60.139333],[3.479617,60.128283],[3.4817,60.1259],[3.491833,60.106067],[3.49555,60.089883],[3.514333,60.038967],[3.51855,60.0313],[3.522533,60.019017],[3.522183,60.012767],[3.524367,60.002767],[3.549367,59.950767],[3.558467,59.935483],[3.567617,59.9197],[3.582967,59.9068],[3.5944,59.89965],[3.62385,59.886],[3.634167,59.8815],[3.635967,59.880483],[3.650667,59.8704],[3.659583,59.863317],[3.664717,59.856567],[3.671233,59.836333],[3.676067,59.82555],[3.680133,59.805117],[3.680017,59.79075],[3.687783,59.765617],[3.7008,59.700083],[3.706333,59.69175],[3.70885,59.6887],[3.716333,59.680567],[3.731367,59.67105],[3.760117,59.6568],[3.7734,59.649983],[3.782833,59.6441],[3.791467,59.6391],[3.823533,59.62255],[3.8356,59.6161],[3.844483,59.610483],[3.86325,59.599533],[3.87825,59.5843],[3.883483,59.578417],[3.885667,59.573533],[3.88885,59.568533],[3.910967,59.517417],[3.912167,59.512083],[3.916233,59.503117],[3.91885,59.497883],[3.9212,59.492417],[3.929033,59.457183],[3.9371,59.4356],[3.946617,59.416583],[3.954,59.403967],[3.974983,59.3458],[3.987267,59.318233],[3.99805,59.29455],[4.000733,59.289233],[4.00265,59.284],[4.011817,59.263033],[4.019667,59.2504],[4.022467,59.2453],[4.025667,59.238467],[4.0275,59.232917],[4.053233,59.1735],[4.0563,59.156417],[4.100083,59.056933],[4.11145,59.044733],[4.146967,59.002483],[4.151283,58.997217],[4.156883,58.982433],[4.170017,58.966583],[4.181917,58.955383],[4.197667,58.937433],[4.206917,58.931467],[4.212433,58.927617],[4.236233,58.899467],[4.246467,58.887533],[4.27945,58.86385],[4.29355,58.847767],[4.301183,58.834983],[4.333733,58.793967],[4.347583,58.776783],[4.355683,58.768467],[4.365133,58.761333],[4.4339,58.683367],[4.441317,58.670583],[4.4969,58.607467],[4.5183,58.586017],[4.570217,58.527167],[4.594167,58.499567],[4.6095,58.4866],[4.626117,58.463833],[4.638667,58.423683],[4.654583,58.397533],[4.66405,58.376617],[4.701217,58.276767],[4.71985,58.253183],[4.765483,58.2153],[4.80095,58.17965],[4.81565,58.147983],[4.821883,58.12275],[4.824533,58.111017],[4.81565,58.013933],[4.833383,57.958533],[4.845033,57.944817],[4.863733,57.932017],[4.911817,57.889533],[4.963967,57.8432],[5.011283,57.761],[5.137133,57.540817],[5.149283,57.514717],[5.152533,57.497233],[5.152167,57.4735],[5.154283,57.464],[5.159967,57.456117],[5.17005,57.4467],[5.17465,57.438533],[5.175467,57.428167],[5.19665,57.33465],[5.197533,57.234133],[5.205683,57.20125],[5.20545,57.191433],[5.2069,57.180433],[5.214067,57.165033],[5.261533,57.10055],[5.322317,57.047667],[5.37935,57.0012],[5.386867,56.99505],[5.4173,56.97035],[5.440283,56.9547],[5.47835,56.909483],[5.53295,56.8481],[5.55605,56.831467],[5.609067,56.773217],[5.640633,56.736517],[5.649783,56.716283],[5.652183,56.702817],[5.648067,56.6725],[5.649633,56.6601],[5.6553,56.644867],[5.896367,56.329483],[5.92835,56.297067],[5.961117,56.277433],[5.965783,56.274783],[5.989017,56.265667],[6.0148,56.258417],[6.038467,56.2544],[6.070767,56.25165],[6.16815,56.2504],[6.281217,56.253367],[6.396433,56.25935],[6.446367,56.255383],[6.489533,56.245467],[6.558967,56.225317],[6.606533,56.2098]]}},{"type":"Feature","properties":{"osm_id":"way/78425265","name":"Farice","operator":"Farice Ltd.","source_date":"2026-09-05T15:20:55Z"},"geometry":{"type":"LineString","coordinates":[[-6.933033,62.235383],[-6.940933,62.240317],[-6.94965,62.248633],[-6.955617,62.2578],[-6.955983,62.2625],[-6.947767,62.273333],[-6.948317,62.281817],[-6.943367,62.287167],[-6.878567,62.29985],[-6.875517,62.301483],[-6.87265,62.310417],[-6.873367,62.312333],[-6.87615,62.3142],[-6.8793,62.31575],[-6.883183,62.333333],[-6.8982,62.36395],[-6.89975,62.3667],[-6.9205,62.409333],[-6.953033,62.47555],[-6.952633,62.478183],[-6.952,62.48485],[-6.959733,62.50065],[-6.975117,62.50835],[-6.979583,62.516967],[-6.972417,62.526933],[-6.986717,62.554867],[-6.99745,62.561183],[-7.008783,62.583183],[-7.017417,62.601317],[-7.020167,62.611633],[-7.02055,62.6194],[-7.032367,62.63485],[-7.076283,62.722267],[-7.076517,62.7314],[-7.090333,62.757583],[-7.097933,62.7661],[-7.099533,62.7684],[-7.201,62.96845],[-7.266517,63.09695],[-7.266967,63.098117],[-7.26695,63.098483],[-7.2421,63.1183],[-7.18985,63.16665],[-7.173517,63.183],[-7.155133,63.19895],[-7.1242,63.2248],[-7.114983,63.233367],[-7.1056,63.242333],[-7.09305,63.25515],[-7.04435,63.2943],[-7.028467,63.310817],[-6.840117,63.479217],[-6.820617,63.494917],[-6.804567,63.511383],[-6.7953,63.519367],[-6.7829,63.528483],[-6.7538,63.554767],[-6.559583,63.724183],[-6.522767,63.755683],[-6.4958,63.77945],[-6.45345,63.816217]]}},{"type":"Feature","properties":{"osm_id":"way/78425266","name":"Farice","operator":"Farice Ltd.","source_date":"2026-09-05T15:20:55Z"},"geometry":{"type":"LineString","coordinates":[[-3.373167,58.594133],[-3.378467,58.61],[-3.4122,58.625583],[-3.424517,58.631883],[-3.432517,58.635567],[-3.4593,58.641333],[-3.5,58.641333],[-3.545783,58.65805],[-3.559133,58.66375],[-3.59305,58.684783],[-3.601217,58.691167],[-3.674017,58.76255],[-3.6852,58.769633],[-3.709517,58.793417],[-3.734967,58.8067],[-3.743567,58.824683],[-3.774333,58.840367],[-3.8005,58.880183],[-3.865833,58.943517],[-3.866017,58.970417],[-3.871183,58.98815],[-3.879733,59.032833],[-3.88405,59.041633],[-3.882283,59.050733],[-3.883033,59.0552],[-3.890083,59.059367],[-3.909017,59.157617],[-3.904567,59.171367],[-3.905333,59.17585],[-3.915883,59.193333],[-3.923483,59.23165],[-3.920233,59.24705],[-3.908867,59.273333],[-3.894383,59.290083],[-3.890583,59.298833],[-3.890317,59.300983],[-3.890233,59.308],[-3.7864,59.544517],[-3.774367,59.56155],[-3.762517,59.587817],[-3.7555,59.605333],[-3.73635,59.649233],[-3.732417,59.658167],[-3.72505,59.675333],[-3.555733,59.841883],[-3.5399,59.857367],[-3.450233,59.9447],[-3.402367,59.991033],[-3.380083,60.039233],[-3.358133,60.086883],[-3.356,60.10505],[-3.337883,60.144467],[-3.322983,60.1565],[-3.312383,60.173733],[-3.3,60.199917],[-3.294383,60.236133],[-3.270033,60.288133],[-3.2685,60.333],[-3.264183,60.350917],[-3.261583,60.4],[-3.261383,60.401517],[-3.257083,60.411667],[-3.2564,60.413867],[-3.260783,60.417633],[-3.260783,60.417817],[-3.264867,60.421817],[-3.25965,60.440633],[-3.260333,60.44885],[-3.26285,60.462967],[-3.2619,60.471967],[-3.258133,60.485517],[-3.25115,60.638033],[-3.252017,60.656017],[-3.2499,60.66495],[-3.249167,60.6829],[-3.25005,60.700867],[-3.245533,60.718767],[-3.246583,60.73675],[-3.244033,60.789233],[-3.244617,60.798267],[-3.2445,60.807183],[-3.24295,60.816167],[-3.240217,60.843067],[-3.24065,60.869967],[-3.239917,60.88795],[-3.241583,60.89695],[-3.239033,60.9059],[-3.237967,60.9328],[-3.239733,60.950783],[-3.23645,60.9696],[-3.23305,61.0333],[-3.221067,61.051983],[-3.21445,61.0616],[-3.2057,61.075367],[-3.199,61.084167],[-3.1725,61.124867],[-3.134417,61.181433],[-3.12405,61.198683],[-3.11145,61.21555],[-3.0904,61.24615],[-3.070317,61.276367],[-3.047667,61.309383],[-3.034833,61.326267],[-3.02435,61.3435],[-2.993717,61.38845],[-2.960817,61.437383],[-2.950833,61.45465],[-2.937517,61.471517],[-2.91395,61.505617],[-2.903533,61.522833],[-2.890517,61.5397],[-2.882783,61.550317],[-2.8656,61.575683],[-2.8402,61.6123],[-2.824317,61.635517],[-2.79025,61.6846],[-2.776667,61.701367],[-2.766533,61.71865],[-2.7611,61.726217],[-2.681433,61.8405],[-2.677067,61.846417],[-2.666867,61.86375],[-2.636783,61.906433],[-2.623117,61.923117],[-2.611,61.940083],[-2.597167,61.956883],[-2.58685,61.974133],[-2.53895,62.041433],[-2.496533,62.101467],[-2.4898,62.110283],[-2.480467,62.1277],[-2.465483,62.1443],[-2.377183,62.2663],[-2.252983,62.43675],[-2.1149,62.503483],[-2.092533,62.514417],[-2.115667,62.58235],[-2.119883,62.6005],[-2.127667,62.606667],[-2.14655,62.62455],[-2.165067,62.64035],[-2.202233,62.6819],[-2.245667,62.722833],[-2.323783,62.7496],[-2.354483,62.760717],[-2.40465,62.774883],[-2.421133,62.779783],[-2.436583,62.7853],[-2.578517,62.833333],[-2.609,62.8446],[-2.62485,62.8499],[-2.676917,62.863067],[-2.724583,62.878767],[-2.769633,62.896267],[-2.8976,62.938083],[-2.93175,62.947183],[-2.979817,62.962867],[-3.011,62.973783],[-3.075683,62.990783],[-3.378467,63.088367],[-3.476283,63.1206],[-3.47875,63.120617],[-3.5541,63.1501],[-3.6085,63.167383],[-3.89405,63.2574],[-4.06165,63.287917],[-4.152033,63.307883],[-4.318867,63.358517],[-4.5704,63.412683],[-6.259417,63.773333],[-6.372983,63.797467],[-6.45345,63.816217],[-6.453817,63.817283],[-6.597433,63.858083],[-7.470017,64.101917],[-7.551333,64.129633],[-7.812533,64.201133],[-7.905333,64.221067],[-8.3947,64.352133],[-8.484533,64.355783],[-8.489767,64.355183],[-8.599617,64.3815],[-8.623617,64.38625],[-8.6408,64.39135],[-8.676133,64.4008],[-8.732117,64.412633],[-8.749817,64.41735],[-8.768017,64.42165],[-8.80735,64.427967],[-8.898467,64.4495],[-8.950217,64.464767],[-8.966183,64.468583],[-8.9903,64.4812],[-9.036383,64.48695],[-9.071,64.500767],[-9.072883,64.50215],[-9.108417,64.5064],[-9.128317,64.517983],[-9.153117,64.529417],[-9.202517,64.5405],[-9.221417,64.54425],[-9.25525,64.554717],[-9.299883,64.57255],[-9.3007,64.57365],[-9.34,64.580917],[-9.385933,64.59495],[-9.485867,64.612017],[-9.50615,64.6133],[-9.5282,64.6186],[-9.5475,64.62205],[-9.56605,64.626283],[-9.700133,64.649933],[-10.036667,64.686117],[-10.03715,64.686617],[-10.1882,64.7277],[-10.223417,64.7375],[-10.227517,64.739817],[-10.230267,64.742133],[-10.231467,64.7514],[-10.209433,64.769517],[-10.1945,64.776067],[-10.155767,64.808017],[-10.147767,64.816283],[-10.112517,64.844217],[-10.0883,64.858817],[-10.074683,64.865583],[-10.062167,64.87275],[-10.052217,64.880633],[-10.038,64.8908],[-10.036567,64.8927],[-10.034933,64.8971],[-10.040817,64.9775],[-10.037317,64.98635],[-10.038717,65.012133],[-10.04145,65.049117],[-10.043333,65.058033],[-10.04335,65.060867],[-10.042583,65.062367],[-10.037733,65.06725],[-10.03915,65.076967],[-10.0486,65.085067],[-10.0504,65.111967],[-10.059333,65.122683],[-10.32275,65.15265],[-10.344317,65.1537],[-10.695,65.192767],[-10.714583,65.196783],[-11.2132,65.2513],[-11.294283,65.275867],[-11.31315,65.281467],[-11.332667,65.285167],[-11.340933,65.287467],[-11.365967,65.29535],[-11.415517,65.310283],[-11.4221,65.31065],[-11.660683,65.289867],[-12.20485,65.3348],[-12.55545,65.362417],[-12.61115,65.359717],[-12.631983,65.356867],[-12.668233,65.35515],[-12.675133,65.358383],[-12.693517,65.361617],[-12.7037,65.361117],[-12.729617,65.354117],[-12.784333,65.348683],[-12.81075,65.342983],[-12.836,65.33905],[-12.877217,65.33965],[-12.888017,65.33915],[-12.896817,65.337183],[-12.908067,65.337033],[-12.93215,65.334933],[-12.942183,65.333117],[-12.953183,65.332033],[-12.972683,65.328333],[-13.004267,65.325433],[-13.15455,65.326817],[-13.203467,65.324983],[-13.241117,65.324533],[-13.246633,65.324783],[-13.287817,65.330867],[-13.35385,65.3289],[-13.378583,65.329],[-13.389217,65.32755],[-13.4182,65.329117],[-13.46105,65.32615],[-13.578833,65.325183],[-13.6194,65.3191],[-13.641,65.317733],[-13.701417,65.30845],[-13.72025,65.3047],[-13.753367,65.298767],[-13.782283,65.298917],[-13.80365,65.300367],[-13.863983,65.300617],[-13.93015,65.285667],[-13.966733,65.280817],[-13.968467,65.28015],[-13.971617,65.279767],[-13.97705,65.280533],[-13.977317,65.2832]]}},{"type":"Feature","properties":{"osm_id":"way/78425267","name":"Denmark-Germany 1","operator":"Deutsche Telekom AG","source_date":"2026-09-05T15:20:55Z"},"geometry":{"type":"LineString","coordinates":[[8.399967,55.393483],[8.3449666,55.3566835],[8.3007853,55.3278134],[8.2590737,55.3006408],[8.2313575,55.2823591],[8.2033668,55.2640689],[8.1737297,55.2448317],[8.1383297,55.2224548],[8.0977,55.1953],[8.097867,55.1863],[8.0912,55.112467],[8.060867,55.033467],[8.061067,55.029767],[8.061367,55.027467],[8.05605,55.0208],[8.026883,54.945867],[8.026733,54.939167],[8.026867,54.937633],[8.026383,54.9328],[7.960683,54.779883],[7.897917,54.63295],[7.906417,54.609783],[7.92675,54.54595],[8.034967,54.445383],[8.11965,54.349317],[8.15505,54.332783],[8.17855,54.270917],[8.1449,54.246617],[8.1464,54.238283],[8.056917,54.19095],[8.011917,54.181283],[7.9361,54.184617],[7.9207532,54.1869214],[7.917233,54.18745],[7.925717,54.190867],[7.9319,54.19255],[7.931817,54.1942],[7.935633,54.196683],[7.935933,54.2008],[7.936617,54.201767],[7.933333,54.20875],[7.8826,54.238617],[7.871767,54.2448],[7.810767,54.245117],[7.79485,54.244533],[7.611333,54.236083],[7.399467,54.23345],[7.356783,54.232683],[7.354233,54.231683],[7.351567,54.226583],[7.346483,54.193267],[7.337583,54.125467],[7.3393,54.12015],[7.311283,53.93935],[7.2825,53.9121],[7.278233,53.812767],[7.2757815,53.7703266]]}},{"type":"Feature","properties":{"osm_id":"way/78425268","name":"DANICE Seg.2","operator":"Iceland Telecoms","source_date":"2026-09-05T15:20:55Z"},"geometry":{"type":"LineString","coordinates":[[6.606533,56.2098],[6.612133,56.208367],[6.61355,56.20845],[6.682167,56.195517],[6.7666,56.176867],[6.835067,56.158967],[6.94635,56.1365],[6.966617,56.132717],[7.11425,56.100267],[7.27695,56.064117],[7.39495,56.033617],[7.463867,56.010317],[7.478517,56.0036],[7.478933,56.0033],[7.500583,55.98955],[7.539,55.96515],[7.547617,55.958717],[7.683233,55.899717],[7.697633,55.89185],[7.70845,55.882517],[7.71015,55.88035],[7.711433,55.877833],[7.713767,55.874333],[7.714883,55.872233],[7.7232,55.84455],[7.724183,55.834783],[7.727017,55.829617],[7.73175,55.825317],[7.738667,55.821517],[7.749417,55.817967],[7.762517,55.815733],[7.842817,55.807333],[7.951067,55.794883],[8.103517,55.778433],[8.123367,55.774833],[8.181817,55.768067]]}},{"type":"Feature","properties":{"osm_id":"way/78426115","name":"Hermes South","operator":"Global Telesystems","source_date":"2026-09-05T15:20:55Z"},"geometry":{"type":"LineString","coordinates":[[2.884917,51.217517],[2.866667,51.2342],[2.8504,51.25005],[2.834033,51.2508],[2.833483,51.251633],[2.767367,51.333517],[2.734567,51.334583],[2.55105,51.350283],[2.55035,51.351483],[2.5342,51.38425],[2.566683,51.417133],[2.567,51.417483],[2.5682,51.433867],[2.5682,51.4347],[2.566783,51.451633],[2.551267,51.46715],[2.534867,51.48425],[2.48365,51.4837],[2.467883,51.4836],[2.466983,51.483667],[2.351633,51.467867],[2.318183,51.467617],[2.283717,51.467067],[2.250633,51.467017],[2.234933,51.466867],[2.050017,51.450133],[1.884817,51.48425],[1.88335,51.484567],[1.868267,51.4846],[1.784833,51.51705],[1.65065,51.484567],[1.5846,51.451517],[1.584,51.451267],[1.518083,51.400417],[1.4449919,51.3786584]]}},{"type":"Feature","properties":{"osm_id":"way/78426121","name":"Hermes North","operator":"Global Telesystems","source_date":"2026-09-05T15:20:55Z"},"geometry":{"type":"LineString","coordinates":[[1.600433,52.150933],[1.634717,52.150417],[1.700733,52.151383],[1.98365,52.200517],[2.216817,52.234383],[2.38345,52.251633],[2.433433,52.2676],[2.501533,52.28375],[2.7064269,52.2924697],[2.900633,52.300733],[3.0013,52.301117],[3.1506,52.316917],[3.250033,52.317233],[3.450483,52.3171],[3.5172,52.316917],[3.584167,52.317083],[3.60075,52.3173],[3.617883,52.3336],[3.63345,52.333683],[3.65035,52.3334],[3.668233,52.318133],[3.684683,52.318083],[3.701117,52.317867],[3.8004,52.317017],[3.86685,52.316833],[3.934017,52.301517],[4.0514,52.317],[4.068233,52.317017],[4.13355,52.317233],[4.13385,52.31735],[4.13485,52.3174],[4.417117,52.36775],[4.517833,52.367733]]}},{"type":"Feature","properties":{"osm_id":"way/78427863","name":"ESAT 1","operator":"ESAT","source_date":"2026-09-05T15:20:55Z"},"geometry":{"type":"LineString","coordinates":[[-6.5929,52.1763],[-6.61565,52.173783],[-6.616617,52.170217],[-6.652583,52.154467],[-6.673133,52.123667],[-6.683283,52.104617],[-6.691217,52.096517],[-6.691533,52.095067],[-6.6939,52.091783],[-6.693467,52.08955],[-6.693783,52.08955],[-6.695683,52.089667],[-6.703983,52.07735],[-6.69715,52.060533],[-6.666667,52.0],[-6.591433,51.906033],[-6.533333,51.833333],[-6.433333,51.666667],[-6.376467,51.396283],[-6.3615,51.324733],[-6.357683,51.312167],[-6.352117,51.296],[-6.3531,51.2843],[-6.298667,51.021283],[-6.294683,51.0019],[-6.2876,50.967383],[-6.259567,50.830433],[-6.257867,50.80005],[-6.213017,50.70535],[-6.211667,50.701867],[-6.209633,50.69755],[-6.208967,50.69675],[-6.137333,50.544667],[-6.104283,50.47415],[-6.100317,50.47135],[-6.102083,50.469433],[-6.102117,50.4687],[-6.101517,50.468233],[-6.051583,50.36085],[-6.054117,50.359317],[-6.05435,50.35925],[-6.05075,50.355867],[-6.048233,50.354217],[-6.0389,50.33395],[-6.023783,50.30435],[-6.0236,50.3017],[-6.015433,50.2787],[-6.01155,50.2763],[-6.013533,50.273933],[-6.0138,50.273817],[-6.010817,50.273033],[-6.007967,50.267733],[-6.00785,50.263483],[-6.003517,50.2589],[-5.983983,50.215533],[-5.974083,50.204333],[-5.967767,50.186733],[-5.894483,50.141683],[-5.818167,50.117317],[-5.7654,50.0931],[-5.731583,50.092583],[-5.71095,50.088667],[-5.7097,50.0889],[-5.702933,50.089283],[-5.6932,50.081967],[-5.693967,50.081117],[-5.6943,50.0801]]}},{"type":"Feature","properties":{"osm_id":"way/78427918","name":"Flag Atlantic North","operator":"Flag Ltd.","source_date":"2026-09-05T15:20:55Z"},"geometry":{"type":"LineString","coordinates":[[-5.69325,50.0804],[-5.7046,50.085233],[-5.713933,50.088517],[-5.72995,50.091233],[-5.74245,50.0919],[-5.7484,50.091917],[-5.78095,50.083583],[-5.790817,50.085383],[-5.79545,50.09655],[-5.808333,50.101583],[-5.818767,50.101333],[-5.8228,50.101533],[-5.8362,50.112],[-5.8376,50.11355],[-5.839567,50.114883],[-5.8451,50.117667],[-5.856317,50.120733],[-5.8801,50.1312],[-5.9112,50.140333],[-5.937083,50.15595],[-5.957383,50.16485],[-5.966783,50.1712],[-5.97525,50.177283],[-5.990567,50.185667],[-6.033333,50.183417],[-6.060133,50.18335],[-6.10385,50.181467],[-6.125817,50.183217],[-6.138983,50.183383],[-6.1406,50.18385],[-6.143133,50.18545],[-6.145983,50.1838],[-6.147517,50.183533],[-6.212,50.183433],[-6.260217,50.187783],[-6.2696,50.1904],[-6.300083,50.183367],[-6.46665,50.183317],[-6.516667,50.181933],[-6.549983,50.183317],[-6.627133,50.183383],[-6.635683,50.181433],[-6.6468,50.18425],[-6.655017,50.186633],[-6.654983,50.186483],[-6.677683,50.186383],[-6.69915,50.18275],[-6.714083,50.183333],[-6.80005,50.183417],[-6.85,50.185817],[-6.8669,50.18385],[-6.887933,50.181933],[-6.888167,50.181783],[-6.889883,50.18175],[-6.90945,50.18675],[-6.910033,50.187033],[-6.936067,50.186833],[-6.9834,50.18335],[-7.00005,50.18335],[-7.02485,50.178933],[-7.057367,50.175617],[-7.09115,50.166583],[-7.159533,50.1542],[-7.236767,50.140017],[-7.249117,50.137583],[-7.284,50.131333],[-7.3834,50.11305],[-7.408367,50.111917],[-7.4308,50.105967],[-7.466633,50.0991],[-7.475283,50.0973],[-7.489767,50.093883],[-7.629967,50.068017],[-7.6641,50.063917],[-7.699967,50.055117],[-7.88705,50.02075],[-7.896817,50.015633],[-7.90025,50.015067],[-7.931517,50.016933],[-7.933983,50.016517],[-7.940517,50.0107],[-7.947133,50.009733],[-7.953783,50.008383],[-7.955417,50.0082],[-7.999767,50.000033],[-8.266667,49.9557],[-8.280033,49.9514],[-8.295683,49.948233],[-8.333333,49.944633],[-8.504517,49.916217],[-8.546067,49.909433],[-8.557333,49.90805],[-8.566617,49.9056],[-8.62575,49.896017],[-9.3875,49.769],[-9.4,49.767667],[-9.466667,49.756667],[-9.475667,49.754417],[-9.527717,49.74585],[-9.541167,49.745117],[-9.583267,49.737417],[-9.593267,49.735083],[-9.626667,49.729033],[-9.660317,49.7235],[-9.671417,49.72215],[-9.67415,49.722183],[-9.676767,49.722617],[-9.678667,49.7205],[-9.760133,49.70675],[-9.766667,49.705667],[-9.779017,49.7021],[-9.791833,49.702967],[-9.800233,49.70075],[-9.913217,49.681167],[-10.000033,49.666717],[-10.75325,49.6249],[-10.759517,49.6247],[-10.794217,49.622633],[-11.033333,49.609333],[-11.05,49.61],[-11.066667,49.6075],[-11.10665,49.602283],[-11.118417,49.600517],[-11.128817,49.599733],[-11.151867,49.600067],[-11.201333,49.600017],[-11.2313,49.5989],[-11.250167,49.597733],[-11.3972,49.5902],[-11.410583,49.5899],[-11.417167,49.58955],[-11.441967,49.586833],[-11.4502,49.5863],[-11.47595,49.584],[-11.533083,49.582183],[-11.555917,49.5806],[-11.559083,49.580167],[-11.603083,49.575683],[-11.64555,49.57535],[-11.716733,49.571317],[-11.742817,49.571767],[-11.753683,49.580317],[-11.755867,49.578317],[-11.757967,49.572033],[-11.790867,49.569967],[-11.813333,49.566667],[-11.97,49.556667],[-12.023083,49.5542],[-12.0502,49.553517],[-12.10755,49.551733],[-12.131683,49.550283],[-12.16715,49.546267],[-12.897967,49.505683],[-12.999317,49.4996],[-13.001533,49.500083],[-13.0851,49.530533],[-13.298867,49.62625],[-13.6069,49.731317],[-14.001183,49.826917],[-14.104,49.830317],[-15.328533,49.78915],[-15.343967,49.787767],[-15.396383,49.786267],[-15.607483,49.782467],[-15.695133,49.761933],[-15.6951,49.760867],[-15.696783,49.775483],[-15.8865,49.7705],[-16.595083,49.746817],[-17.00505,49.735633],[-17.034267,49.735683],[-17.5001,49.758017],[-17.587483,49.756967],[-17.913817,49.746217],[-18.130733,49.7357],[-18.156817,49.733083],[-18.501,49.6855],[-18.717467,49.675817],[-18.8327,49.674667],[-19.195817,49.705],[-19.30595,49.70435],[-19.403967,49.699533],[-19.414917,49.69875],[-19.434533,49.69645],[-19.845233,49.614883],[-19.88895,49.6093],[-20.055733,49.603317],[-20.473917,49.59795],[-20.590633,49.59545],[-20.773933,49.58425]]}},{"type":"Feature","properties":{"osm_id":"way/78427958","name":"INGRID","operator":"Channel Islands Electricity Grid","source_date":"2026-09-05T15:20:55Z"},"geometry":{"type":"LineString","coordinates":[[-2.52825,49.450817],[-2.52425,49.449933],[-2.51855,49.448083],[-2.5184,49.447633],[-2.521483,49.434367],[-2.519017,49.41765],[-2.518833,49.416733],[-2.517967,49.4112],[-2.517717,49.409833],[-2.51665,49.402383],[-2.515983,49.397267],[-2.51565,49.39495],[-2.5153,49.39455],[-2.491933,49.381817],[-2.429367,49.34955],[-2.4093,49.341033],[-2.394267,49.332333],[-2.3692,49.31685],[-2.368233,49.316167],[-2.35655,49.312717],[-2.32725,49.30865],[-2.322433,49.307817],[-2.25565,49.29805],[-2.230817,49.288067],[-2.20895,49.27845],[-2.196733,49.267167],[-2.196517,49.266717],[-2.199717,49.254467],[-2.200217,49.252667],[-2.20025,49.2504]]}},{"type":"Feature","properties":{"osm_id":"way/78427965","name":"Normandie 2","operator":"Channel Islands Electricity Grid","source_date":"2026-09-05T15:20:55Z"},"geometry":{"type":"LineString","coordinates":[[-1.6838222,49.2885861],[-1.6873683,49.2869735],[-1.6906372,49.2861025],[-1.692867,49.285667],[-1.697533,49.2846],[-1.703167,49.282717],[-1.709383,49.281633],[-1.713633,49.281483],[-1.715717,49.2812],[-1.719567,49.28005],[-1.7278,49.278617],[-1.7305,49.27805],[-1.7636,49.259167],[-1.84575,49.23605],[-1.85035,49.234983],[-1.921117,49.219383],[-2.00535,49.206883],[-2.011483,49.207683],[-2.017717,49.209767],[-2.021667,49.212433],[-2.0222354,49.2131118],[-2.0236194,49.214093],[-2.0240057,49.214051],[-2.0260428,49.2122235],[-2.0261057,49.2121753]]}},{"type":"Feature","properties":{"osm_id":"way/78427970","name":"Normandie 1","operator":"Channel Islands Electricity Grid","source_date":"2026-09-05T15:20:55Z"},"geometry":{"type":"LineString","coordinates":[[-1.6828306,49.2891722],[-1.687483,49.287217],[-1.690267,49.286383],[-1.690633,49.286133],[-1.692517,49.285767],[-1.69715,49.28485],[-1.700667,49.283683],[-1.702683,49.283283],[-1.703933,49.282683],[-1.70495,49.28265],[-1.706033,49.282917],[-1.706833,49.28285],[-1.708167,49.283117],[-1.709783,49.28315],[-1.719883,49.282817],[-1.723367,49.28325],[-1.72615,49.282983],[-1.728833,49.28285],[-1.731117,49.283117],[-1.733433,49.2831],[-1.740717,49.279367],[-1.746517,49.275733],[-1.750233,49.27365],[-1.75265,49.272367],[-1.75345,49.27175],[-1.761417,49.2668],[-1.76215,49.26615],[-1.763883,49.265083],[-1.768383,49.2631],[-1.7719,49.261683],[-1.773967,49.261067],[-1.774367,49.260733],[-1.781417,49.2592],[-1.784067,49.25885],[-1.78695,49.258167],[-1.795217,49.255733],[-1.798817,49.254217],[-1.805533,49.252333],[-1.81355,49.249633],[-1.81645,49.248683],[-1.821567,49.2471],[-1.824867,49.24625],[-1.832217,49.244167],[-1.844533,49.24075],[-1.85175,49.238667],[-1.852483,49.238233],[-1.8532,49.238083],[-1.85995,49.2369],[-1.869617,49.235267],[-1.88545,49.232433],[-1.887483,49.231717],[-1.889533,49.230833],[-1.896117,49.229917],[-1.912567,49.226433],[-1.918983,49.225217],[-1.934983,49.222033],[-1.954017,49.21835],[-1.962567,49.216467],[-1.97555,49.214017],[-1.9881,49.21145],[-1.9915,49.210433],[-1.997467,49.209583],[-2.000417,49.2086],[-2.00185,49.208417],[-2.003333,49.208017],[-2.0054,49.2079],[-2.0077,49.208233],[-2.01075,49.208317],[-2.012133,49.2084],[-2.013083,49.209083],[-2.013683,49.2093],[-2.014917,49.20925],[-2.017133,49.21005],[-2.01815,49.210917],[-2.02195,49.213283],[-2.023667,49.214283],[-2.024133,49.214117],[-2.026067,49.212233],[-2.0261249,49.2121852]]}},{"type":"Feature","properties":{"osm_id":"way/78430571","name":"Gemini South - Seg 4","operator":"Cable & Wireless","source_date":"2026-09-05T15:20:55Z"},"geometry":{"type":"LineString","coordinates":[[-9.269017,48.40445],[-9.274533,48.401533],[-9.47505,48.300033],[-9.665317,48.147267],[-9.65845,48.147133],[-9.724433,48.091433],[-9.734367,48.084367],[-9.773017,48.062517],[-9.7815,48.056967],[-9.81895,48.031233],[-9.835733,48.019933],[-9.890333,47.9918],[-9.892133,47.991033],[-9.913717,47.975533],[-9.979417,47.9101],[-10.160367,47.807533],[-10.2751,47.7455],[-10.305567,47.733033],[-10.395633,47.705683],[-10.550533,47.66465],[-10.7933,47.600683],[-10.935633,47.563733],[-11.024133,47.542267],[-11.211367,47.497717],[-11.278233,47.480883],[-11.554617,47.4053],[-11.635233,47.388433],[-11.7774,47.3759],[-11.961267,47.366383],[-12.3538,47.3409],[-12.4561,47.341017],[-12.518633,47.337767],[-12.6019,47.33485],[-12.643433,47.30745],[-12.721567,47.2615],[-12.824567,47.20175],[-12.951567,47.12685],[-12.995133,47.1056],[-13.031917,47.094683],[-13.0875,47.086817],[-13.193717,47.083667],[-13.333133,47.084617],[-13.3556,47.0851],[-13.827917,47.106017],[-13.835933,47.106],[-13.9182,47.1037],[-14.002317,47.099833],[-14.113183,47.094333],[-14.3333,47.082817],[-14.626667,47.065967],[-14.7175,47.06565],[-14.809617,47.0766],[-14.877667,47.088233],[-14.929833,47.097367],[-15.002033,47.10615],[-15.092117,47.110033],[-15.16625,47.110867],[-15.191417,47.110383],[-15.238033,47.104667],[-15.296033,47.087833],[-15.362417,47.064283],[-15.414617,47.053767],[-15.476867,47.0518],[-15.5212,47.045567],[-15.5777,47.028067],[-15.607283,47.017717],[-15.745117,46.958933],[-15.822833,46.9333],[-15.924267,46.910883],[-15.970717,46.901133],[-15.990033,46.902783],[-16.088933,46.903483],[-16.258067,46.91725],[-16.30115,46.923933],[-16.369433,46.939633],[-16.514983,46.958],[-16.862233,46.972217],[-17.050017,46.979467],[-17.086667,46.980567],[-17.163383,46.977983],[-17.26655,46.966817],[-17.34565,46.956317],[-17.444333,46.94275],[-17.6046,46.919717],[-17.632417,46.914617],[-17.798833,46.877367],[-18.1657,46.7879],[-18.359483,46.724783],[-18.516883,46.6823],[-19.2265,46.4981],[-19.33195,46.467583],[-19.438433,46.433767],[-19.741483,46.366567],[-19.936267,46.300383],[-20.236283,46.194783]]}},{"type":"Feature","properties":{"osm_id":"way/78431413","name":"Hibernia 'A' N.I.Branch","operator":"Hibernia Atlantic","source_date":"2026-09-05T15:20:55Z"},"geometry":{"type":"LineString","coordinates":[[-6.660683,55.198583],[-6.6845,55.220383],[-6.6947,55.250483],[-6.68125,55.266917],[-6.645617,55.278833],[-6.619567,55.298183],[-6.5556,55.3675],[-6.554117,55.375967],[-6.558333,55.385]]}},{"type":"Feature","properties":{"osm_id":"way/78431416","name":"Hibernia 'A'","operator":"Hibernia Atlantic","source_date":"2026-09-05T15:20:55Z"},"geometry":{"type":"LineString","coordinates":[[-3.029333,53.63965],[-3.053833,53.648667],[-3.063,53.6555],[-3.09045,53.69295],[-3.094583,53.696833],[-3.1,53.700167],[-3.116667,53.7065],[-3.12,53.707167],[-3.133333,53.708333],[-3.24425,53.7087],[-3.254167,53.709833],[-3.316667,53.726033],[-3.327517,53.729117],[-3.331483,53.731217],[-3.339183,53.738167],[-3.34325,53.7403],[-3.35,53.742283],[-3.4,53.74865],[-3.41265,53.752567],[-3.416667,53.754817],[-3.4238,53.761667],[-3.427817,53.763833],[-3.43395,53.76575],[-3.5,53.784933],[-3.516667,53.78765],[-3.5423,53.789033],[-3.566667,53.787933],[-3.620867,53.791667],[-3.750167,53.822933],[-3.766667,53.829933],[-3.7772,53.8322],[-3.807333,53.83715],[-3.815133,53.83715],[-3.82255,53.836067],[-3.843533,53.828683],[-3.850967,53.827367],[-3.8626,53.8272],[-3.883333,53.830317],[-3.916667,53.84095],[-3.94235,53.844717],[-3.956433,53.844733],[-3.983333,53.848317],[-4.0,53.849833],[-4.011883,53.85225],[-4.019383,53.852933],[-4.033333,53.852683],[-4.066667,53.855383],[-4.0745,53.8565],[-4.127333,53.872667],[-4.140833,53.8745],[-4.151333,53.8745],[-4.163833,53.872333],[-4.1715,53.872333],[-4.213333,53.8785],[-4.283333,53.88825],[-4.316667,53.8917],[-4.3372,53.896217],[-4.366667,53.899083],[-4.404833,53.905],[-4.43275,53.914583],[-4.437833,53.915417],[-4.445333,53.915333],[-4.459667,53.9175],[-4.478833,53.917333],[-4.490333,53.91875],[-4.522167,53.919083],[-4.5325,53.919667],[-4.5395,53.921333],[-4.5475,53.921917],[-4.574333,53.91975],[-4.58,53.919917],[-4.585,53.920833],[-4.597167,53.925333],[-4.60425,53.9265],[-4.65,53.927],[-4.695083,53.92375],[-4.74175,53.924417],[-4.77125,53.928833],[-4.878,53.927333],[-4.920917,53.928583],[-5.01855,53.93595],[-5.0505,53.936667],[-5.0629,53.938733],[-5.069517,53.9412],[-5.07465,53.944717],[-5.078017,53.948883],[-5.079183,53.953483],[-5.0647,54.033333],[-5.048983,54.079167],[-5.010983,54.133333],[-4.980467,54.166667],[-4.95,54.209717],[-4.945817,54.222783],[-4.9463,54.22815],[-4.952983,54.239183],[-4.9609,54.2445],[-4.967167,54.25435],[-4.968383,54.2631],[-4.962417,54.283333],[-4.94795,54.35],[-4.9413,54.366667],[-4.942467,54.3882],[-4.931083,54.416667],[-4.931233,54.432767],[-4.92695,54.434017],[-4.93125,54.435],[-4.9313,54.44255],[-4.9287,54.45075],[-4.92985,54.457333],[-4.9361,54.46825],[-4.939717,54.4723],[-4.944867,54.475617],[-4.953983,54.4791],[-4.961317,54.483667],[-4.9649,54.487633],[-4.96725,54.49305],[-4.9708,54.496983],[-5.00945,54.5271],[-5.033333,54.53815],[-5.0483,54.54395],[-5.055633,54.545683],[-5.073367,54.547983],[-5.079867,54.55],[-5.086633,54.554017],[-5.096417,54.55735],[-5.110183,54.565683],[-5.130417,54.573],[-5.14485,54.575683],[-5.15165,54.5782],[-5.15855,54.582483],[-5.16295,54.587283],[-5.176967,54.607417],[-5.181783,54.61105],[-5.1915,54.615167],[-5.196267,54.6188],[-5.208817,54.631817],[-5.221817,54.642017],[-5.24565,54.666667],[-5.257633,54.683333],[-5.273833,54.698833],[-5.2795,54.702],[-5.3075,54.711],[-5.316,54.7155],[-5.4435,54.835667],[-5.4475,54.843167],[-5.451,54.868167],[-5.4535,54.872333],[-5.464333,54.882667],[-5.467667,54.8895],[-5.4755,54.8985],[-5.502067,54.916667],[-5.507117,54.9237],[-5.537633,54.963667],[-5.552333,54.9805],[-5.564167,54.988667],[-5.580167,55.006833],[-5.611,55.028333],[-5.617667,55.037333],[-5.645833,55.057667],[-5.657667,55.062667],[-5.662667,55.066167],[-5.671333,55.078333],[-5.682,55.0875],[-5.6855,55.091667],[-5.688,55.093833],[-5.691167,55.095833],[-5.694,55.099667],[-5.696,55.101],[-5.715333,55.108333],[-5.729167,55.114667],[-5.735833,55.119333],[-5.739167,55.123833],[-5.740833,55.129667],[-5.758167,55.152333],[-5.7645,55.157167],[-5.773833,55.169333],[-5.779667,55.178667],[-5.788167,55.185667],[-5.792667,55.189833],[-5.799333,55.197667],[-5.802,55.201833],[-5.8025,55.2085],[-5.804833,55.213],[-5.815333,55.223333],[-5.8245,55.235333],[-5.832167,55.248667],[-5.835333,55.252833],[-5.840333,55.256333],[-5.862667,55.266],[-5.883667,55.277167],[-5.902333,55.284167],[-5.910833,55.288667],[-5.926,55.3045],[-5.933333,55.313833],[-5.944167,55.325833],[-5.951833,55.337833],[-5.953167,55.343667],[-5.957667,55.350333],[-5.96145,55.354233],[-5.962833,55.355667],[-5.971833,55.369],[-5.973,55.375],[-5.987,55.396667],[-6.000667,55.414333],[-6.011,55.4235],[-6.0185,55.4275],[-6.025167,55.43],[-6.068,55.437667],[-6.154333,55.442333],[-6.172667,55.444167],[-6.208333,55.446333],[-6.276167,55.447833],[-6.308833,55.445333],[-6.328333,55.4415],[-6.335333,55.439167],[-6.4135,55.423333],[-6.473,55.4045],[-6.5,55.3975],[-6.537067,55.390417],[-6.572033,55.381517],[-6.580067,55.380867],[-6.592617,55.381533],[-6.6,55.38235],[-6.616667,55.385367],[-6.6261,55.3887],[-6.63535,55.391033],[-6.643333,55.391883],[-6.6476,55.39305],[-6.661467,55.4],[-6.67115,55.4027],[-6.6791,55.403617],[-6.693,55.4031],[-6.718683,55.405967],[-6.729167,55.4088],[-6.764117,55.42505],[-6.84115,55.469383],[-6.851967,55.480367],[-6.8633,55.486983],[-6.877817,55.491983],[-6.95,55.500533],[-6.9778,55.505367],[-7.016667,55.510033],[-7.05,55.5106],[-7.07265,55.512883],[-7.116667,55.518283],[-7.164217,55.524867],[-7.202467,55.532433],[-7.25,55.536083],[-7.29425,55.542333],[-7.633333,55.56375],[-7.7,55.566667],[-7.766667,55.55875],[-7.816667,55.55375],[-7.850833,55.548367],[-7.8795,55.547083],[-7.933333,55.540267],[-7.983333,55.53275],[-8.05155,55.524533],[-8.119583,55.517333],[-8.152033,55.510167],[-8.2582,55.500417],[-8.324917,55.491333],[-8.3353,55.48925],[-8.3805,55.482917],[-8.429333,55.475767],[-8.446083,55.475833],[-8.7,55.443833],[-8.733333,55.440583],[-8.8,55.432033],[-8.833333,55.42675],[-9.216667,55.376683],[-9.266667,55.371667],[-9.35,55.360967],[-9.416667,55.348633],[-9.466667,55.343583],[-9.5,55.340583],[-9.5302,55.334033],[-9.583333,55.327833],[-9.816667,55.296017],[-9.883333,55.288967],[-9.920667,55.283333],[-9.943,55.276067],[-10.05,55.259667],[-10.109833,55.251667],[-10.183333,55.23725],[-10.233333,55.22875],[-10.333333,55.209167],[-10.5,55.2],[-10.686,55.182],[-12.19,55.025833],[-12.561333,54.983],[-13.592167,54.8605],[-15.2045,54.530833],[-16.010833,54.355833],[-17.623333,53.984833],[-17.951667,53.973333],[-18.059067,53.996283],[-18.166667,54.019167],[-18.379167,54.025833],[-18.7475,53.944167],[-19.333333,53.755833],[-19.5,53.658333],[-19.72,53.583333],[-19.875,53.5775],[-20.051667,53.5175]]}},{"type":"Feature","properties":{"osm_id":"way/78432133","name":"Hibernia 'C'","operator":"Hibernia Atlantic","source_date":"2026-09-05T15:20:55Z"},"geometry":{"type":"LineString","coordinates":[[-3.0618331,53.6078302],[-3.101333,53.634167],[-3.1139833,53.6418167],[-3.133333,53.65075],[-3.166667,53.667333],[-3.1904833,53.6760333],[-3.2311724,53.6798664],[-3.2668,53.682],[-3.3,53.683717],[-3.5176,53.7093667],[-3.6153368,53.7160488],[-3.61685,53.7167],[-3.617467,53.716983],[-3.6295833,53.7244667],[-3.6336,53.733333],[-3.6367705,53.7352992],[-3.6442,53.7385667],[-3.7406333,53.7444833],[-3.85,53.750383],[-3.883333,53.750783],[-3.917617,53.751017],[-3.934283,53.751317],[-4.016667,53.76695],[-4.05105,53.766733],[-4.067933,53.766917],[-4.1,53.7674],[-4.133683,53.7677],[-4.150617,53.767933],[-4.167183,53.783383],[-4.167933,53.783467],[-4.216817,53.78335],[-4.25,53.783583],[-4.267767,53.784017],[-4.317583,53.784417],[-4.366667,53.784233],[-4.4002,53.784433],[-4.40095,53.784567],[-4.416667,53.78485],[-4.417817,53.80015],[-4.450317,53.8004],[-4.483383,53.80025],[-4.484117,53.800333],[-4.5003,53.800667],[-4.501033,53.800783],[-4.55,53.801067],[-4.551017,53.801033],[-4.568317,53.801267],[-4.600467,53.801433],[-4.601083,53.801417],[-4.6014,53.801433],[-4.616833,53.8015],[-4.634433,53.816817],[-4.65105,53.81695],[-4.6675,53.817267],[-4.683333,53.817333],[-4.7,53.817233],[-4.733333,53.81745],[-4.7505,53.817383],[-4.75125,53.817417],[-4.800533,53.81805],[-4.866667,53.8335],[-4.88435,53.8183],[-4.900083,53.83335],[-4.916833,53.83375],[-4.917583,53.833867],[-4.933333,53.83385],[-4.950783,53.833417],[-5.133333,53.767017],[-5.15,53.7516],[-5.168133,53.750467],[-5.26725,53.716883],[-5.267767,53.70155],[-5.268117,53.701133],[-5.28385,53.7],[-5.28395,53.684583],[-5.283967,53.684567],[-5.283833,53.6839],[-5.28465,53.6513],[-5.28485,53.65],[-5.301583,53.58435],[-5.317017,53.583767],[-5.33335,53.56785],[-5.334167,53.5675],[-5.35,53.56735],[-5.45,53.5669],[-5.5007,53.566817],[-5.6505,53.566667],[-5.73345,53.550167],[-5.8338,53.51755],[-5.85165,53.5016],[-5.868317,53.50125],[-5.884767,53.501],[-5.900367,53.50075],[-5.900867,53.5004],[-5.9012,53.5],[-5.901317,53.484567],[-5.90125,53.4841],[-5.9012,53.483983],[-5.900783,53.483333],[-5.90065,53.4679],[-5.900733,53.46745],[-5.900983,53.46705],[-5.917367,53.450917],[-5.95,53.434933],[-6.0,53.433417],[-6.05165,53.4169],[-6.067333,53.416667],[-6.1004,53.400283],[-6.100967,53.384917],[-6.101533,53.384767],[-6.117417,53.3847],[-6.117517,53.384633]]}},{"type":"Feature","properties":{"osm_id":"way/78432135","name":"Hibernia 'D'","operator":"Hibernia Atlantic","source_date":"2026-09-05T15:20:55Z"},"geometry":{"type":"LineString","coordinates":[[-6.101167,53.3852],[-6.105,53.382],[-6.1032,53.367583],[-6.101517,53.364633],[-6.098483,53.362017],[-6.0944,53.36],[-6.08965,53.358667],[-6.08005,53.357617],[-6.039633,53.35785],[-6.0264,53.35735],[-5.966033,53.345183],[-5.95,53.34025],[-5.933333,53.3341],[-5.919183,53.330267],[-5.9072,53.328967],[-5.900217,53.32695],[-5.874817,53.313983],[-5.856367,53.3],[-5.83475,53.278817],[-5.827667,53.273167],[-5.817833,53.268667],[-5.810683,53.263183],[-5.795333,53.256033],[-5.718583,53.196767],[-5.7083,53.1824],[-5.703517,53.17895],[-5.7007,53.175733],[-5.69665,53.166667],[-5.692817,53.162817],[-5.67015,53.15],[-5.666467,53.146383],[-5.66175,53.13785],[-5.661467,53.133333],[-5.66645,53.120183],[-5.66615,53.1165],[-5.660017,53.104833],[-5.65975,53.101217],[-5.661667,53.095667],[-5.661333,53.092133],[-5.659333,53.088583],[-5.653783,53.0837],[-5.652033,53.080533],[-5.646983,53.064667],[-5.647383,53.060217],[-5.651133,53.053733],[-5.651583,53.0492],[-5.65,53.044783],[-5.645717,53.0397],[-5.644683,53.036567],[-5.644817,53.033017],[-5.646817,53.0287],[-5.651983,53.023533],[-5.655983,53.015],[-5.659,52.99055],[-5.655033,52.979433],[-5.65585,52.973483],[-5.662517,52.959083],[-5.664017,52.946933],[-5.666467,52.9459],[-5.667033,52.94585],[-5.666333,52.940533],[-5.6651,52.939083],[-5.667583,52.918667],[-5.6694,52.901283],[-5.669633,52.900583],[-5.669467,52.8998],[-5.670317,52.897717],[-5.671917,52.895667],[-5.672867,52.895067],[-5.671133,52.895017],[-5.670133,52.8948],[-5.672183,52.8766],[-5.674617,52.868683],[-5.6737,52.861933],[-5.669633,52.85575],[-5.668633,52.85],[-5.6733,52.833333],[-5.676017,52.828533],[-5.678217,52.827967],[-5.679483,52.827717],[-5.676767,52.82605],[-5.677833,52.822733],[-5.678817,52.82175],[-5.680433,52.806633],[-5.6883,52.780933],[-5.692983,52.77485],[-5.694417,52.76955],[-5.693467,52.7631],[-5.699483,52.741883],[-5.69945,52.732617],[-5.70145,52.728333],[-5.71215,52.716667],[-5.713817,52.712467],[-5.7137,52.708767],[-5.711867,52.7051],[-5.711217,52.701533],[-5.712367,52.69755],[-5.7201,52.687417],[-5.72115,52.683817],[-5.718667,52.668933],[-5.725367,52.6443],[-5.7365,52.62975],[-5.73815,52.6245],[-5.736983,52.616667],[-5.7403,52.602217],[-5.739017,52.595867],[-5.739667,52.591367],[-5.74185,52.587],[-5.742,52.5826],[-5.74655,52.566667],[-5.7577,52.546183],[-5.760917,52.5388],[-5.766317,52.518983],[-5.764967,52.481633],[-5.760417,52.4725],[-5.759833,52.463133],[-5.760467,52.418983],[-5.7582,52.41335],[-5.7577,52.406683],[-5.760467,52.3988],[-5.760083,52.394433],[-5.753467,52.38195],[-5.753033,52.377933],[-5.758267,52.363033],[-5.754433,52.309017],[-5.752233,52.304717],[-5.752033,52.301117],[-5.753583,52.2977],[-5.757733,52.293333],[-5.781667,52.27225],[-5.799267,52.248583],[-5.820017,52.227567],[-5.8232,52.2242],[-5.829217,52.2217],[-5.827817,52.219167],[-5.83275,52.213417],[-5.83465,52.209017],[-5.834367,52.2029],[-5.836233,52.198517],[-5.845367,52.187583],[-5.855683,52.1806],[-5.867017,52.166667],[-5.870467,52.157983],[-5.874383,52.153333],[-5.883333,52.14695],[-5.913117,52.106983],[-5.9865,52.019567],[-5.997883,52.007283],[-6.041267,51.960333],[-6.05,51.9453],[-6.073417,51.916667],[-6.091917,51.899483],[-6.102983,51.883333],[-6.119617,51.8563],[-6.1323,51.844883],[-6.26785,51.713617],[-6.309567,51.669317],[-6.333333,51.65],[-6.37125,51.613417],[-6.404417,51.574333],[-6.421583,51.562583],[-6.433333,51.55],[-6.46725,51.516667],[-6.487167,51.492867],[-6.491667,51.488767],[-6.507667,51.48025],[-6.511667,51.476417],[-6.518917,51.46305],[-6.523,51.45925],[-6.528333,51.4562],[-6.534633,51.454],[-6.570167,51.448083],[-6.616667,51.440583],[-6.657333,51.432],[-6.705417,51.425],[-6.712,51.422667],[-6.72175,51.421133],[-6.7305,51.42125],[-6.737583,51.422467],[-6.745167,51.422467],[-6.767167,51.418667],[-6.775167,51.415667],[-6.781833,51.411167],[-6.788,51.408833],[-6.795417,51.4073],[-6.805917,51.4045],[-6.810917,51.403983],[-6.820833,51.404767],[-6.866667,51.401],[-6.8925,51.39625],[-6.907333,51.392417],[-6.923667,51.39045],[-6.9516,51.3836],[-7.02665,51.376833],[-7.106467,51.370983],[-7.183333,51.366667],[-7.447583,51.346833],[-7.566667,51.337683],[-7.615033,51.335383],[-7.690833,51.329417],[-7.766667,51.322],[-7.799283,51.318133],[-8.013033,51.300367],[-8.020217,51.3],[-8.033333,51.3014],[-8.047817,51.300633],[-8.06085,51.298567],[-8.197633,51.284567],[-8.296917,51.27235],[-8.383333,51.260417],[-8.533333,51.241983],[-8.576917,51.236117],[-8.616667,51.231633],[-8.966667,51.187583],[-8.987833,51.186833],[-9.005,51.184667],[-9.183333,51.148667],[-9.208667,51.1405],[-9.233333,51.136167],[-9.333333,51.115833],[-9.349333,51.110333],[-9.401333,51.0995],[-9.414167,51.099167],[-9.433333,51.095167],[-9.463167,51.0915],[-9.5,51.082167],[-9.525333,51.076833],[-9.537333,51.076333],[-9.55,51.073667],[-9.581,51.062833],[-9.597333,51.0595],[-9.6045,51.059167],[-9.611667,51.06],[-9.618667,51.059667],[-9.626667,51.058],[-9.642333,51.052],[-9.683333,51.0435],[-9.7085,51.035833],[-9.727833,51.031667],[-9.7425,51.031167],[-9.752667,51.029167],[-9.760967,51.02885],[-9.770217,51.029333],[-9.770267,51.029233],[-9.771267,51.026783],[-9.8,51.019167],[-9.814667,51.016],[-9.823667,51.012333],[-9.835333,51.008833],[-9.866667,51.005167],[-9.89055,51.000167],[-9.966667,50.984167],[-10.004,50.978167],[-10.033333,50.97],[-10.15,50.945333],[-10.1825,50.936167],[-10.222167,50.927833],[-10.25,50.924],[-10.5,50.870167],[-10.524667,50.8665],[-10.568,50.853333],[-10.606167,50.845],[-10.676833,50.833],[-10.7445,50.818333],[-10.766667,50.812],[-10.8,50.804667],[-10.814833,50.8005],[-10.8305,50.7985],[-10.871833,50.800167],[-11.116667,50.827417],[-11.184083,50.831667],[-11.233333,50.831167],[-11.3135,50.832417],[-11.360417,50.823833],[-11.47875,50.805583],[-11.566667,50.786083],[-11.94275,50.714867],[-12.440783,50.618333],[-13.557833,50.3925],[-13.833333,50.295],[-14.0,50.205017],[-14.022517,50.172083],[-14.108817,50.051167],[-14.1886,49.93875],[-14.205167,49.915333],[-14.33315,49.82365],[-14.415833,49.764167],[-14.5325,49.729167],[-14.685283,49.727983],[-15.0961,49.723817],[-15.377883,49.6729],[-15.888717,49.578567],[-15.9785,49.561717],[-16.572133,49.44825],[-16.681333,49.427],[-17.191533,49.339617],[-17.53325,49.279667],[-17.79445,49.23325],[-18.066667,49.184167],[-18.364033,49.111117],[-18.4425,49.091667],[-18.946667,49.049167],[-19.069517,49.0264]]}},{"type":"Feature","properties":{"osm_id":"way/78432137","name":"ESAT 2","operator":"ESAT","source_date":"2026-09-05T15:20:55Z"},"geometry":{"type":"LineString","coordinates":[[-6.206433,53.323817],[-6.202217,53.3242],[-6.164433,53.324533],[-6.1204,53.324083],[-6.085017,53.32345],[-6.0778,53.324517],[-6.071317,53.3267],[-6.044517,53.341667],[-6.040867,53.343883],[-6.03265,53.348467],[-5.998483,53.366183],[-5.9668,53.381567],[-5.81265,53.458433],[-5.70475,53.498383],[-5.694617,53.500717],[-5.5496,53.515317],[-5.541483,53.517767],[-5.535567,53.52085],[-5.53055,53.5253],[-5.507433,53.568233],[-5.5033,53.5721],[-5.4974,53.5751],[-5.49085,53.577083],[-5.35795,53.588883],[-5.35065,53.59085],[-5.34465,53.594183],[-5.3412,53.5979],[-5.313967,53.6772],[-5.3105,53.68135],[-5.3058,53.68445],[-5.1912,53.733117],[-4.978433,53.809467],[-4.939983,53.823183],[-4.9329,53.82455],[-4.925217,53.824967],[-4.918733,53.82455],[-4.8913,53.818217],[-4.77,53.809467],[-4.7318,53.801633],[-4.66665,53.796633],[-4.617483,53.794633],[-4.599983,53.7923],[-4.502,53.7895],[-4.483483,53.788083],[-4.468783,53.7844],[-4.434117,53.780133],[-4.4082,53.779133],[-4.353817,53.7733],[-4.2165,53.76855],[-4.064133,53.75335],[-3.954383,53.744717],[-3.9471,53.742967],[-3.941733,53.740333],[-3.937283,53.736767],[-3.927317,53.721067],[-3.92315,53.717467],[-3.917383,53.714283],[-3.91105,53.712283],[-3.90445,53.711217],[-3.770867,53.707117],[-3.580933,53.701033],[-3.503183,53.695067],[-3.405033,53.685083],[-3.4027,53.68365],[-3.402183,53.683383],[-3.39815,53.684233],[-3.366333,53.681367],[-3.36515,53.6808],[-3.36435,53.6796],[-3.362267,53.6808],[-3.196917,53.664017],[-3.1647,53.657067],[-3.1194,53.634083],[-3.064767,53.605883]]}},{"type":"Feature","properties":{"osm_id":"way/78432509","name":"GEMINI NORTH - Seg 2","operator":"Cable & Wireless","source_date":"2026-09-05T15:20:55Z"},"geometry":{"type":"LineString","coordinates":[[-5.084117,51.41045],[-5.200017,51.404567],[-5.216667,51.405367],[-5.222183,51.404867],[-5.2283,51.40315],[-5.232,51.402883],[-5.24225,51.4038],[-5.253317,51.40355],[-6.1812,51.358517],[-6.1988,51.352],[-6.209517,51.35135],[-6.229567,51.355817],[-6.243933,51.3552],[-6.262217,51.34895],[-6.285733,51.349983],[-6.2983,51.3496],[-6.327633,51.34795],[-6.33135,51.346433],[-6.352033,51.345417],[-6.3564,51.346567],[-6.725317,51.327667],[-6.76195,51.325633],[-6.855217,51.321133],[-6.95485,51.303567],[-6.968983,51.303117],[-7.000083,51.296433],[-7.42505,51.225133],[-7.491133,51.194617],[-7.5098,51.187],[-7.54555,51.171083],[-7.555533,51.1696],[-7.569217,51.163583],[-7.5787,51.15285],[-7.592417,51.146667],[-7.602383,51.145367],[-7.856167,51.031467]]}},{"type":"Feature","properties":{"osm_id":"way/78432510","name":"Gemini North - Seg 1","operator":"Cable & Wireless","source_date":"2026-09-05T15:20:55Z"},"geometry":{"type":"LineString","coordinates":[[-4.161267,51.55745],[-4.138567,51.554733],[-4.111517,51.546417]]}},{"type":"Feature","properties":{"osm_id":"way/78432511","name":"Gemini North - Seg 4","operator":"Cable & Wireless","source_date":"2026-09-05T15:20:55Z"},"geometry":{"type":"LineString","coordinates":[[-11.67715,50.328283],[-12.787167,50.254367],[-12.815683,50.264017],[-12.822417,50.265667],[-12.883433,50.2831],[-13.024817,50.273367],[-13.047967,50.261233],[-13.111283,50.233067],[-13.1244,50.234733],[-13.620533,50.1988],[-14.6,50.133333],[-16.82585,50.069017],[-16.9619,50.0659],[-17.000017,50.063967],[-17.333333,50.0845],[-17.507067,50.08],[-18.038383,50.065017],[-18.35825,49.993217],[-18.363217,49.988183],[-18.694267,49.86405],[-18.746733,49.84365],[-18.817883,49.847667],[-19.53645,49.8734],[-19.663717,49.887733],[-19.8766,49.911283],[-20.435817,49.972033]]}},{"type":"Feature","properties":{"osm_id":"way/78432512","name":"GEMINI NORTH - Seg 3","operator":"Cable & Wireless","source_date":"2026-09-05T15:20:55Z"},"geometry":{"type":"LineString","coordinates":[[-7.953033,50.987817],[-7.99995,50.96655],[-8.139683,50.890667],[-8.550033,50.666667],[-8.600083,50.5917],[-9.083817,50.35725],[-9.093133,50.356467],[-9.104217,50.3513],[-9.111617,50.340067],[-9.1239,50.33395],[-9.141817,50.332983],[-9.150733,50.331583],[-9.1644,50.330133],[-9.208333,50.333417],[-10.25935,50.333367]]}},{"type":"Feature","properties":{"osm_id":"way/78433067","name":"EIG","operator":null,"source_date":"2026-09-05T15:20:55Z"},"geometry":{"type":"LineString","coordinates":[[-4.5565,50.7933],[-4.559367,50.79265],[-4.583983,50.789017],[-4.599283,50.78765],[-4.612867,50.786567],[-4.8941,50.75085],[-4.93045,50.746483],[-4.94205,50.745583],[-4.94945,50.7447],[-4.958317,50.744217],[-5.00295,50.739683],[-5.0192,50.738583],[-5.0396,50.736683],[-5.042617,50.73625],[-5.055517,50.73335],[-5.05895,50.7328],[-5.138667,50.724433],[-5.143417,50.724133],[-5.168583,50.723317],[-5.207383,50.7192],[-5.209433,50.718817],[-5.222667,50.7151],[-5.228133,50.71285],[-5.230333,50.712067],[-5.250133,50.707817],[-5.315167,50.693217],[-5.345233,50.687433],[-5.354367,50.684733],[-5.38775,50.677167],[-5.396317,50.6753],[-5.405983,50.674133],[-5.41985,50.671083],[-5.434467,50.666483],[-5.454767,50.661883],[-5.53475,50.644517],[-5.619683,50.6275],[-5.63405,50.6235],[-5.639583,50.622267],[-5.752017,50.597333],[-5.759733,50.5959],[-5.897733,50.564517],[-5.97805,50.544667],[-5.98895,50.541233],[-5.9988,50.538717],[-6.013617,50.534967],[-6.028,50.532133],[-6.045667,50.527567],[-6.111733,50.510417],[-6.12035,50.508467],[-6.152283,50.501233],[-6.220167,50.4837],[-6.2527,50.475117],[-6.292367,50.464967],[-6.306483,50.46185],[-6.3165,50.45895],[-6.324,50.457417],[-6.3348,50.4558],[-6.38205,50.447467],[-6.405333,50.445217],[-6.4307,50.443933],[-6.44215,50.44245],[-6.463067,50.44085],[-6.473767,50.439833],[-6.529583,50.43365],[-6.564317,50.430217],[-6.582383,50.429367],[-6.60295,50.426817],[-6.620867,50.4254],[-6.62975,50.425333],[-6.631417,50.425467],[-6.648867,50.42895],[-6.657117,50.429883],[-6.670817,50.432067],[-6.682667,50.434967],[-6.692067,50.438017],[-6.695133,50.43935],[-6.698567,50.440833],[-6.701317,50.442217],[-6.729917,50.454083],[-6.735717,50.456967],[-6.751133,50.463217],[-6.762317,50.466817],[-6.789483,50.475683],[-6.799383,50.478483],[-6.8204,50.48545],[-6.823433,50.486333],[-6.826583,50.48755],[-6.830917,50.489217],[-6.839917,50.491617],[-6.84925,50.492967],[-6.87645,50.494633],[-6.910033,50.497233],[-6.920967,50.496983],[-6.922617,50.4968],[-6.928917,50.495433],[-6.9425,50.4928],[-6.9476,50.4909],[-6.95765,50.488983],[-6.96955,50.487867],[-7.04525,50.473683],[-7.050433,50.471783],[-7.0696,50.468267],[-7.07715,50.467167],[-7.107383,50.461767],[-7.115283,50.460017],[-7.120917,50.458583],[-7.1469,50.453033],[-7.22755,50.436583],[-7.25265,50.429183],[-7.275083,50.419917],[-7.283083,50.415933],[-7.308433,50.401917],[-7.338533,50.383033],[-7.365083,50.368417],[-7.3756,50.363867],[-7.42445,50.336767],[-7.478133,50.306133],[-7.583917,50.245733],[-7.608183,50.232033],[-7.615817,50.2269],[-7.7379,50.15825],[-7.73945,50.1572],[-7.745817,50.151883],[-7.768333,50.1391],[-7.77085,50.13785],[-7.791333,50.129117],[-7.805483,50.121217],[-7.876817,50.078983],[-7.901,50.0641],[-7.9056,50.059367],[-7.930283,50.0356],[-7.946133,50.014767],[-7.94685,50.013533],[-7.948417,50.009467],[-7.94965,50.006267],[-7.95015,50.0053],[-7.953717,50.00105],[-7.95455,50.000017],[-7.956533,49.997267],[-8.009583,49.9203],[-8.0194,49.90405],[-8.0201,49.9025],[-8.027,49.8762],[-8.031683,49.82235],[-8.039433,49.734067],[-8.05685,49.59825],[-8.0678,49.512],[-8.06865,49.4943],[-8.069917,49.469317],[-8.07125,49.463183],[-8.07105,49.445983],[-8.071683,49.432867],[-8.071933,49.417733],[-8.0727,49.412433],[-8.072867,49.408983],[-8.073617,49.3943],[-8.072783,49.389033],[-8.07305,49.379],[-8.076067,49.323433],[-8.077117,49.3199],[-8.07785,49.304783],[-8.080833,49.279583],[-8.083383,49.236917],[-8.08225,49.228133],[-8.083817,49.193033],[-8.08475,49.172133],[-8.099983,48.973717],[-8.105567,48.900367],[-8.101983,48.87965],[-8.1016,48.878067],[-8.097767,48.87095],[-8.0939,48.86375],[-8.093567,48.8627],[-8.092483,48.8568],[-8.068683,48.588983],[-8.06665,48.57615],[-8.063483,48.566167],[-8.063283,48.564783],[-8.064383,48.541267],[-8.064283,48.54005],[-8.0625,48.53185],[-8.062033,48.530733],[-8.058917,48.525783],[-8.05055,48.51145],[-8.020067,48.459417],[-7.938467,48.320183],[-7.881717,48.231417],[-7.8573,48.196817],[-7.827633,48.151483],[-7.820833,48.1454],[-7.819483,48.14445],[-7.80995,48.139383],[-7.801183,48.13615],[-7.793117,48.133183],[-7.787067,48.129417],[-7.786117,48.128567],[-7.783583,48.125717],[-7.777083,48.109383],[-7.776917,48.108467],[-7.776533,48.1025],[-7.7782,48.092667],[-7.7781,48.0914],[-7.777333,48.087483],[-7.777433,48.086317],[-7.779667,48.075417],[-7.781717,48.0695],[-7.787783,48.030783],[-7.789817,48.022467],[-7.791567,48.012167],[-7.79325,47.997117],[-7.79435,47.992517],[-7.7953,47.980683],[-7.795633,47.977883],[-7.800433,47.9511],[-7.800917,47.949017],[-7.805233,47.933883],[-7.807483,47.922017],[-7.80805,47.920267],[-7.811467,47.915317],[-7.820117,47.906583],[-7.845067,47.8878],[-7.93475,47.819633],[-7.936383,47.81855],[-7.950467,47.81025],[-8.074517,47.7425],[-8.251667,47.635583],[-8.2534,47.634483],[-8.255633,47.632167],[-8.25745,47.629],[-8.261267,47.619433],[-8.261867,47.617933],[-8.264767,47.612017],[-8.2671,47.607717],[-8.270233,47.603367],[-8.274083,47.599183],[-8.2778,47.59555],[-8.289783,47.583767],[-8.2972,47.57625],[-8.302467,47.5706],[-8.304433,47.568483],[-8.31095,47.560417],[-8.31465,47.555483],[-8.322917,47.543033],[-8.333667,47.525933],[-8.3373,47.51985],[-8.34055,47.5144],[-8.34345,47.5087],[-8.344617,47.506017],[-8.346033,47.502767],[-8.3465,47.501683],[-8.349117,47.4932],[-8.351117,47.483667],[-8.357817,47.439833],[-8.377967,47.315283],[-8.380133,47.301917],[-8.392867,47.223033],[-8.3946,47.210833],[-8.3958,47.197933],[-8.396083,47.18735],[-8.395883,47.18145],[-8.3956,47.173217],[-8.3947,47.163583],[-8.38865,47.108133],[-8.383867,47.063717],[-8.374717,46.969667],[-8.3729,46.945633],[-8.372817,46.9406],[-8.372733,46.93585],[-8.373667,46.925517],[-8.3764,46.9141],[-8.381467,46.901933],[-8.3888,46.889533],[-8.397217,46.87735],[-8.406117,46.866133],[-8.415233,46.856867],[-8.432917,46.844283],[-8.452417,46.834167],[-8.474467,46.82425],[-8.49805,46.815383],[-8.523433,46.807617],[-8.552617,46.80135],[-8.577333,46.79755],[-8.600167,46.794717],[-8.636633,46.790367],[-8.64735,46.7891],[-8.6668,46.786783],[-8.745217,46.77685],[-8.817567,46.767683],[-8.836967,46.765233],[-8.864167,46.761117],[-8.884417,46.757133],[-8.904283,46.751833],[-8.923867,46.7451],[-8.939083,46.738833],[-8.956483,46.730783],[-8.978033,46.7203],[-8.98805,46.7149],[-9.0003,46.707183],[-9.0132,46.697117],[-9.0293,46.680767],[-9.065617,46.639067],[-9.156983,46.535233],[-9.16915,46.5206],[-9.180233,46.5063]]}},{"type":"Feature","properties":{"osm_id":"way/78433475","name":"Northern Lights","operator":"BT","source_date":"2026-09-05T15:20:55Z"},"geometry":{"type":"LineString","coordinates":[[-3.345733,58.615767],[-3.346667,58.615667],[-3.34695,58.61555],[-3.375083,58.613967],[-3.37635,58.614817],[-3.379117,58.615817],[-3.429433,58.63895],[-3.456333,58.644167],[-3.460733,58.644667],[-3.486133,58.64465],[-3.4906,58.645383],[-3.4941,58.64615],[-3.498833,58.648],[-3.533217,58.666433],[-3.534583,58.6689],[-3.535217,58.6704],[-3.540333,58.685317],[-3.54615,58.700767],[-3.546783,58.701783],[-3.5473,58.703083],[-3.547267,58.70355],[-3.5469,58.703967],[-3.544917,58.705167],[-3.5478,58.706017],[-3.5488,58.7065],[-3.549333,58.70705],[-3.549733,58.708767],[-3.549483,58.710167],[-3.550567,58.712233],[-3.569833,58.763017],[-3.5788,58.778817],[-3.5799,58.789383],[-3.5844,58.8009],[-3.5852,58.803383],[-3.59665,58.83335],[-3.592067,58.858417],[-3.587917,58.88265],[-3.589333,58.89175],[-3.58045,58.941683],[-3.5802,58.9456],[-3.580017,58.9464],[-3.579517,58.9471],[-3.574067,58.95315],[-3.5715,58.956333],[-3.571233,58.984967],[-3.566433,58.999867],[-3.564,59.002467],[-3.5595,59.00705],[-3.557833,59.00805],[-3.5195,59.017667],[-3.483333,59.029417],[-3.3845,59.057433],[-3.382,59.05795],[-3.356833,59.058883],[-3.347667,59.0551],[-3.344667,59.0539],[-3.341333,59.052267],[-3.338333,59.050667],[-3.337167,59.0502],[-3.336,59.050167],[-3.335333,59.050467],[-3.334333,59.050567],[-3.333833,59.05085]]}},{"type":"Feature","properties":{"osm_id":"way/78433596","name":"Pangea North UK/Denmark","operator":"ASN","source_date":"2026-09-05T15:20:55Z"},"geometry":{"type":"LineString","coordinates":[[-0.5851045,54.7451325],[-0.28985,54.841567],[-0.281033,54.84625],[-0.272467,54.849117],[-0.246517,54.855567],[-0.219517,54.864233],[-0.181067,54.8748],[-0.139717,54.88785],[-0.123717,54.8952],[-0.00405,54.933683],[0.058367,54.958967],[0.132,54.971817],[0.1752,54.990433],[0.249467,55.0184],[0.324767,55.0423],[0.385317,55.0574],[0.531283,55.103317],[0.9442,55.231783],[1.4499,55.3861],[1.508567,55.404233],[1.512567,55.403633],[1.59145,55.402017],[1.721683,55.4436],[2.2783,55.619167],[2.482767,55.684917],[3.224133,55.9187],[3.3494,55.957483],[3.36635,55.9638],[3.3684,55.963383],[3.462767,55.952767],[3.47485,55.9469],[3.51045,55.943],[3.5256,55.945783],[3.557283,55.9422],[3.716767,55.938483],[3.72695,55.9349],[3.731183,55.934583],[3.753383,55.934117],[3.764783,55.937333],[3.85995,55.93505],[3.945033,55.96035],[3.960017,55.964067],[3.988267,55.9725],[4.00005,55.9766],[4.339367,55.934683],[4.416683,55.925017],[4.566833,55.950767],[4.59085,55.950067],[4.621433,55.955267],[4.643,55.961633],[4.6534,55.966017],[4.662833,55.965817],[4.858117,55.907683],[4.885683,55.8968],[4.888017,55.8934],[4.887983,55.861967],[4.88905,55.861033],[4.892833,55.859817],[4.90405,55.859683],[5.282017,55.8058],[5.650367,55.752033],[5.656067,55.752533],[5.660667,55.75185],[5.66805,55.747467],[5.668883,55.74585],[5.6691,55.744467],[5.668467,55.742183],[5.698583,55.689283],[5.7006,55.684267],[5.71385,55.6609],[5.72785,55.636767],[5.730267,55.63535],[5.733033,55.634683],[5.744067,55.635617],[5.8099,55.638567],[5.812917,55.638217],[5.815083,55.637583],[5.818133,55.634567],[6.009417,55.515467],[6.012367,55.511283],[6.01895,55.507083],[6.022,55.50605],[6.029517,55.506067],[6.035083,55.507667],[6.227483,55.50765],[6.563067,55.374533],[6.735733,55.374517],[7.000033,55.308367],[7.633317,55.316683],[7.66635,55.327883],[7.679583,55.333117],[7.733533,55.3514],[7.75625,55.3566],[7.776667,55.364967],[7.900233,55.365667],[8.11045,55.36655],[8.12535,55.3686],[8.1501,55.3688],[8.160217,55.371067],[8.19965,55.387667],[8.220067,55.396567],[8.361017,55.418383],[8.376783,55.4202],[8.377767,55.420467]]}},{"type":"Feature","properties":{"osm_id":"way/78433597","name":"Lanis 3","operator":"Cable & Wireless","source_date":"2026-09-05T15:20:55Z"},"geometry":{"type":"LineString","coordinates":[[4.6566,55.559883],[4.693083,55.560683],[4.70505,55.560483],[4.707167,55.5599],[4.746083,55.558333],[4.766267,55.556767],[4.8701512,55.4962764],[4.9624314,55.4424647],[5.051767,55.3903],[5.060883,55.386417],[5.0711,55.382867],[5.077467,55.38185],[5.081233,55.380167],[5.083817,55.3782],[5.084217,55.374967],[5.0876,55.371617],[5.097567,55.3661],[5.102767,55.361317],[5.1052,55.357667],[5.108617,55.354433],[5.114417,55.351183],[5.12145,55.349567],[5.15885,55.329983],[5.18225,55.316433],[5.217017,55.291733],[5.218333,55.201833],[5.218517,55.10505],[5.251517,55.054],[5.261733,55.038617],[5.277867,55.033033],[5.283583,55.030433],[5.287517,55.027833],[5.33285,55.009467],[5.3443,55.00495],[5.365033,54.99315],[5.373067,54.981783],[5.391967,54.969933],[5.448417,54.939267],[5.490967,54.913783],[5.493917,54.9111],[5.513017,54.895383],[5.525917,54.88065],[5.528667,54.874967],[5.5311,54.868367],[5.550567,54.8283],[5.564967,54.807483],[5.579767,54.791233],[5.580583,54.7908],[5.6066,54.772467],[5.656233,54.75415],[5.674917,54.753433],[5.684483,54.752467],[5.6952969,54.751172],[5.700083,54.750883],[5.708817,54.750483]]}},{"type":"Feature","properties":{"osm_id":"way/78433598","name":"ODIN 1","operator":"TDC","source_date":"2026-09-05T15:20:55Z"},"geometry":{"type":"LineString","coordinates":[[5.017783,53.567033],[5.017567,53.68375],[5.017133,53.68485],[5.017317,53.700017],[5.017567,53.7001],[5.0341,53.700517],[5.23455,53.783417],[5.33435,53.83355],[5.334633,53.833683],[5.501133,53.917217],[5.533433,53.9335],[5.5512,53.934817],[5.8015,54.067733],[5.8177,54.068017],[5.817917,54.06815],[5.81795,54.068217],[5.817917,54.083367],[5.81755,54.084517],[5.817533,54.1008],[5.817167,54.151533],[5.817433,54.166817],[5.8338,54.16725],[5.917817,54.21685],[5.9513,54.233733],[6.000367,54.250617],[6.017933,54.266983],[6.0336,54.267267],[6.067317,54.284233],[6.250033,54.368017],[6.301217,54.401117],[6.3168,54.4014],[6.31825,54.417233],[6.334717,54.41785],[6.45065,54.468317],[6.46785,54.4844],[6.483417,54.48465],[6.516683,54.5012],[6.51735,54.5167],[6.533833,54.517367],[6.534983,54.517917],[6.71695,54.6013],[6.984433,54.734733],[6.984867,54.734933],[7.068017,54.784083],[7.0839,54.784517],[7.201433,54.85085],[7.418133,54.96675],[7.450833,54.96675],[7.466717,54.96815],[7.466717,54.983617],[7.634283,55.06725],[7.650567,55.06775],[7.666717,55.08345],[7.800517,55.150267],[7.88345,55.18415],[7.8837,55.184217],[7.884383,55.184617],[7.900283,55.20005],[7.917017,55.201],[7.918,55.201517],[7.95055,55.21755],[7.967383,55.233633],[8.01715,55.250983],[8.050917,55.267717]]}},{"type":"Feature","properties":{"osm_id":"way/78433599","name":"Norsea Coms","operator":"Norsea Coms AS","source_date":"2026-09-05T15:20:55Z"},"geometry":{"type":"LineString","coordinates":[[2.2956299,56.4596819],[2.2966,56.489833],[2.297867,56.494783],[2.295983,56.503733],[2.299167,56.5105],[2.332183,56.67365],[2.331767,56.685033],[2.336067,56.69265],[2.3369,56.6968]]}},{"type":"Feature","properties":{"osm_id":"way/78433600","name":"Pangea North","operator":"ASN","source_date":"2026-09-05T15:20:55Z"},"geometry":{"type":"LineString","coordinates":[[8.450117,55.417433],[8.4501,55.417433],[8.450083,55.417533],[8.450717,55.417733],[8.451067,55.41795],[8.4513,55.418067],[8.451617,55.418167],[8.468183,55.433883],[8.483633,55.434117],[8.484867,55.434633],[8.500233,55.4348],[8.50035,55.434867],[8.500717,55.450017],[8.500767,55.45005],[8.500867,55.450167],[8.500917,55.45025]]}},{"type":"Feature","properties":{"osm_id":"way/78433601","name":"Lanis 2","operator":"Cable & Wireless","source_date":"2026-09-05T15:20:55Z"},"geometry":{"type":"LineString","coordinates":[[-4.69245,54.224033],[-4.690517,54.226183],[-4.684267,54.234533],[-4.689217,54.23655],[-4.690317,54.23675],[-4.696633,54.240133],[-4.701617,54.243367],[-4.711317,54.24685],[-4.787067,54.268933],[-4.829383,54.28],[-4.844917,54.284767],[-4.87745,54.29375],[-4.955383,54.31625],[-5.104867,54.3573],[-5.121083,54.372533],[-5.129033,54.376983],[-5.13715,54.3789],[-5.145417,54.388867],[-5.149417,54.397133],[-5.153517,54.40925],[-5.177817,54.419733],[-5.203017,54.4302],[-5.205017,54.430667],[-5.270717,54.480967],[-5.273383,54.482817],[-5.308033,54.51065],[-5.346167,54.539033],[-5.346983,54.541033],[-5.348717,54.540067],[-5.368667,54.542367],[-5.389467,54.544367],[-5.38865,54.542933],[-5.39155,54.54455],[-5.405267,54.544833],[-5.413267,54.544],[-5.44145,54.5461],[-5.451833,54.545467],[-5.45195,54.545317],[-5.465767,54.543067],[-5.483767,54.539917]]}},{"type":"Feature","properties":{"osm_id":"way/78433604","name":"Tampnet","operator":"Tampnet","source_date":"2026-09-05T15:20:55Z"},"geometry":{"type":"LineString","coordinates":[[3.3902,56.284483],[3.3889,56.286983],[3.3892,56.289133],[3.38925,56.29015],[3.386267,56.299183],[3.381267,56.312033],[3.37745,56.3211],[3.367433,56.330867],[3.365017,56.33225],[3.359067,56.334833],[3.351883,56.33675],[3.34395,56.3377],[3.3359,56.337533],[3.323833,56.335767],[3.316283,56.333917],[3.264283,56.324417],[3.256383,56.323733],[3.248183,56.323717],[3.240333,56.3243],[3.23285,56.3261],[3.218817,56.33035],[3.2155,56.3317],[3.209667,56.334483],[3.158567,56.357267],[3.155667,56.358433],[3.005667,56.425367],[2.976867,56.433167],[2.964833,56.435383],[2.9531,56.438233],[2.94725,56.4404],[2.944317,56.442033],[2.941533,56.444233],[2.937783,56.4466],[2.89325,56.46425],[2.836067,56.485583],[2.828917,56.487667],[2.821217,56.488817],[2.812917,56.489033],[2.80885,56.488617],[2.804217,56.487933],[2.800483,56.487167],[2.796233,56.486817],[2.7898,56.486867],[2.4201,56.463267],[2.404,56.461683],[2.3249,56.4552],[2.3199,56.45445],[2.313517,56.452517],[2.3057,56.451483],[2.301833,56.451617],[2.299883,56.452183],[2.297533,56.453333],[2.29655,56.454333],[2.295883,56.456033],[2.2956299,56.4596819]]}},{"type":"Feature","properties":{"osm_id":"way/78433605","name":"Lanis 1","operator":"Cable & Wireless","source_date":"2026-09-05T15:20:55Z"},"geometry":{"type":"LineString","coordinates":[[-3.0541411,53.7770813],[-3.0543395,53.7770388],[-3.0556902,53.7767619],[-3.067067,53.7744],[-3.09665,53.771333],[-3.1177,53.770917],[-3.150917,53.769167],[-3.159633,53.769017],[-3.17585,53.768217],[-3.226417,53.766217],[-3.285717,53.763583],[-3.301717,53.7631],[-3.311117,53.762783],[-3.3282,53.76175],[-3.33775,53.761617],[-3.420933,53.758917],[-3.440933,53.75705],[-3.441883,53.7568],[-3.601333,53.750217],[-3.790117,53.81875],[-3.828517,53.833967],[-3.926733,53.868883],[-4.151067,53.949617],[-4.153283,53.950617],[-4.306067,54.003683],[-4.370933,54.026417],[-4.371683,54.026817],[-4.381917,54.03045],[-4.3854,54.032117],[-4.40285,54.03775],[-4.389533,54.039533],[-4.432783,54.048533],[-4.55235,54.090633],[-4.559983,54.093483],[-4.56115,54.094717],[-4.561383,54.094633],[-4.561517,54.09425],[-4.563633,54.0942],[-4.576583,54.1017],[-4.577833,54.102633]]}},{"type":"Feature","properties":{"osm_id":"way/78433608","name":"Tampnet","operator":"Tampnet","source_date":"2026-09-05T15:20:55Z"},"geometry":{"type":"LineString","coordinates":[[2.4706149,58.1896301],[2.4702071,58.1714268],[2.4777174,57.7453278],[2.4820517,57.7395328],[2.6693341,57.4946124],[2.8612947,57.2405839],[2.9274272,57.1532821],[2.9395293,57.1374969],[2.9600429,57.1148085],[3.1191423,56.9425865],[3.355917,56.679683],[3.334367,56.614833],[3.2383,56.560733],[3.2329,56.555717],[3.2288003,56.5525467],[3.231276,56.5523944],[3.2313886,56.5523131],[3.2313055,56.5522126],[3.2294735,56.552214],[3.2290095,56.5513211],[3.2245195,56.5482533],[3.2217139,56.546201],[3.221884,56.5461521],[3.2246053,56.5480699],[3.2245463,56.54765],[3.2249647,56.5474371],[3.2252169,56.5469995],[3.2256299,56.5467599],[3.2275718,56.5465825],[3.229317,56.546383],[3.2328129,56.5460147],[3.232947,56.5457456],[3.2346529,56.5456421],[3.2428014,56.5450773],[3.2540882,56.544332],[3.2576179,56.5425931],[3.3232355,56.4920217],[3.345817,56.405017],[3.353567,56.386567],[3.35785,56.37515],[3.374367,56.33395],[3.376517,56.3278],[3.394117,56.2843],[3.395433,56.281617],[3.395567,56.280967],[3.396317,56.280183],[3.396917,56.278217],[3.39665,56.2528],[3.387983,56.251033],[3.37835,56.067317],[3.371767,55.915133],[3.402733,55.861933],[3.4094,55.84395],[3.411317,55.83495],[3.412817,55.825967],[3.4136,55.816967],[3.4135,55.807983],[3.408567,55.763083],[3.368,55.3984],[3.36575,55.385817],[3.364617,55.375583],[3.364317,55.374683],[3.285767,54.655433],[3.285267,54.64915],[3.28415,54.6487],[3.2842,54.648283],[3.282683,54.64825],[3.08695,54.57855],[3.080183,54.569367],[2.990067,54.538083],[2.97505,54.532317],[2.966017,54.529783],[2.6648927,54.4237892],[2.39725,54.32935],[2.327983,54.271183],[2.325567,54.269833],[2.323733,54.271017],[2.323483,54.270867],[2.323067,54.269283],[2.322467,54.268083],[2.322983,54.268633],[2.324183,54.268633],[2.325933,54.26795],[2.3265,54.266833],[2.32595,54.26585],[2.325833,54.265367],[2.324933,54.26515],[2.324867,54.26475],[2.323783,54.263633],[2.3385108,54.1387335],[2.3527321,54.0177709],[2.3704502,53.8665712],[2.386883,53.72585],[2.3876,53.71345],[2.39865,53.635883],[2.3993,53.62475],[2.4019,53.545883],[2.4165784,53.4472492],[2.4336,53.332583],[2.423383,53.291883],[2.407833,53.2823],[2.40075,53.270883],[2.403917,53.25895],[2.41235,53.248867],[2.398583,53.183383],[2.398233,53.167967],[2.399033,53.167],[2.398267,53.1653],[2.39845,53.157217],[2.39775,53.1564],[2.397967,53.155617],[2.39845,53.155233],[2.398567,53.100867],[2.398467,53.015533],[2.398583,52.832533],[2.3736,52.7892],[2.326533,52.696617],[2.2338,52.55795],[2.234067,52.557],[2.23315,52.556883],[2.210567,52.5193],[2.161467,52.436667],[1.965017,52.427067],[1.7974662,52.4502035],[1.7776393,52.4500988],[1.761589,52.4515373],[1.7414027,52.4531425],[1.7399865,52.4533517],[1.736708,52.4540974]]}},{"type":"Feature","properties":{"osm_id":"way/78433662","name":"PAN EUROPEAN CROSSING (PEC)","operator":"GLOBAL CROSSING","source_date":"2026-09-05T15:20:55Z"},"geometry":{"type":"LineString","coordinates":[[1.438359,51.3486943],[1.441,51.347667],[1.445833,51.345333],[1.448667,51.345],[1.499833,51.353667],[1.585983,51.357383],[1.618367,51.354667],[1.6373,51.355533],[1.691667,51.35915],[1.699117,51.362133],[1.7056,51.3708],[1.710217,51.376367],[1.725017,51.383317],[1.741667,51.384583],[1.780567,51.38325],[1.811083,51.3801],[1.856833,51.380183],[1.909967,51.380117],[1.996067,51.378467],[2.11975,51.3802],[2.142083,51.377017],[2.197083,51.379217],[2.41975,51.38305],[2.461767,51.391233],[2.467917,51.391367],[2.475217,51.391217],[2.497317,51.391383],[2.522317,51.384483],[2.53555,51.368567],[2.541183,51.356233],[2.550867,51.350883],[2.5645,51.347983],[2.6669,51.34425],[2.721617,51.342633],[2.74445,51.338733],[2.772,51.343783],[2.800017,51.3387],[2.873683,51.329983],[2.887,51.326667],[2.888983,51.324983],[2.889,51.3198],[2.888267,51.319617],[2.88765,51.319717],[2.888633,51.318883],[2.888717,51.311883],[2.89335,51.298017],[2.894883,51.28705],[2.9332,51.26505],[2.955017,51.253117],[2.9601383,51.2497444]]}},{"type":"Feature","properties":{"osm_id":"way/78433663","name":"RIOJA 3","operator":"KPN TELECOM BV","source_date":"2026-09-05T15:20:55Z"},"geometry":{"type":"LineString","coordinates":[[4.6203337,52.615883],[4.6016,52.619433],[4.6005,52.6201],[4.522467,52.641883],[4.425183,52.648083],[4.344817,52.63685],[4.34345,52.636317],[4.343267,52.63605],[4.330383,52.631567],[4.184033,52.624733],[3.998583,52.615833],[3.891083,52.578],[3.715383,52.515867],[3.691267,52.515917],[3.684517,52.5158],[3.680617,52.5151],[3.678617,52.51415],[3.619333,52.448117],[3.617733,52.444617],[3.5923,52.41825],[3.571383,52.394967],[3.569983,52.394183],[3.50155,52.315617],[3.476983,52.288],[3.47405,52.28695],[3.46015,52.2689],[3.457067,52.2653],[3.453333,52.259883],[3.451567,52.259167],[3.4342,52.23935],[3.43075,52.234967],[3.431117,52.233983],[3.43135,52.23375],[3.429733,52.23365],[3.4294,52.233433],[3.419017,52.219683],[3.397533,52.197867],[3.391783,52.192533],[3.391133,52.189983],[3.388117,52.18895],[3.383517,52.18195],[3.300417,52.087283],[3.2652,52.052433],[3.253833,52.03355],[3.2487,52.0275],[3.248633,52.021017],[3.24775,52.019133],[3.248617,51.982567],[3.255433,51.9778],[3.259017,51.97445],[3.261533,51.971267],[3.2477,51.950317],[3.244733,51.947917],[3.190767,51.862817],[3.185533,51.856483],[3.1787,51.84415],[3.0853,51.794117],[3.08425,51.794283],[3.0841,51.794633],[3.084317,51.795817],[3.083833,51.7955],[3.0819,51.795017],[3.0798,51.794133],[3.071833,51.793833],[3.070333,51.794],[3.057,51.794167],[2.991683,51.73785],[2.980667,51.727767],[2.919717,51.670283],[2.91745,51.66995],[2.906967,51.660383],[2.9038,51.657633],[2.886383,51.644617],[2.8831,51.64305],[2.8805,51.642333],[2.880333,51.642333],[2.878817,51.63895],[2.87775,51.63835],[2.857467,51.622983],[2.84245,51.608],[2.826883,51.601967],[2.800617,51.578983],[2.796483,51.57665],[2.795517,51.5758],[2.795667,51.574283],[2.795783,51.574],[2.79355,51.573733],[2.792583,51.5727],[2.728483,51.498967],[2.668333,51.480117],[2.666133,51.480567],[2.66335,51.478683],[2.6596,51.476217],[2.6485,51.473583],[2.641133,51.47145],[2.6269,51.467],[2.618333,51.465683],[2.6065,51.459833],[2.598,51.458833],[2.5742,51.452267],[2.550383,51.442483],[2.533333,51.42315],[2.516233,51.406783],[2.501983,51.387],[2.420867,51.29335],[2.425467,51.279317],[2.449967,51.270933],[2.467783,51.271267],[2.473167,51.2715],[2.474,51.272333],[2.479333,51.27],[2.482167,51.268],[2.484333,51.266083],[2.493883,51.2563],[2.53895,51.237933],[2.612933,51.199667],[2.62035,51.188033],[2.62615,51.176067],[2.6265,51.1698],[2.62895,51.1695],[2.635167,51.164333],[2.667333,51.157],[2.6807294,51.1380123],[2.6814831,51.1369438],[2.68185,51.136383]]}},{"type":"Feature","properties":{"osm_id":"way/78433664","name":"REMBRANDT 1","operator":"KPN TELECOM BV","source_date":"2026-09-05T15:20:55Z"},"geometry":{"type":"LineString","coordinates":[[4.604972,52.5564101],[4.5492696,52.5519186],[4.517617,52.550067],[4.5175,52.550033],[4.4523331,52.5449753],[4.3900044,52.5536847],[4.350683,52.567033],[4.300067,52.600867],[4.28455,52.60155],[4.2842,52.617633],[4.283933,52.61805],[4.283817,52.6182],[4.283567,52.63345],[4.268017,52.633733],[4.2674,52.6339],[4.266733,52.633967],[4.251033,52.633933],[4.250483,52.6338],[4.234733,52.63365],[4.000783,52.61755],[3.984067,52.617267],[3.9008,52.584583],[3.71725,52.517733],[3.701317,52.51755],[3.700917,52.51755],[3.700767,52.5176],[3.700017,52.517567],[3.68485,52.51755],[3.668033,52.517517],[3.666867,52.51735],[3.500967,52.467733],[3.50025,52.467567],[3.3677,52.433883],[3.36745,52.433733],[3.367233,52.4337],[3.333767,52.417983],[3.300817,52.418033],[3.2845,52.4179],[3.216717,52.417983],[3.200983,52.418033],[3.184917,52.41815],[3.183883,52.41815],[3.168267,52.418117],[3.1682,52.4181],[3.151167,52.41795],[3.067067,52.41815],[3.000467,52.418233],[2.9668,52.433333],[2.917367,52.433483],[2.901583,52.433567],[2.818317,52.433883],[2.751517,52.434117],[2.751317,52.434133],[2.684367,52.434367],[2.667367,52.4342],[2.367983,52.450017],[2.31715,52.450283],[2.266817,52.434783],[2.251167,52.434733],[2.250217,52.434617],[2.21725,52.434333],[2.2005,52.433883],[2.184517,52.433417],[2.1679,52.417983],[2.151167,52.41775],[2.0177,52.4177],[1.933883,52.417633],[1.900167,52.417767],[1.8835,52.41765],[1.86745,52.417617],[1.867467,52.4176],[1.85105,52.4176],[1.850133,52.417683],[1.8346,52.417967],[1.81675,52.433383],[1.801017,52.433583],[1.784683,52.433733],[1.783433,52.4344],[1.783383,52.434417],[1.783383,52.434517],[1.767483,52.434683],[1.751017,52.43475],[1.733583,52.45015],[1.733583,52.450183],[1.733467,52.450167]]}},{"type":"Feature","properties":{"osm_id":"way/78433822","name":"PTAT","operator":"Cable & Wireless","source_date":"2026-09-05T15:20:55Z"},"geometry":{"type":"LineString","coordinates":[[-23.7347,49.501233],[-23.700133,49.51765],[-23.500967,49.633717],[-23.150517,49.9167],[-23.183717,50.050067],[-23.167683,50.1334],[-23.0501,50.23345],[-22.900383,50.23495],[-22.117033,50.217467],[-21.98495,50.2016],[-21.30095,50.21675],[-21.000017,50.216683],[-20.518317,50.150483],[-20.0004,50.068317],[-19.768317,50.051167],[-19.000783,49.9835],[-18.217717,49.900683],[-17.984917,49.868317],[-17.417517,49.90085],[-16.634783,49.9339],[-16.5512,49.934617],[-16.4007,49.967783],[-16.018,49.966833],[-15.867683,49.967717],[-15.083783,50.00095],[-14.30075,50.034217],[-13.5516,50.06735],[-13.08415,50.084533],[-12.75145,50.1011],[-12.700333,50.101417],[-12.600967,50.116733],[-12.56695,50.100167],[-12.5168,50.033533],[-12.500683,50.016917],[-12.45075,49.950417],[-12.416717,49.934217],[-12.151167,49.950867],[-12.08375,49.951417],[-11.717233,50.000533],[-11.4847,50.00055],[-11.450833,50.000667],[-11.417167,50.00075],[-11.25155,50.001017],[-11.234167,50.017117],[-11.15065,50.017567],[-11.067767,50.017233],[-10.96725,50.033817],[-10.8676,50.03455],[-10.800017,50.067733],[-10.734333,50.068067],[-10.0016,50.117733],[-9.86725,50.133617],[-9.850333,50.1338],[-9.4338,50.1514],[-9.400017,50.1667],[-9.318167,50.20005],[-9.300833,50.201083],[-8.783583,50.450783],[-8.767417,50.466917],[-8.751517,50.467433],[-8.71785,50.484133],[-8.6009,50.534967],[-8.484383,50.600467],[-8.400883,50.634583],[-8.384817,50.651217],[-8.3675,50.684967],[-8.367033,50.717483],[-8.3514,50.717733],[-8.216683,50.784583],[-8.100717,50.834467],[-8.100033,50.834917],[-7.984617,50.884533],[-7.983967,50.884933],[-7.917933,50.918],[-7.751083,51.0003],[-7.684217,51.033433],[-7.683667,51.033717],[-7.40005,51.15165],[-7.150567,51.200767],[-7.134533,51.200917],[-6.584867,51.3],[-6.3844,51.300183],[-6.36725,51.284633],[-5.634533,51.2842],[-5.4506,51.284167],[-5.4334,51.2841],[-5.283883,51.283917],[-4.88455,51.283567],[-4.600833,51.28335],[-4.517633,51.283333],[-4.46735,51.283433],[-4.417733,51.283367],[-4.1347,51.283733],[-4.00015,51.283967],[-3.884833,51.284083],[-3.834133,51.284233],[-3.783417,51.284167],[-3.66765,51.267633],[-3.500517,51.250117],[-3.450083,51.250133],[-3.3849,51.2502],[-3.333583,51.250133],[-3.1675,51.266833],[-3.034033,51.283383],[-3.0156683,51.2842571],[-3.0152079,51.2859436],[-3.0131534,51.2860459]]}},{"type":"Feature","properties":{"osm_id":"way/78433823","name":"Jersey-Guernsey 4","operator":"C&W Guernsey","source_date":"2026-09-05T15:20:55Z"},"geometry":{"type":"LineString","coordinates":[[-2.201783,49.247083],[-2.2023,49.266583],[-2.208967,49.27075],[-2.22505,49.277817],[-2.24755,49.290267],[-2.446833,49.308717],[-2.450467,49.3102],[-2.467067,49.3176],[-2.540133,49.404433],[-2.543983,49.408717],[-2.557767,49.423383]]}},{"type":"Feature","properties":{"osm_id":"way/78433824","name":"PTAT IRISH BRANCH","operator":"Cable & Wireless","source_date":"2026-09-05T15:20:55Z"},"geometry":{"type":"LineString","coordinates":[[-7.917933,50.918],[-7.9177,50.951],[-7.917983,50.9513],[-7.918167,50.966783],[-7.934917,51.0835],[-7.9502,51.084083],[-7.950617,51.084667],[-8.350617,51.451017],[-8.3847,51.48455],[-8.41745,51.5015],[-8.550167,51.567233],[-8.55075,51.567967],[-8.584233,51.600833],[-8.568083,51.634417]]}},{"type":"Feature","properties":{"osm_id":"way/78433826","name":"RIOJA 1","operator":"BT","source_date":"2026-09-05T15:20:55Z"},"geometry":{"type":"LineString","coordinates":[[-5.652017,50.04365],[-5.640933,50.035267],[-5.64525,50.024383],[-5.6538,50.0118],[-5.6584,49.99835],[-5.66965,49.984883],[-5.670567,49.9836],[-5.691833,49.960383],[-5.692967,49.9577],[-5.710033,49.93705],[-5.725133,49.910933],[-5.78835,49.832983],[-5.808283,49.805267],[-5.8283,49.7815],[-5.840033,49.760383],[-5.842117,49.75715],[-5.932483,49.628667],[-5.932933,49.627767],[-6.018217,49.506433],[-6.055833,49.4518],[-6.094267,49.396367],[-6.116833,49.369667],[-6.118833,49.362167],[-6.231167,49.201667],[-6.229167,49.200167],[-6.253067,49.1666],[-6.2677,49.148617],[-6.279817,49.127],[-6.318717,49.07035],[-6.4215,48.9197],[-6.4215,48.918483],[-6.425217,48.9141],[-6.452467,48.873717],[-6.472933,48.844133],[-6.5353,48.751083],[-6.601717,48.652517],[-6.617633,48.63445],[-6.683917,48.535083],[-6.698833,48.50735],[-6.7341,48.453783],[-6.74965,48.435667],[-6.7584,48.417667],[-6.827083,48.314083],[-6.884683,48.2267],[-6.8886,48.22025],[-6.939417,48.143617],[-7.025317,48.011933],[-7.033,47.999883],[-7.033533,47.816467],[-7.03325,47.812],[-7.03335,47.803733],[-7.030483,47.7826],[-7.03335,47.758733],[-7.033333,47.66655],[-7.05075,47.640767],[-7.199617,47.5675],[-7.207117,47.567317],[-7.212367,47.561983],[-7.222867,47.5563],[-7.236767,47.5507],[-7.242867,47.541517],[-7.251417,47.5271],[-7.252167,47.526317],[-7.2595,47.50145],[-7.271617,47.478233],[-7.27735,47.470567],[-7.273083,47.457383],[-7.26745,47.441433],[-7.285983,47.39085],[-7.312617,47.362617],[-7.341767,47.311],[-7.3473,47.300167],[-7.41985,47.239017],[-7.495967,47.1476],[-7.5166,47.123433],[-7.513433,47.1011],[-7.5124,47.092517],[-7.499683,46.9867],[-7.1645,46.738117],[-7.16325,46.68755],[-7.163167,46.658667],[-7.132433,46.614983],[-6.939533,46.508567],[-6.89015,46.480817],[-6.671,46.360883],[-6.609667,46.325233],[-6.4662,46.235317],[-6.3334,46.169783],[-6.27735,46.157433],[-6.1507,46.132667],[-6.01635,45.97205],[-5.861083,45.956017],[-5.637517,45.9326],[-5.423517,45.755567],[-5.179267,45.550467],[-4.992767,45.3926],[-4.8404,45.26225],[-4.628617,45.080567],[-4.53815,45.001583],[-4.42835,44.906467],[-4.1545,44.666983],[-4.081083,44.572333],[-4.041133,44.521967],[-4.025817,44.500867],[-3.85565,44.390217],[-3.8291,44.363233],[-3.829183,44.118317],[-3.875633,43.984067],[-3.904183,43.900033],[-3.90195,43.879067],[-3.888083,43.761067],[-3.904567,43.706],[-3.893733,43.690383],[-3.88055,43.666417],[-3.8747,43.658867],[-3.872367,43.643983],[-3.870933,43.642233],[-3.865233,43.634133],[-3.858367,43.625967],[-3.858833,43.607883],[-3.85925,43.602917],[-3.852567,43.58565],[-3.862117,43.563233],[-3.877383,43.5527],[-3.891183,43.5281],[-3.8837,43.51365],[-3.865567,43.48305],[-3.8771,43.477367]]}},{"type":"Feature","properties":{"osm_id":"way/78433937","name":"SEGMENT10","operator":"FOROYA TELE","source_date":"2026-09-05T15:20:55Z"},"geometry":{"type":"LineString","coordinates":[[-6.881783,61.903967],[-6.880167,61.904267],[-6.875583,61.904567],[-6.87605,61.9118],[-6.8601,61.926867],[-6.8556,61.942633],[-6.832133,61.950983],[-6.816267,61.959233],[-6.81845,61.961183]]}},{"type":"Feature","properties":{"osm_id":"way/78433938","name":"SHEFA-2 Seg 7-1","operator":"Foroya Tele","source_date":"2026-09-05T15:20:55Z"},"geometry":{"type":"LineString","coordinates":[[-2.9278262,60.505565],[-2.946217,60.514883],[-3.078367,60.582233],[-3.0998,60.59705],[-3.126433,60.610567],[-3.172417,60.62985],[-3.2107,60.648867],[-3.2395,60.661067],[-3.242467,60.661967],[-3.253917,60.666633],[-3.330317,60.705117],[-3.4195,60.7553],[-3.506933,60.800017],[-3.537017,60.813417],[-3.574483,60.833517],[-3.671733,60.880783],[-3.712033,60.89835],[-3.734133,60.90735],[-3.753333,60.9156],[-3.814883,60.948367],[-3.831133,60.955633],[-3.850367,60.966033],[-3.86835,60.973133],[-3.96945,61.024033],[-4.178333,61.0894],[-4.2455,61.1118],[-4.317467,61.132483],[-4.435317,61.1688],[-4.4795,61.18485],[-4.570783,61.212883],[-4.6234,61.226417],[-4.670367,61.2409],[-4.714833,61.257617],[-4.811767,61.286417],[-4.89085,61.307367],[-4.964333,61.32965],[-4.973033,61.332033],[-4.9749,61.33575],[-4.9753,61.338133],[-4.975633,61.3382],[-4.976,61.337983],[-4.976083,61.337383],[-4.983933,61.3359],[-4.985367,61.335983],[-4.986833,61.336283],[-5.002117,61.341],[-5.04825,61.356467],[-5.09725,61.369567],[-5.14495,61.383683],[-5.168133,61.391517],[-5.192633,61.398],[-5.25645,61.416817],[-5.3608,61.446883],[-5.407817,61.46165],[-5.913317,61.609],[-6.0767,61.660117],[-6.15315,61.700667],[-6.1975,61.7354],[-6.246167,61.759467],[-6.275867,61.782517],[-6.283667,61.795017],[-6.3079,61.813333],[-6.342767,61.83465],[-6.387917,61.869],[-6.408317,61.894683],[-6.468533,61.939967],[-6.49855,61.955217],[-6.50895,61.9628],[-6.516217,61.966167],[-6.54915,61.9825],[-6.563883,61.995817],[-6.586783,62.002517],[-6.604683,62.00965],[-6.6319,62.02615],[-6.695,62.032817],[-6.708083,62.0359],[-6.715917,62.03715],[-6.723333,62.040533],[-6.764067,62.04875],[-6.770517,62.0486],[-6.7716,62.046867]]}},{"type":"Feature","properties":{"osm_id":"way/78433939","name":"Segment 2","operator":"Foroya Tele","source_date":"2026-09-05T15:20:55Z"},"geometry":{"type":"LineString","coordinates":[[-6.6601,61.830967],[-6.655633,61.834433],[-6.6428,61.8405],[-6.603133,61.838633],[-6.567617,61.81765],[-6.55635,61.80365],[-6.5445,61.752733],[-6.54085,61.734683],[-6.5386,61.732883],[-6.515533,61.625333],[-6.517883,61.598967],[-6.515717,61.58325],[-6.520717,61.579367],[-6.542133,61.560867],[-6.560283,61.552183],[-6.567267,61.5454],[-6.5754,61.54165],[-6.591867,61.530667],[-6.600717,61.5208],[-6.618133,61.51755],[-6.62495,61.512483],[-6.629767,61.499283],[-6.648767,61.484067],[-6.665833,61.4781],[-6.670167,61.468417],[-6.678217,61.462767],[-6.6866,61.461217],[-6.69035,61.459983],[-6.701617,61.459067],[-6.70585,61.4545],[-6.70455,61.451717],[-6.712217,61.447567],[-6.7227,61.442883]]}},{"type":"Feature","properties":{"osm_id":"way/78433941","name":"Segment 3","operator":"Foroya Tele","source_date":"2026-09-05T15:20:55Z"},"geometry":{"type":"LineString","coordinates":[[-7.147017,62.2895],[-7.1372,62.297633],[-7.132417,62.2985],[-7.119567,62.29805],[-7.105017,62.2967],[-7.1017507,62.2967685],[-7.0978699,62.2969733],[-7.0973195,62.297677],[-7.0973972,62.2984865]]}},{"type":"Feature","properties":{"osm_id":"way/78433942","name":"Segment 4","operator":"Foroya Tele","source_date":"2026-09-05T15:20:55Z"},"geometry":{"type":"LineString","coordinates":[[-6.769633,62.042517],[-6.7616,62.042217],[-6.760817,62.0424],[-6.755783,62.041117],[-6.741133,62.035433],[-6.733767,62.03],[-6.72815,62.02805],[-6.707217,62.019683],[-6.701517,62.018617],[-6.6893,62.013917],[-6.6814,62.015067]]}},{"type":"Feature","properties":{"osm_id":"way/78434058","name":"SHEFA-2 Seg 9","operator":"FOROYA TELE","source_date":"2026-09-05T15:20:55Z"},"geometry":{"type":"LineString","coordinates":[[-2.542383,57.893433],[-2.544017,57.933867],[-2.548033,57.96095],[-2.554033,58.10975],[-2.549067,58.140883],[-2.563933,58.203033],[-2.56335,58.24225],[-2.59485,58.418067],[-2.608867,58.45095],[-2.6233,58.5392],[-2.62345,58.565117],[-2.6244,58.57215],[-2.621717,58.5736],[-2.621517,58.573733],[-2.6246,58.574667],[-2.625217,58.575183],[-2.626117,58.579417],[-2.62685,58.58085],[-2.63,58.583267],[-2.6308,58.5886],[-2.628767,58.590183],[-2.628333,58.59145],[-2.63165,58.6124],[-2.631967,58.6156],[-2.6487,58.710483],[-2.739783,58.763517],[-2.778267,58.78325],[-2.81565,58.804317],[-2.890117,58.81035],[-2.911517,58.808583]]}},{"type":"Feature","properties":{"osm_id":"way/78434059","name":"SHEFA-2 Seg6","operator":"Foroya Tele","source_date":"2026-09-05T15:20:55Z"},"geometry":{"type":"LineString","coordinates":[[-2.544067,60.687717],[-2.5446,60.68735],[-2.5287,60.6773],[-2.506333,60.646017],[-2.485,60.62195],[-2.487333,60.61045],[-2.587933,60.58535],[-2.609,60.581167],[-2.739917,60.54955],[-2.86325,60.523083],[-2.88025,60.516117],[-2.895783,60.5129],[-2.9348,60.510583],[-2.93385,60.50965],[-2.9278262,60.505565]]}},{"type":"Feature","properties":{"osm_id":"way/78434060","name":"SHEFA-2 Seg 7-3","operator":"Foroya Tele","source_date":"2026-09-05T15:20:55Z"},"geometry":{"type":"LineString","coordinates":[[-1.3241965,60.0055519],[-1.3247,60.0056],[-1.328,60.0084],[-1.3293,60.0121],[-1.3355,60.0135],[-1.3635,60.0137],[-1.4055,60.0147],[-1.4985,60.0243],[-1.6834,60.0379],[-1.7638,60.041],[-1.816,60.0497],[-1.8947,60.0566],[-1.9998,60.0642],[-2.1047,60.0716],[-2.1625,60.1019],[-2.2,60.1243],[-2.3992,60.2287],[-2.4262,60.2506],[-2.4757,60.2725],[-2.4922,60.2815],[-2.5312,60.3068],[-2.5738,60.3196],[-2.575,60.3205],[-2.607,60.341],[-2.6247,60.3499],[-2.6307,60.3551],[-2.6606,60.3728],[-2.6696,60.3765],[-2.6734,60.3809],[-2.6882,60.3867],[-2.7203,60.4026],[-2.7274,60.4067],[-2.7701,60.4287],[-2.7928,60.4366],[-2.9181,60.5007],[-2.9278262,60.505565]]}},{"type":"Feature","properties":{"osm_id":"way/78434061","name":"SHEFA-2 Seg 8","operator":"Foroya Tele","source_date":"2026-09-05T15:20:55Z"},"geometry":{"type":"LineString","coordinates":[[-2.90605,58.837017],[-2.9031209,58.8373987],[-2.900783,58.838317],[-2.889583,58.8369],[-2.839983,58.839817],[-2.809383,58.846633],[-2.695333,58.85155],[-2.665133,58.849017],[-2.657333,58.848533],[-2.652283,58.848683],[-2.651583,58.849683],[-2.651217,58.8496],[-2.650083,58.8485],[-2.6473,58.84815],[-2.6443,58.848483],[-2.58615,58.84835],[-2.517217,58.873533],[-2.481567,58.889217],[-2.479417,58.893617],[-2.465517,58.89625],[-2.448167,58.903833],[-2.40765,58.918617],[-2.35905,58.931017],[-2.176133,58.996767],[-2.123617,59.017483],[-2.082017,59.033017],[-1.973467,59.0711],[-1.9483,59.082833],[-1.7823,59.1387],[-1.716533,59.163483],[-1.650217,59.185183],[-1.6083,59.20135],[-1.583383,59.209633],[-1.55205,59.217833],[-1.508067,59.2325],[-1.47575,59.245383],[-1.4143,59.26925],[-1.36835,59.284183],[-1.251217,59.324617],[-1.24835,59.3543],[-1.232383,59.3847],[-1.243467,59.40565],[-1.23615,59.419717],[-1.22635,59.438033],[-1.221233,59.4584],[-1.226967,59.473133],[-1.21635,59.546083],[-1.214467,59.586667],[-1.213333,59.593833],[-1.204433,59.653817],[-1.20455,59.657883],[-1.20475,59.676983],[-1.188733,59.733933],[-1.18475,59.760767],[-1.18615,59.78785],[-1.17615,59.855117],[-1.16785,59.868717],[-1.16725,59.87545],[-1.169667,59.882],[-1.165583,59.8984],[-1.222333,59.958083],[-1.222767,59.988683],[-1.22555,59.995833]]}},{"type":"Feature","properties":{"osm_id":"way/78434062","name":"SHEFA-2 Seg5","operator":"Foroya Tele","source_date":"2026-09-05T15:20:55Z"},"geometry":{"type":"LineString","coordinates":[[-3.912667,60.35045],[-3.85115,60.3219],[-3.835767,60.312467],[-3.832817,60.311617],[-3.82945,60.30925],[-3.808283,60.2986],[-3.776883,60.29415],[-3.678917,60.31895],[-3.672933,60.3227],[-3.634083,60.3323],[-3.61305,60.336633],[-3.591817,60.342833],[-3.563433,60.348117],[-3.46595,60.37215],[-3.43105,60.381433],[-3.213583,60.435433],[-2.9278262,60.505565]]}},{"type":"Feature","properties":{"osm_id":"way/78434175","name":"Scotland-Northern Ireland 2","operator":"BT","source_date":"2026-09-05T15:20:55Z"},"geometry":{"type":"LineString","coordinates":[[-4.859517,55.227617],[-4.871167,55.22935],[-4.886867,55.229867],[-4.897717,55.228617],[-4.902667,55.228117],[-4.904833,55.228717],[-4.90455,55.228217],[-4.905667,55.22775],[-4.918067,55.226383],[-4.934017,55.229133],[-4.93665,55.228967],[-4.954083,55.228967],[-4.973367,55.219533],[-5.02785,55.218583],[-5.163783,55.21985],[-5.20965,55.204417],[-5.241233,55.193333],[-5.251117,55.189583],[-5.28115,55.160783],[-5.326467,55.088533],[-5.327317,55.087467],[-5.3429,55.06035],[-5.344333,55.0586],[-5.386183,55.034783],[-5.390483,55.03265],[-5.424,55.006167],[-5.453617,54.9837],[-5.4636,54.9779],[-5.473117,54.974583],[-5.4989,54.962033],[-5.515133,54.953833],[-5.54885,54.933717],[-5.5543,54.93325],[-5.555217,54.93335],[-5.555517,54.933367],[-5.555033,54.931117],[-5.555367,54.929683],[-5.5612,54.92685],[-5.5693,54.925167],[-5.576,54.923367],[-5.59,54.920517],[-5.602333,54.917167],[-5.61885,54.914283],[-5.6571,54.902417],[-5.695,54.903517],[-5.711833,54.903833],[-5.738817,54.9008],[-5.740917,54.898983],[-5.764467,54.898817],[-5.80605,54.886633],[-5.814567,54.882617],[-5.816367,54.883033],[-5.827217,54.87665]]}},{"type":"Feature","properties":{"osm_id":"way/78434177","name":"SCOTLAND-N.IRELAND 1","operator":"BT","source_date":"2026-09-05T15:20:55Z"},"geometry":{"type":"LineString","coordinates":[[-5.5346,54.62325],[-5.523583,54.622783],[-5.519133,54.622783],[-5.509133,54.623883],[-5.50135,54.625],[-5.494417,54.626383],[-5.48025,54.629717],[-5.4658,54.632783],[-5.45135,54.636117],[-5.446083,54.6375],[-5.4383,54.640833],[-5.42885,54.64195],[-5.4233,54.643333],[-5.399967,54.647783],[-5.394967,54.649167],[-5.371633,54.655],[-5.34275,54.6625],[-5.341917,54.663333],[-5.336633,54.6675],[-5.319417,54.6825],[-5.306917,54.692783],[-5.302183,54.697217],[-5.293583,54.704717],[-5.289133,54.710833],[-5.283583,54.714167],[-5.2758,54.717217],[-5.27135,54.724167],[-5.25775,54.736383],[-5.25135,54.736667],[-5.24385,54.73555],[-5.24775,54.7425],[-5.248583,54.74445],[-5.226083,54.76445],[-5.21775,54.77195],[-5.209417,54.779717],[-5.19775,54.789717],[-5.193017,54.79445],[-5.184683,54.801667],[-5.176633,54.80945],[-5.149967,54.835833],[-5.143983,54.84115],[-5.144067,54.84185],[-5.1288,54.8513]]}},{"type":"Feature","properties":{"osm_id":"way/78434386","name":"Sirius South","operator":"NTL","source_date":"2026-09-05T15:20:55Z"},"geometry":{"type":"LineString","coordinates":[[-3.02485,53.744117],[-3.025783,53.743383],[-3.02805,53.743533],[-3.258333,53.739133],[-3.33465,53.734067],[-3.358083,53.732517],[-3.588667,53.729667],[-3.591333,53.7315],[-3.599167,53.729667],[-3.604,53.727833],[-3.632017,53.727633],[-3.795117,53.726483],[-3.883333,53.725],[-3.929767,53.72495],[-3.944217,53.724767],[-3.947317,53.72505],[-3.952767,53.724967],[-3.9561,53.723517],[-3.956167,53.723733],[-3.956467,53.724633],[-4.016133,53.724483],[-4.017417,53.724817],[-4.023267,53.725583],[-4.02315,53.723917],[-4.130033,53.723917],[-4.135133,53.723667],[-4.142,53.723683],[-4.1429,53.723317],[-4.144033,53.722217],[-4.144367,53.722333],[-4.146967,53.723717],[-4.192183,53.723533],[-4.205317,53.721417],[-4.208017,53.7236],[-4.216767,53.7232],[-4.217317,53.72305],[-4.219283,53.723417],[-4.295867,53.723183],[-4.298833,53.726283],[-4.311067,53.726533],[-4.312833,53.727233],[-4.31215,53.7266],[-4.31725,53.72425],[-4.318517,53.723],[-4.576283,53.720717],[-4.645633,53.719933],[-4.694233,53.7019],[-4.696133,53.699333],[-4.70285,53.699133],[-4.7232,53.691767],[-4.74785,53.67525],[-4.883333,53.633333],[-5.0,53.563333],[-5.096667,53.563317],[-5.1163,53.567033],[-5.123167,53.567033],[-5.14065,53.562933],[-5.163333,53.562333],[-5.166333,53.556067],[-5.16645,53.56065],[-5.169433,53.5625],[-5.178167,53.56245],[-5.181117,53.5644],[-5.1816,53.564367],[-5.18545,53.563033],[-5.188533,53.56245],[-5.233933,53.562083],[-5.235967,53.563183],[-5.236167,53.5635],[-5.2393,53.562067],[-5.269467,53.561983],[-5.270183,53.5616],[-5.27125,53.560733],[-5.2789,53.56065],[-5.279067,53.56155],[-5.282417,53.5619],[-5.284933,53.561783],[-5.287617,53.560233],[-5.287817,53.560117],[-5.290533,53.5618],[-5.380933,53.561767],[-5.379083,53.563183],[-5.388167,53.5617],[-5.389417,53.562],[-5.5119,53.560033],[-5.636333,53.559],[-5.641167,53.556333],[-5.645333,53.558833],[-5.648333,53.558833],[-5.91195,53.489833],[-5.969167,53.474833],[-5.969333,53.474667],[-5.971933,53.474083],[-6.0,53.466667],[-6.057683,53.452733],[-6.072367,53.447933],[-6.0751,53.4472],[-6.091283,53.444433],[-6.124133,53.432833]]}},{"type":"Feature","properties":{"osm_id":"way/78434600","name":"Solas","operator":"Cable & Wireless","source_date":"2026-09-05T15:20:55Z"},"geometry":{"type":"LineString","coordinates":[[-6.593383,52.1747],[-6.59405,52.174517],[-6.594367,52.175167],[-6.6075,52.172333],[-6.631833,52.155567],[-6.665333,52.140833],[-6.67915,52.120217],[-6.690533,52.1105],[-6.697667,52.1012],[-6.70255,52.0857],[-6.708067,52.077433],[-6.708817,52.05435],[-6.713333,52.028333],[-6.555,51.793333],[-6.491517,51.743233],[-6.470333,51.737917],[-6.4645,51.7366],[-6.224017,51.645317],[-6.15155,51.620017],[-6.058333,51.583333],[-5.98,51.536667],[-5.716667,51.456667],[-5.6315,51.4508],[-5.363333,51.431667],[-5.30185,51.42175],[-5.208167,51.41],[-5.200417,51.4025],[-5.122317,51.399133],[-5.05575,51.390783],[-4.94105,51.408133],[-4.923783,51.408133],[-4.922067,51.409183],[-4.9185,51.409517],[-4.91895,51.4099],[-4.920133,51.411133],[-4.91535,51.415867],[-4.912983,51.416433],[-4.868417,51.419083],[-4.703567,51.443933],[-4.6846,51.448617],[-4.6616,51.4502],[-4.516667,51.471667],[-4.333333,51.486667],[-4.195,51.511333],[-4.185,51.521],[-4.185,51.524483],[-4.181233,51.530183],[-4.185,51.5339],[-4.207,51.543567],[-4.210233,51.544233]]}},{"type":"Feature","properties":{"osm_id":"way/78434602","name":"Swansea/Brean","operator":"Cable & Wireless","source_date":"2026-09-05T15:20:55Z"},"geometry":{"type":"LineString","coordinates":[[-3.0131387,51.2861049],[-3.013983,51.286133],[-3.0155067,51.2862758],[-3.076417,51.287017],[-3.34125,51.259],[-3.4268,51.2589],[-3.430533,51.258283],[-3.449133,51.259017],[-3.460717,51.260433],[-3.461417,51.26055],[-3.484117,51.258517],[-3.483783,51.258883],[-3.501367,51.2591],[-3.526183,51.26265],[-3.567817,51.268867],[-3.588183,51.273033],[-3.596933,51.273867],[-3.7113,51.292367],[-3.798783,51.32295],[-3.800883,51.323433],[-3.809967,51.326617],[-3.814267,51.3267],[-3.816383,51.32905],[-3.84235,51.3414],[-3.848133,51.343],[-3.85435,51.345933],[-3.856533,51.348267],[-3.985083,51.40975],[-3.992967,51.419033],[-3.993667,51.450167],[-3.99655,51.45675],[-3.996467,51.503267],[-4.0142,51.52],[-4.019867,51.52495],[-4.063,51.539],[-4.09825,51.55025],[-4.12935,51.558867],[-4.133867,51.5592],[-4.146917,51.557417],[-4.161367,51.5574]]}},{"type":"Feature","properties":{"osm_id":"way/78434983","name":"SEA-ME-WE 3 SEG 10.3","operator":"BT","source_date":"2026-09-05T15:20:55Z"},"geometry":{"type":"LineString","coordinates":[[2.88375,51.218417],[2.8846,51.21885],[2.877417,51.225417],[2.86995,51.227717],[2.838167,51.247467],[2.835633,51.247933],[2.790333,51.2775],[2.752833,51.325833],[2.722,51.338333],[2.688667,51.339517],[2.68765,51.339317],[2.68735,51.338983],[2.687167,51.33885],[2.686933,51.339567],[2.66515,51.340433],[2.6166667,51.34],[2.553667,51.344167],[2.541233,51.347833],[2.539783,51.34815],[2.5395,51.348967],[2.538983,51.348733],[2.538017,51.348267],[2.534283,51.348333],[2.529533,51.3498],[2.519233,51.35155],[2.510767,51.3502],[2.510267,51.3508],[2.502917,51.34985],[2.501783,51.349],[2.5016,51.34875],[2.500083,51.349567],[2.491033,51.348617],[2.489417,51.348167]]}},{"type":"Feature","properties":{"osm_id":"way/78434985","name":"SEA-ME-WE3 SEG 10.1","operator":"BT","source_date":"2026-09-05T15:20:55Z"},"geometry":{"type":"LineString","coordinates":[[-4.344367,47.8395],[-4.344583,47.839733],[-4.373617,47.847283],[-4.383467,47.850083],[-4.41715,47.8566],[-4.46685,47.867333],[-4.600017,47.877817],[-4.64255,47.884117],[-4.713417,47.886667],[-4.738983,47.887433],[-4.771,47.885933],[-4.92745,47.889583],[-4.9713,47.889467],[-5.11625,47.906417],[-5.23935,47.929433],[-5.33335,47.94995],[-5.397567,47.979533],[-5.4121,47.989967],[-5.431783,48.0],[-5.578683,48.074983],[-5.8143,48.194417],[-5.814333,48.1959],[-5.817583,48.196033],[-5.817967,48.19635],[-5.860717,48.217117],[-5.846867,48.24105],[-5.823867,48.298283],[-5.811833,48.326567],[-5.81065,48.32875],[-5.809483,48.331333],[-5.808533,48.331717],[-5.80765,48.331783],[-5.8069,48.331867],[-5.806883,48.33205],[-5.80825,48.333767],[-5.808417,48.334467],[-5.795167,48.365933],[-5.772217,48.41915],[-5.760633,48.4469],[-5.744183,48.485267],[-5.73285,48.509267],[-5.73035,48.517833],[-5.704383,48.578133],[-5.6972,48.5901],[-5.691467,48.605083],[-5.6816,48.631817],[-5.666617,48.666667],[-5.6586,48.674],[-5.65495,48.673817],[-5.655183,48.674],[-5.656683,48.6755],[-5.653333,48.67755],[-5.65115,48.680483],[-5.638583,48.692067],[-5.6356,48.695067],[-5.62365,48.703133],[-5.618517,48.706867],[-5.6178,48.70605],[-5.616683,48.705883],[-5.617417,48.706183],[-5.6177,48.70705],[-5.61425,48.71125],[-5.6098,48.7156],[-5.593817,48.732417],[-5.589683,48.73265],[-5.592117,48.73475],[-5.588533,48.737717],[-5.5845,48.742033],[-5.56475,48.7604],[-5.56035,48.7638],[-5.557483,48.766483],[-5.55405,48.766467],[-5.554317,48.7668],[-5.5557,48.76825],[-5.466667,48.85],[-5.447817,48.90675],[-5.42905,48.95855],[-5.420583,48.997483],[-5.4198,48.999933],[-5.417717,49.008167],[-5.419133,49.0098],[-5.4196,49.010333],[-5.416317,49.010983],[-5.415617,49.013617],[-5.393117,49.083333],[-5.38,49.124283],[-5.3727,49.14055],[-5.3724,49.1418],[-5.3741,49.1436],[-5.3714,49.144],[-5.370533,49.144667],[-5.369667,49.147667],[-5.367567,49.153317],[-5.361,49.17245],[-5.3608,49.173567],[-5.356533,49.185717],[-5.35265,49.186],[-5.353183,49.186483],[-5.354967,49.188067],[-5.354783,49.190583],[-5.352383,49.197583],[-5.338917,49.238783],[-5.327967,49.270333],[-5.32485,49.280667],[-5.323917,49.282533],[-5.323167,49.282983],[-5.32205,49.283017],[-5.322133,49.283117],[-5.323017,49.283283],[-5.32345,49.283617],[-5.3211,49.290567],[-5.31295,49.316867],[-5.31225,49.319717],[-5.311017,49.323633],[-5.311,49.324233],[-5.30785,49.337267],[-5.30365,49.351217],[-5.2724,49.42515],[-5.243633,49.513317],[-5.243867,49.513933],[-5.245567,49.515433],[-5.24505,49.51565],[-5.243233,49.516483],[-5.24255,49.517417],[-5.24125,49.520817],[-5.2073,49.624617],[-5.186583,49.6875],[-5.173367,49.727617],[-5.137033,49.832717],[-5.111217,49.909533],[-5.109483,49.914167],[-5.109133,49.9143],[-5.106833,49.9152],[-5.107067,49.91525],[-5.108417,49.91575],[-5.108767,49.919483],[-5.109867,49.9246],[-5.11085,49.926183],[-5.112083,49.927617],[-5.114867,49.930317],[-5.11835,49.933317],[-5.118083,49.933417],[-5.1172,49.93435],[-5.112733,49.938133],[-5.110317,49.94055],[-5.112517,49.942583],[-5.1121,49.942783],[-5.110283,49.944133],[-5.112,49.965],[-5.1204,49.9716],[-5.1325,49.981083],[-5.14995,49.993733],[-5.151683,49.995],[-5.154567,49.9977],[-5.1628064,50.0050608],[-5.1634599,50.0057344]]}},{"type":"Feature","properties":{"osm_id":"way/78434997","name":"STRATOS 3","operator":"Bae/BT","source_date":"2026-09-05T15:20:55Z"},"geometry":{"type":"LineString","coordinates":[[2.513833,53.498667],[2.5349523,53.6196771],[2.5569,53.745067],[2.3351939,53.72102],[2.1415,53.7]]}},{"type":"Feature","properties":{"osm_id":"way/78434999","name":"SEA-ME-WE3 SEG 10.4","operator":"Deutsche Telekom AG","source_date":"2026-09-05T15:20:55Z"},"geometry":{"type":"LineString","coordinates":[[7.2018,53.7533],[7.187917,53.768867],[7.18055,53.781883],[7.0624,53.810217],[7.049467,53.816283],[7.03025,53.841817],[7.02995,53.844917],[7.029767,53.8463],[6.95505,53.944717],[6.907067,53.941783],[6.8576,53.93825],[6.733083,53.92945],[6.546267,53.91625],[6.417017,53.906617],[6.331183,53.93905],[6.215067,53.936083],[6.19175,53.934],[6.184633,53.93065],[6.160333,53.927217],[6.145467,53.926233],[6.0591,53.91475],[6.052083,53.912733],[6.044717,53.911717],[5.9916,53.903917],[5.837899,53.8813624],[5.645983,53.853183],[5.60995,53.847817],[5.471083,53.837],[5.42155,53.832733],[5.336067,53.82635],[5.32415,53.82535],[5.3114,53.82435],[5.308017,53.822317],[5.2774,53.822633],[5.269667,53.822767],[5.264667,53.82305],[5.245983,53.81905],[4.963033,53.7957],[4.7392,53.776733],[4.567883,53.7606],[4.461517,53.753283],[4.438467,53.751317],[4.305333,53.739633],[4.229417,53.757883],[4.168,53.756233],[4.113867,53.747667],[4.088217,53.7436],[4.053733,53.738133],[3.95525,53.738317],[3.9541,53.739317],[3.953817,53.739567],[3.95275,53.7383],[3.94855,53.73785],[3.94555,53.738233],[3.9314,53.7382],[3.902733,53.738183],[3.8692,53.738167],[3.866733,53.738167],[3.80785,53.738117],[3.718783,53.71435],[3.577517,53.676617],[3.418983,53.65315],[3.33735,53.61665],[3.320417,53.6012],[3.3009,53.592633],[3.29825,53.591467],[3.2876,53.5868],[3.286983,53.58255],[3.268517,53.564233],[3.25785,53.5537],[3.171183,53.3547],[3.173,53.3321],[3.175417,53.301633],[3.173083,53.29275],[3.180467,53.275333],[3.178133,53.26645],[3.179483,53.249517],[3.180267,53.242483],[3.178667,53.242233],[3.174133,53.237833],[3.167533,53.232533],[3.1659,53.216983],[3.135467,53.129667],[3.141067,53.109667],[3.1405,53.100583],[3.151383,53.083417],[3.1504,53.06495],[3.161333,53.047983],[3.16115,53.04675],[3.160317,53.029633],[3.170517,53.00145],[3.170133,52.994167],[3.1811,52.977117],[3.180617,52.96795],[3.1917,52.927667],[3.191083,52.918683],[3.201767,52.9019],[3.200683,52.883817],[3.211333,52.867167],[3.210317,52.849217],[3.221,52.83245],[3.220433,52.823467],[3.223933,52.810833],[3.228283,52.795017],[3.2207,52.7689],[3.220367,52.733883],[3.21605,52.700233],[3.19715,52.553067],[3.196867,52.552767],[3.195467,52.552383],[3.1955,52.552217],[3.19665,52.551667],[3.196883,52.550917],[3.1927,52.517717],[3.192917,52.51495],[3.19455,52.5142],[3.193033,52.513567],[3.19525,52.48435],[3.196,52.473283],[3.19745,52.454567],[3.198133,52.452467],[3.198633,52.451483],[3.197933,52.44895],[3.199233,52.448683],[3.1999,52.448567],[3.197917,52.44825],[3.19945,52.430917],[3.200333,52.41825],[3.200567,52.414767],[3.2005,52.4139],[3.202167,52.41295],[3.20295,52.412767],[3.200667,52.41195],[3.200933,52.408267],[3.201683,52.398367],[3.198467,52.370633],[3.192667,52.320417],[3.183683,52.24195],[3.182583,52.241533],[3.18205,52.241317],[3.183483,52.2405],[3.176417,52.1791],[3.176533,52.178883],[3.176783,52.1786],[3.177833,52.178183],[3.177783,52.178033],[3.176067,52.177283],[3.17495,52.168583],[3.173567,52.164817],[3.1737,52.1645],[3.174367,52.164067],[3.17485,52.163733],[3.173233,52.16365],[3.141233,52.0936],[3.139867,52.0906],[3.1545,52.077833],[3.154917,52.076183],[3.155183,52.075867],[3.157417,52.075333],[3.157133,52.074583],[3.1614,52.071783],[3.163917,52.069617],[3.242417,52.0009],[3.241883,51.998017],[3.2388,51.98135],[3.254833,51.970183],[3.247417,51.960833],[3.242733,51.955467],[3.24155,51.954883],[3.241067,51.95435],[3.242517,51.95315],[3.241817,51.953067],[3.240183,51.952583],[3.2393,51.951767],[3.21515,51.923917],[3.196233,51.90225],[3.18585,51.891433],[3.167033,51.868517],[3.153,51.8541],[3.152083,51.852683],[3.164367,51.84545],[3.1713,51.840183],[3.175817,51.836833],[3.17855,51.834333],[3.1042,51.779217],[3.0994,51.774883],[3.097283,51.77405],[3.098,51.773417],[3.098383,51.773117],[3.096467,51.773517],[3.080483,51.761667],[3.059667,51.7591],[3.04045,51.7567],[3.012267,51.733067],[3.005767,51.728017],[3.003217,51.7258],[2.997517,51.720717],[2.9514,51.681967],[2.948133,51.679017],[2.9462,51.677533],[2.94585,51.67695],[2.946,51.676267],[2.946117,51.675867],[2.94445,51.67625],[2.9301,51.664183],[2.929017,51.663683],[2.927767,51.662317],[2.925967,51.662467],[2.926117,51.6622],[2.9267,51.661167],[2.92275,51.657833],[2.91995,51.655683],[2.917817,51.655783],[2.917833,51.655467],[2.917333,51.6536],[2.875517,51.619433],[2.874567,51.618817],[2.87325,51.617633],[2.872283,51.617717],[2.871633,51.617783],[2.872067,51.616733],[2.853333,51.601467],[2.842783,51.594367],[2.8349,51.589083],[2.8301,51.5839],[2.82815,51.581633],[2.79835,51.5501],[2.752,51.500883],[2.75065,51.498783],[2.7473,51.499467],[2.739683,51.49875],[2.73545,51.498733],[2.729167,51.499833],[2.724417,51.5006],[2.714967,51.5],[2.709833,51.499],[2.686617,51.490917],[2.67075,51.485483],[2.6658,51.4849],[2.664983,51.484883],[2.661267,51.485417],[2.657367,51.485917],[2.652117,51.485833],[2.646883,51.484367],[2.612183,51.469667],[2.6043,51.4678],[2.598683,51.467183],[2.5881,51.466917],[2.582783,51.465867],[2.571867,51.461383],[2.5601,51.457383],[2.534683,51.442833],[2.516083,51.425217],[2.514467,51.422117],[2.513183,51.407233],[2.51435,51.404867],[2.5145,51.404367],[2.514817,51.403317],[2.517167,51.398333],[2.519633,51.395217],[2.521017,51.39355],[2.52155,51.390517],[2.521267,51.38955],[2.5228,51.388883],[2.522183,51.388767],[2.5207,51.38845],[2.519667,51.386633],[2.5188,51.385533],[2.51765,51.384033],[2.513167,51.377167],[2.5099,51.374167],[2.5062,51.371217],[2.501667,51.367333],[2.500833,51.365333],[2.490683,51.348767],[2.490367,51.348617],[2.489417,51.348167]]}},{"type":"Feature","properties":{"osm_id":"way/78435005","name":"STRATOS 2","operator":"Bae/BT","source_date":"2026-09-05T15:20:55Z"},"geometry":{"type":"LineString","coordinates":[[2.85,53.928833],[2.710639,53.8415579],[2.5569,53.745067],[2.7472089,53.6945258],[2.946,53.641667]]}},{"type":"Feature","properties":{"osm_id":"way/78435006","name":"SEA-ME-WE 3 SEG 10.2","operator":"BT","source_date":"2026-09-05T15:20:55Z"},"geometry":{"type":"LineString","coordinates":[[-5.1633287,50.005744],[-5.146233,49.997067],[-5.12395,49.991383],[-5.1013,49.984167],[-5.097617,49.983283],[-5.096283,49.983733],[-5.096017,49.9838],[-5.095883,49.9827],[-5.093667,49.981683],[-5.077117,49.975017],[-4.998983,49.9472],[-4.994133,49.945283],[-4.993217,49.94415],[-4.992933,49.9434],[-4.992767,49.9429],[-4.9904,49.9435],[-4.98795,49.943283],[-4.890383,49.909317],[-4.8135,49.882067],[-4.502333,49.850383],[-4.47295,49.848633],[-4.267083,49.826817],[-3.984817,49.796617],[-3.970617,49.796617],[-3.958967,49.788783],[-3.94025,49.77965],[-3.9185,49.769333],[-3.885333,49.75335],[-3.855633,49.74715],[-3.821417,49.739933],[-3.699533,49.71435],[-3.4688,49.687883],[-3.404617,49.680267],[-3.371467,49.673517],[-3.3326,49.670117],[-3.1663159,49.7244042],[-3.002383,49.77885],[-2.890833,49.815133],[-2.87905,49.81885],[-2.87705,49.81815],[-2.877083,49.818433],[-2.877133,49.819067],[-2.874317,49.8204],[-2.8011,49.8443],[-2.643067,49.895383],[-2.38255,49.941717],[-2.178017,49.977633],[-2.1142,49.9893],[-2.09885,49.991433],[-1.91705,49.976983],[-1.879733,49.974233],[-1.795133,49.96705],[-1.792767,49.968317],[-1.792583,49.968167],[-1.790317,49.966667],[-1.770417,49.965867],[-1.766017,49.965367],[-1.757567,49.964117],[-1.471883,49.94],[-1.366933,49.953733],[-1.128817,49.984367],[-0.99895,50.000883],[-0.815683,50.038117],[-0.586317,50.08425],[-0.43465,50.114967],[-0.316817,50.13755],[-0.2387,50.15355],[-0.235517,50.15645],[-0.229067,50.157833],[-0.218933,50.155133],[-0.21225,50.156467],[-0.20915,50.159183],[-0.16865,50.167833],[-0.1687,50.1677],[-0.10645,50.180283],[0.1244401,50.2253648],[0.360067,50.273167],[0.363317,50.27605],[0.369817,50.27735],[0.37495,50.276033],[0.4881,50.29825],[0.4983,50.300167],[0.6592622,50.3294403],[0.821233,50.358283],[0.962283,50.383167],[0.984717,50.38725],[1.1004,50.414467],[1.168433,50.46135],[1.195717,50.483983],[1.34295,50.587717],[1.4069,50.660983],[1.462833,50.723],[1.465,50.731667],[1.480783,50.7798],[1.492067,50.81315],[1.493333,50.817917],[1.492783,50.818833],[1.494,50.819067],[1.517683,50.892633],[1.6485,50.9858],[1.658183,50.99265],[1.66895,51.000333],[1.677867,51.006683],[1.749667,51.058167],[1.754,51.061667],[1.767817,51.068883],[1.76895,51.069217],[1.769983,51.0694],[1.76945,51.06995],[1.76925,51.070483],[1.7694,51.071183],[1.769933,51.071833],[1.7842,51.0823],[1.81585,51.092683],[1.819083,51.093883],[1.827867,51.096833],[1.87075,51.111033],[1.877483,51.115417],[1.89055,51.123867],[1.892083,51.124333],[1.905633,51.126833],[1.906433,51.127283],[1.906933,51.12835],[1.907783,51.128183],[1.908617,51.1279],[1.9096,51.12785],[1.911133,51.1283],[1.949467,51.134567],[1.952067,51.1354],[2.102217,51.1857],[2.106033,51.1869],[2.1092,51.188833],[2.115233,51.190033],[2.149267,51.201367],[2.167033,51.209967],[2.169883,51.210683],[2.186583,51.214917],[2.245333,51.232933],[2.261033,51.237267],[2.278983,51.24045],[2.280517,51.2406],[2.281367,51.240917],[2.2918,51.243183],[2.29245,51.24365],[2.293017,51.244833],[2.293283,51.2449],[2.294133,51.2445],[2.2955,51.243983],[2.29735,51.244533],[2.30415,51.2475],[2.30545,51.248117],[2.3077,51.248833],[2.312217,51.251333],[2.352517,51.261567],[2.379,51.2684],[2.387633,51.276083],[2.392367,51.280283],[2.398683,51.287033],[2.403033,51.289633],[2.40905,51.297567],[2.411017,51.3005],[2.413383,51.3007],[2.411867,51.301533],[2.421567,51.315167],[2.44285,51.318],[2.464333,51.320817],[2.4664,51.323133],[2.477067,51.333767],[2.479717,51.336667],[2.4801,51.3368],[2.480767,51.336767],[2.481833,51.336833],[2.480717,51.3376],[2.481283,51.338217],[2.485117,51.343883],[2.4851,51.3444],[2.484383,51.344983],[2.4841,51.345217],[2.484283,51.345333],[2.485683,51.345267],[2.48745,51.347117],[2.489417,51.348167]]}},{"type":"Feature","properties":{"osm_id":"way/78435007","name":"STRATOS 1","operator":"Bae/BT","source_date":"2026-09-05T15:20:55Z"},"geometry":{"type":"LineString","coordinates":[[1.466867,53.110417],[1.470483,53.1104],[1.4701,53.112067],[1.494067,53.1227],[1.521,53.138483],[1.695717,53.238917],[1.700717,53.242033],[1.70305,53.243033],[1.7066,53.244867],[1.736883,53.262533],[1.820217,53.370867],[1.82205,53.3792],[1.82555,53.388367],[1.8243,53.39],[1.825,53.394667],[1.8339,53.436167],[1.834217,53.436867],[1.836883,53.450867],[1.911883,53.600883],[1.951883,53.640883],[2.135233,53.669233],[2.3353951,53.705295],[2.532817,53.740833],[2.53905,53.741767],[2.553067,53.745567],[2.5569,53.745067],[2.4,53.933333]]}},{"type":"Feature","properties":{"osm_id":"way/78444017","name":"UK-GERMANY 5 - Seg 3","operator":"BT","source_date":"2026-09-05T15:20:55Z"},"geometry":{"type":"LineString","coordinates":[[1.9353,52.73565],[1.943633,52.734533],[1.952533,52.734]]}},{"type":"Feature","properties":{"osm_id":"way/78444018","name":"Tata Atlantic North","operator":"Tata Telecoms","source_date":"2026-09-05T15:20:55Z"},"geometry":{"type":"LineString","coordinates":[[-19.940667,49.114567],[-19.701283,49.1342],[-19.529217,49.095733],[-19.49545,49.074817],[-19.441667,49.040833],[-19.313833,48.922167],[-19.261667,48.905],[-19.09155,48.8836],[-18.9624,48.900967],[-18.347967,48.980683],[-17.75,49.055633],[-17.1413,49.127117],[-16.829933,49.162733],[-16.548317,49.201817],[-16.027,49.27145],[-15.9536,49.27855],[-15.833333,49.290833],[-15.730833,49.333333],[-15.625833,49.448667],[-15.5,49.503333],[-15.4881,49.505],[-14.894783,49.5932],[-14.2925,49.6796],[-13.928233,49.729933],[-13.7,49.808217],[-13.619617,49.835583],[-13.578383,49.84705],[-13.413817,49.89035],[-13.0906,49.976283],[-13.0539,49.989633],[-13.038367,49.985633],[-13.03625,49.9923],[-13.02705,49.99305],[-13.005283,49.998817],[-13.0,50.000217],[-12.856667,50.0405],[-12.7835,50.077],[-12.640733,50.274267],[-12.447067,50.376],[-12.22295,50.426133],[-12.0119,50.4265],[-11.665033,50.426267],[-11.5284,50.425883],[-11.459517,50.412933],[-11.422367,50.408483],[-11.108433,50.418833],[-10.81535,50.414117],[-10.778583,50.4154],[-10.618883,50.413467],[-10.588533,50.410467],[-10.305117,50.4067],[-9.631367,50.39505],[-9.393183,50.3912],[-9.218433,50.402117],[-9.18615,50.4048],[-9.1645,50.408383],[-9.113133,50.420633],[-9.08275,50.424317],[-9.04165,50.427767],[-9.01685,50.433767],[-8.951733,50.461],[-8.92925,50.472483],[-8.859133,50.5304],[-8.8204,50.587933],[-8.8036,50.6067],[-8.787567,50.61725],[-8.555333,50.735467],[-8.27255,50.878967],[-8.2763,50.878267],[-8.278383,50.879217],[-8.269667,50.8805],[-8.247883,50.891983],[-8.045867,50.993217],[-7.625333,51.193667],[-7.620167,51.196],[-7.617333,51.1975],[-7.612,51.2],[-7.609,51.202917],[-7.456267,51.27605],[-6.97775,51.342133],[-6.867433,51.357183],[-6.537533,51.394933],[-6.284517,51.396917],[-5.730417,51.401667],[-5.717333,51.403667],[-5.655367,51.421117],[-5.640683,51.423133],[-5.626667,51.423167],[-5.478333,51.421583],[-5.439567,51.412067],[-5.427167,51.4069],[-5.422333,51.403583],[-5.407417,51.389833],[-5.4025,51.387167],[-5.3935,51.384167],[-5.3864,51.3825],[-5.32875,51.375117],[-5.205833,51.375],[-5.15,51.373967],[-5.091333,51.379],[-5.056667,51.379167],[-5.016667,51.3805],[-4.916667,51.390833],[-4.893667,51.391167],[-4.838833,51.396833],[-4.780983,51.397717],[-4.768517,51.3969],[-4.4961,51.389383],[-4.395417,51.377583],[-4.384417,51.375333],[-4.375317,51.371433],[-4.3453,51.353617],[-4.28685,51.345783],[-4.125367,51.350567],[-4.105467,51.35245],[-4.022483,51.354117],[-3.966667,51.35],[-3.951967,51.34675],[-3.928833,51.338667],[-3.919333,51.333],[-3.91355,51.3275],[-3.909833,51.3225],[-3.906833,51.314833],[-3.902833,51.300833],[-3.9,51.296667],[-3.888567,51.286433],[-3.883333,51.2835],[-3.868333,51.2781],[-3.853333,51.275833],[-3.803567,51.276383],[-3.77,51.272],[-3.753,51.270833],[-3.73,51.268333],[-3.695683,51.26705],[-3.681117,51.268333],[-3.667933,51.267983],[-3.58505,51.256283],[-3.576983,51.253533],[-3.541017,51.24845],[-3.50115,51.246167],[-3.475,51.246667],[-3.43645,51.246817],[-3.416667,51.244583],[-3.345417,51.244433],[-3.172533,51.252517],[-3.122467,51.256683],[-3.058483,51.275933],[-3.015117,51.28145]]}},{"type":"Feature","properties":{"osm_id":"way/78444019","name":"Tata Western Europe UK-Spain","operator":"Tata Telecoms","source_date":"2026-09-05T15:20:55Z"},"geometry":{"type":"LineString","coordinates":[[-4.220638,51.117152],[-4.2213155,51.1170323],[-4.28,51.106667],[-4.411667,51.088333],[-4.516667,51.08375],[-4.54725,51.080667],[-4.606667,51.08125],[-4.642,51.075833],[-4.680833,51.076],[-4.734433,51.067217],[-4.760833,51.05945],[-4.779717,51.05675],[-4.819333,51.0536],[-4.841117,51.049767],[-4.983333,51.01],[-5.060217,50.983333],[-5.108333,50.966667],[-5.216667,50.927067],[-5.283333,50.90545],[-5.3075,50.895833],[-5.3405,50.884817],[-5.353917,50.881983],[-5.368833,50.878117],[-5.416667,50.856433],[-5.463767,50.825833],[-5.467367,50.822783],[-5.476017,50.81045],[-5.480433,50.8069],[-5.493333,50.800317],[-5.516083,50.7925],[-5.572033,50.777033],[-5.57595,50.77545],[-5.5875,50.767117],[-5.590833,50.765633],[-5.595167,50.76455],[-5.6272,50.762083],[-5.649317,50.762133],[-5.694917,50.766667],[-5.766667,50.77725],[-5.816667,50.782833],[-5.878117,50.787967],[-5.908333,50.787917],[-5.983333,50.7805],[-6.066667,50.7673],[-6.1,50.763333],[-6.15,50.755367],[-6.25,50.7418],[-6.366667,50.714417],[-6.416667,50.7],[-6.483333,50.68365],[-6.67595,50.6246],[-6.725867,50.601067],[-6.741667,50.589117],[-6.755367,50.57375],[-6.7829,50.520833],[-6.794833,50.507167],[-6.804083,50.5],[-6.812333,50.4952],[-6.993167,50.397967],[-7.100917,50.313033],[-7.129667,50.283333],[-7.1386,50.266667],[-7.143467,50.246933],[-7.140133,50.240167],[-7.142333,50.233333],[-7.126433,50.16175],[-7.126433,50.128917],[-7.132567,50.093433],[-7.157083,50.04215],[-7.186983,50.008933],[-7.2672,49.9529],[-7.307817,49.925667],[-7.316483,49.905067],[-7.35705,49.847417],[-7.390767,49.794283],[-7.412217,49.741233],[-7.416467,49.71905],[-7.400217,49.208333],[-7.403817,49.192067],[-7.486383,49.016667],[-7.5093,48.980683],[-7.514717,48.960633],[-7.514033,48.9463],[-7.516667,48.936667],[-7.55,48.883333],[-7.5842,48.816667],[-7.591067,48.783333],[-7.6,48.76455],[-7.610933,48.75],[-7.657133,48.65],[-7.6762,48.6],[-7.689333,48.57],[-7.704367,48.45],[-7.702,48.433333],[-7.696667,48.416667],[-7.686533,48.4],[-7.679667,48.383333],[-7.675133,48.376433],[-7.64805,48.352967],[-7.628667,48.325],[-7.606,48.303783],[-7.599133,48.2978],[-7.594733,48.2946],[-7.583333,48.2887],[-7.57195,48.279167],[-7.552867,48.25095],[-7.545,48.241167],[-7.527,48.227033],[-7.516667,48.222033],[-7.5,48.2125],[-7.4794,48.197117],[-7.466667,48.185833],[-7.436667,48.15685],[-7.3574,48.096083],[-7.3398,48.083333],[-7.309867,48.0578],[-7.296667,48.05],[-7.2848,48.0455],[-7.272,48.0372],[-7.239133,48.004917],[-7.2262,47.983333],[-7.216,47.954],[-7.21,47.902],[-7.232033,47.80355],[-7.236617,47.7961],[-7.242167,47.791017],[-7.266583,47.77405],[-7.280817,47.766583],[-7.2873,47.761217],[-7.2907,47.756517],[-7.294983,47.745233],[-7.295967,47.7198],[-7.294533,47.714017],[-7.29125,47.708733],[-7.2811,47.698967],[-7.25225,47.682683],[-7.237883,47.6711],[-7.23455,47.666633],[-7.218867,47.62045],[-7.1915,47.5766],[-7.1826,47.5672],[-7.175833,47.5575],[-7.173333,47.55],[-7.171467,47.536667],[-7.1696,47.531583],[-7.166667,47.521217],[-7.1669,47.517933],[-7.165383,47.516283],[-7.1676,47.514467],[-7.170333,47.51],[-7.186833,47.493667],[-7.193167,47.4825],[-7.198917,47.449917],[-7.196333,47.421167],[-7.205,47.412067],[-7.224833,47.379833],[-7.251133,47.36],[-7.295,47.293333],[-7.325,47.2725],[-7.37,47.263333],[-7.460283,47.267683],[-7.563333,47.25],[-7.633333,47.215333],[-7.703333,47.142883],[-7.716,47.0437],[-7.710717,47.03595],[-7.710017,47.033167],[-7.713783,46.958317],[-7.6777,46.9327],[-7.467233,46.330417],[-7.4715,46.3258],[-7.3871,46.2247],[-7.1613,46.0562],[-6.296,45.6404],[-6.275883,45.637467],[-6.08,45.5786],[-5.328,45.5618],[-5.222483,45.5874],[-5.112117,45.6079],[-5.112,45.6123],[-4.92,45.6123],[-4.7539,45.5674],[-4.6349,45.4888],[-3.933333,44.666667],[-3.7939,44.542917],[-3.797767,44.517783],[-3.737033,44.4658],[-3.723367,44.451567],[-3.7218,44.45015],[-3.713483,44.442967],[-3.655033,44.425767],[-3.541667,44.316667],[-3.495933,44.225783],[-3.465817,44.125183],[-3.332183,43.9979],[-3.127933,43.87545],[-3.1051,43.833],[-3.11325,43.7927],[-3.1284,43.762017],[-3.119633,43.72465],[-3.121117,43.71145],[-3.1275,43.695333],[-3.130167,43.68],[-3.133333,43.652117],[-3.136967,43.643333],[-3.154283,43.621983],[-3.1611,43.6091],[-3.164133,43.59725],[-3.1641,43.584633],[-3.160883,43.5742],[-3.153717,43.5621],[-3.1376,43.542567],[-3.058333,43.45],[-2.997367,43.3868]]}},{"type":"Feature","properties":{"osm_id":"way/78444027","name":"UK-Belgium 6 - Seg 2","operator":"BT","source_date":"2026-09-05T15:20:55Z"},"geometry":{"type":"LineString","coordinates":[[1.806383,51.14905],[1.8402,51.15115],[1.8974,51.165817],[1.95435,51.167683],[1.997067,51.18365],[2.025567,51.1842],[2.039783,51.1846],[2.165083,51.2174],[2.205317,51.218183],[2.211983,51.2183],[2.21465,51.233517],[2.2926,51.23475],[2.3375,51.23475],[2.34305,51.234617],[2.344333,51.2346],[2.345333,51.234633],[2.346167,51.234767],[2.349833,51.234767],[2.36485,51.23465],[2.376567,51.234717],[2.3816,51.234783],[2.39105,51.23475],[2.39245,51.234717],[2.39245,51.23475],[2.398817,51.234983],[2.403167,51.250217],[2.415283,51.250717],[2.489717,51.251033],[2.529,51.251333],[2.55555,51.250217],[2.57725,51.233833],[2.618667,51.2175],[2.628667,51.184667],[2.638817,51.1635],[2.648183,51.139167],[2.644167,51.125333]]}},{"type":"Feature","properties":{"osm_id":"way/78444030","name":"UK-GERMANY 5 - Seg 2","operator":"BT","source_date":"2026-09-05T15:20:55Z"},"geometry":{"type":"LineString","coordinates":[[1.830067,52.73575],[1.8338,52.737067],[1.83765,52.738217],[1.887733,52.736667],[1.908233,52.736533],[1.91935,52.73595]]}},{"type":"Feature","properties":{"osm_id":"way/78444032","name":"UK-SPAIN 4 - Seg 2","operator":"BT","source_date":"2026-09-05T15:20:55Z"},"geometry":{"type":"LineString","coordinates":[[-5.126283,49.982017],[-5.120783,49.9749],[-5.122933,49.967217]]}},{"type":"Feature","properties":{"osm_id":"way/78444035","name":"UK-SPAIN 4 - Seg 1","operator":"BT","source_date":"2026-09-05T15:20:55Z"},"geometry":{"type":"LineString","coordinates":[[-5.1529,49.998733],[-5.153133,49.997367],[-5.152067,49.997183]]}},{"type":"Feature","properties":{"osm_id":"way/78444037","name":"Ulysses 1","operator":"Verizon Business","source_date":"2026-09-05T15:20:55Z"},"geometry":{"type":"LineString","coordinates":[[1.383583,51.1501],[1.416883,51.1338],[1.467683,51.1015],[1.500267,51.101033],[1.768133,51.101383],[1.783567,51.101217],[1.784317,51.1005],[1.834333,51.084333],[1.85115,51.083817],[1.867533,51.083483],[1.86785,51.06785],[1.867783,51.067667],[1.868067,51.067767],[1.883667,51.051617],[1.884817,51.03405],[1.884783,51.01825],[1.9001,51.001483],[1.8846,50.967417]]}},{"type":"Feature","properties":{"osm_id":"way/78444040","name":"UK-CH.ISLANDS 8","operator":"BT/Jersey Telecoms","source_date":"2026-09-05T15:20:55Z"},"geometry":{"type":"LineString","coordinates":[[-2.22545,49.197983],[-2.25035,49.2055],[-2.272433,49.206767],[-2.32725,49.209133],[-2.35475,49.21185],[-2.3987,49.21355],[-2.617817,49.221133],[-2.725333,49.242367],[-2.744517,49.24385],[-2.9153,49.279083],[-3.084133,49.313633],[-3.0913,49.31805],[-3.13965,49.3281],[-3.3306,49.36735],[-3.3718,49.373117],[-3.47485,49.395033],[-3.485333,49.398033],[-3.587883,49.41805],[-3.6067,49.42195],[-3.6582,49.433133],[-3.67555,49.4359],[-3.689717,49.438533],[-3.71725,49.443367],[-3.828033,49.46505],[-3.85575,49.471817],[-3.8805,49.476],[-3.888167,49.475167],[-3.934,49.485],[-3.942333,49.489],[-3.9515,49.49],[-3.971,49.4939],[-4.000067,49.499967],[-4.10585,49.5445],[-4.147767,49.564583],[-4.21675,49.589067],[-4.287517,49.6184],[-4.343533,49.642067],[-4.372683,49.656033],[-4.38565,49.66225],[-4.443883,49.686783],[-4.498183,49.711767],[-4.500233,49.710417],[-4.526217,49.723383],[-4.542833,49.730333],[-4.656717,49.777867],[-4.686617,49.788017],[-4.782283,49.827667],[-4.830067,49.848983],[-4.906917,49.88025],[-4.9403,49.893533],[-5.017733,49.932567],[-5.02225,49.9351],[-5.021567,49.936583],[-5.02195,49.936583],[-5.024167,49.936017],[-5.02705,49.936367],[-5.028983,49.938467],[-5.029817,49.939083],[-5.038283,49.943617],[-5.0581,49.954767],[-5.076483,49.964583],[-5.108917,49.978567],[-5.108783,49.979433],[-5.108967,49.97925],[-5.10945,49.978783],[-5.1467,49.99485],[-5.149517,49.996717],[-5.16285,50.005833],[-5.1632807,50.0057685]]}},{"type":"Feature","properties":{"osm_id":"way/78444044","name":"Yellow","operator":"Level 3 Global Submarine","source_date":"2026-09-05T15:20:55Z"},"geometry":{"type":"LineString","coordinates":[[-4.5538692,50.8355551],[-4.578333,50.83475],[-4.640833,50.83],[-4.684583,50.823],[-4.761667,50.827],[-4.837083,50.8265],[-4.875833,50.827167],[-4.946667,50.82625],[-5.037,50.8225],[-5.159667,50.8215],[-5.416167,50.818],[-5.650333,50.815167],[-5.679583,50.814667],[-5.6913,50.8146],[-5.6945,50.812783],[-5.694583,50.81295],[-5.697117,50.814433],[-5.697733,50.81455],[-5.916667,50.811667],[-6.010233,50.796467],[-6.014667,50.795883],[-6.01535,50.7957],[-6.01715,50.79325],[-6.017617,50.793333],[-6.020983,50.7947],[-6.066667,50.7872],[-6.180517,50.76785],[-6.216667,50.76265],[-6.360417,50.738833],[-6.37875,50.735167],[-6.456,50.723],[-6.483333,50.719583],[-6.55,50.7078],[-6.569367,50.7035],[-6.606417,50.699067],[-6.742183,50.67475],[-6.812017,50.66395],[-6.873083,50.6561],[-6.906583,50.650833],[-6.920167,50.6475],[-6.94725,50.641917],[-7.004983,50.633067],[-7.095833,50.619167],[-7.128333,50.612583],[-7.333333,50.578833],[-7.48705,50.537667],[-7.732217,50.471567],[-7.779833,50.458883],[-7.816333,50.449],[-7.833333,50.4475],[-7.8535,50.447833],[-7.9,50.450833],[-7.960333,50.4475],[-7.992667,50.442217],[-8.005417,50.43875],[-8.055833,50.414],[-8.085333,50.394167],[-8.107767,50.375917],[-8.140667,50.361667],[-8.418333,50.286667],[-8.649683,50.2455],[-8.739167,50.229717],[-8.7975,50.22065],[-8.85,50.21],[-9.013983,50.180517],[-9.338333,50.122567],[-9.463,50.0975],[-9.542083,50.084517],[-9.790517,50.0381],[-9.937083,50.010417],[-10.258333,49.95],[-10.617083,49.942183],[-10.7557,49.93885],[-10.942517,49.934117],[-11.25865,49.925417],[-11.544233,49.9168],[-11.614167,49.914583],[-11.8582,49.877883],[-12.066167,49.846167],[-12.15285,49.82975],[-12.568167,49.75],[-12.704833,49.669167],[-12.828383,49.639767],[-13.0697,49.581867],[-13.311983,49.523083],[-13.558333,49.462667],[-14.009833,49.445117],[-14.311717,49.432233],[-14.44025,49.426467],[-14.913917,49.42025],[-15.144683,49.416667],[-15.281,49.414167],[-15.297,49.413283],[-15.389117,49.410833],[-15.52295,49.405383],[-15.833917,49.394483],[-16.148683,49.381933],[-16.329667,49.374333],[-16.436617,49.387183],[-16.558333,49.400833],[-16.650883,49.442267],[-16.776833,49.499167],[-16.805567,49.504817],[-16.964,49.532083],[-16.98595,49.532333],[-17.4627,49.533833],[-17.753283,49.535333],[-17.781333,49.535167],[-18.158983,49.5375],[-18.31805,49.538017],[-18.6745,49.538833],[-18.696783,49.5373],[-19.0769,49.522567],[-19.246533,49.515683],[-19.2861,49.51295],[-19.4304,49.506867],[-19.51435,49.503733],[-19.549917,49.500067],[-19.569767,49.48135],[-19.880333,49.466217],[-19.911383,49.462967],[-20.11385,49.44265]]}},{"type":"Feature","properties":{"osm_id":"way/78444045","name":"UK-Netherlands 14","operator":"Cable & Wireless","source_date":"2026-09-05T15:20:55Z"},"geometry":{"type":"LineString","coordinates":[[4.620417,52.616567],[4.596167,52.6169],[4.594683,52.61735],[4.4588,52.6363],[4.454317,52.6391],[4.450683,52.646683],[4.449317,52.649533],[4.448467,52.6513],[4.448167,52.6516],[4.434967,52.653583],[4.360433,52.666133],[4.324083,52.670933],[4.301633,52.6739],[4.292667,52.670967],[4.292717,52.670817],[4.291883,52.67075],[4.2852,52.668217],[4.2587,52.6704],[3.96015,52.694917],[3.959017,52.69505],[3.958067,52.695967],[3.957767,52.695717],[3.957017,52.695217],[3.954717,52.695267],[3.910083,52.698767],[3.886583,52.703283],[3.8806,52.704333],[3.880167,52.704517],[3.8686,52.705],[3.792633,52.7091],[3.74845,52.711467],[3.720317,52.7131],[3.71955,52.713017],[3.712817,52.715933],[3.706567,52.718583],[3.577683,52.7413],[3.474883,52.7637],[3.473217,52.76425],[3.471517,52.764433],[3.441333,52.769667],[3.355867,52.787133],[3.22395,52.8108],[3.22225,52.8111],[3.2043,52.809167],[3.20165,52.8099],[3.200333,52.810233],[3.188867,52.813083],[3.133567,52.825167],[2.981183,52.852967],[2.979733,52.853417],[2.976983,52.853733],[2.965333,52.853733],[2.934667,52.853717],[2.703167,52.828367],[2.658683,52.8221],[2.466033,52.800583],[2.410467,52.795633],[2.374383,52.790567],[2.362367,52.788867],[2.19375,52.769767],[2.19355,52.768117],[2.1876,52.769017],[2.179767,52.768067],[2.176933,52.767933],[2.1728,52.768117],[2.115283,52.7681],[2.038217,52.778233],[1.99815,52.790033],[1.992433,52.78945],[1.90875,52.7808],[1.828967,52.7725],[1.76485,52.764533],[1.739333,52.750133],[1.72805,52.7403],[1.7135,52.7305],[1.711917,52.730467],[1.696267,52.72145],[1.6943,52.72085],[1.6918215,52.7182199]]}},{"type":"Feature","properties":{"osm_id":"way/78444046","name":"Tata Western Europe UK-Portugal","operator":"Tata Telecoms","source_date":"2026-09-05T15:20:55Z"},"geometry":{"type":"LineString","coordinates":[[-3.015117,51.28145],[-3.03335,51.2777],[-3.06075,51.273733],[-3.11915,51.255317],[-3.129183,51.252967],[-3.333333,51.24005],[-3.366683,51.239867],[-3.416683,51.239933],[-3.442483,51.244683],[-3.4483,51.244417],[-3.462767,51.242867],[-3.467517,51.243283],[-3.470467,51.2429],[-3.483333,51.242933],[-3.508333,51.240117],[-3.525,51.240117],[-3.583333,51.246667],[-3.634567,51.254767],[-3.753333,51.267267],[-3.816667,51.269917],[-3.851117,51.2704],[-3.866667,51.26945],[-3.875433,51.2704],[-3.9,51.277383],[-3.92385,51.280267],[-4.041333,51.2797],[-4.06055,51.277533],[-4.08595,51.277467],[-4.12105,51.280583],[-4.137167,51.280317],[-4.159817,51.277517],[-4.21075,51.27565],[-4.241783,51.276017],[-4.375517,51.27355],[-4.394583,51.271683],[-4.417967,51.271683],[-4.437317,51.27425],[-4.480217,51.273733],[-4.50305,51.2712],[-4.624967,51.26895],[-4.64,51.2675],[-4.6715,51.269833],[-4.689833,51.269433],[-4.702917,51.266833],[-4.71445,51.266317],[-4.73755,51.26235],[-4.749717,51.2617],[-4.759433,51.262833],[-4.784283,51.2702],[-4.793367,51.271067],[-4.823333,51.268667],[-4.870417,51.26235],[-4.939167,51.261833],[-5.013333,51.258],[-5.035,51.260417],[-5.064667,51.260167],[-5.08,51.2585],[-5.091333,51.2585],[-5.113833,51.255],[-5.2,51.253667],[-5.288333,51.254],[-5.3294,51.255033],[-5.373,51.2614],[-5.380683,51.26135],[-5.39165,51.259267],[-5.41345,51.251617],[-5.4206,51.25055],[-5.429367,51.250667],[-5.450833,51.254533],[-5.466817,51.25625],[-5.535617,51.258317],[-5.56285,51.257383],[-5.854233,51.259567],[-5.885167,51.260833],[-5.973633,51.26115],[-6.027,51.260883],[-6.330517,51.263167],[-6.392717,51.262367],[-6.424467,51.26485],[-6.467417,51.2642],[-6.5713,51.264983],[-6.604517,51.261833],[-6.876617,51.208],[-6.939517,51.19645],[-7.0960126,51.1660114],[-7.33075,51.120317],[-7.361533,51.117983],[-7.379183,51.113367],[-7.39745,51.105067],[-7.460833,51.071067],[-7.4731,51.065233],[-7.4979,51.055833],[-7.6005,51.008133],[-7.616533,51.0015],[-7.634083,50.992517],[-7.82895,50.901767],[-7.8443,50.892483],[-7.87265,50.8814],[-7.93225,50.8536],[-7.9494,50.847383],[-7.988133,50.8299],[-7.987433,50.827867],[-7.987867,50.828267],[-7.9896,50.8292],[-7.9951,50.827617],[-8.03425,50.8093],[-8.044467,50.801133],[-8.064267,50.776717],[-8.073017,50.757467],[-8.096967,50.726917],[-8.112783,50.7148],[-8.21105,50.6709],[-8.307867,50.623467],[-8.330583,50.60645],[-8.369017,50.589867],[-8.418083,50.5658],[-8.4392,50.557933],[-8.520267,50.518617],[-8.544783,50.503633],[-8.786433,50.38475],[-8.809817,50.375767],[-8.835083,50.360783],[-8.903,50.317483],[-8.9275,50.2918],[-8.938817,50.274917],[-8.95915,50.222367],[-8.9958574,50.0725633],[-9.038,49.9],[-9.047,49.839333],[-9.066667,49.783333],[-9.075467,49.746517],[-9.115583,49.681483],[-9.163333,49.639283],[-9.18305,49.62675],[-9.3081,49.56945],[-9.46425,49.524383],[-9.6543,49.49275],[-9.678883,49.485],[-9.717867,49.465533],[-9.75,49.440133],[-9.80305,49.39315],[-9.81605,49.374917],[-9.817283,49.370467],[-9.818867,49.367533],[-9.82555,49.35],[-9.85,49.304167],[-9.875,49.266667],[-9.9952272,49.0617962],[-10.091033,48.897933],[-10.133333,48.8323],[-10.15,48.81545],[-10.158333,48.8046],[-10.195967,48.725],[-10.226667,48.68645],[-10.237167,48.670333],[-10.2515,48.6308],[-10.26035,48.63215],[-10.261933,48.63265],[-10.252533,48.62125],[-10.255417,48.616667],[-10.263,48.583333],[-10.272917,48.566667],[-10.277917,48.542],[-10.274,48.509833],[-10.298917,48.416667],[-10.341667,48.293333],[-10.405,48.245],[-10.441167,48.1915],[-10.668967,48.0603],[-10.747983,47.982667],[-10.753417,47.977133],[-10.76785,47.9354],[-10.8183147,47.7795858],[-10.8714539,47.6150073],[-10.9212517,47.460306],[-10.9702228,47.3077278],[-11.0372,47.098333],[-11.0372,46.8675],[-11.1288665,46.7076806],[-11.2,46.583333],[-11.251302,46.4170368],[-11.312233,46.218867],[-11.3823308,45.9890058],[-11.4563105,45.7453753],[-11.531867,45.49545],[-11.588333,45.416667],[-11.7423,45.261417],[-11.791133,45.178317],[-11.786417,45.02945],[-11.851683,44.912167],[-11.970683,44.79975],[-12.0248,44.576883],[-12.055183,44.507],[-12.07295,44.474767],[-12.132383,44.421633],[-12.3325792,44.2848483],[-12.5032138,44.1680097],[-12.626667,44.083333],[-12.7523049,43.8937302],[-12.9084567,43.6572344],[-13.066667,43.416667],[-13.1944,43.167533],[-13.2266799,42.9502032],[-13.258783,42.7333],[-13.258233,42.7302],[-13.2472726,42.5632374],[-13.233317,42.35],[-13.1667194,42.074461],[-13.094667,41.775],[-13.0303776,41.5073654],[-12.9609339,41.217026],[-12.9217148,41.0524813],[-12.875,40.85595],[-12.8146775,40.6029904],[-12.7537614,40.3465662],[-12.7034,40.133833],[-12.557267,39.973233],[-12.518767,39.89265],[-12.517833,39.889333],[-12.5525,39.583333],[-12.4478,39.292567],[-12.3470284,39.1190527],[-12.233533,38.923117],[-12.22805,38.899167],[-12.208417,38.879017],[-12.1180336,38.7215375],[-12.0204073,38.5510473],[-11.9535049,38.4339781],[-11.8758664,38.2978839],[-11.791667,38.15],[-11.675,38.016667],[-11.5,37.95],[-11.378783,37.95805],[-11.363217,37.967],[-11.1959149,37.9774529],[-11.0140287,37.9888154],[-10.8648556,37.9981329],[-10.710867,38.00775],[-10.672667,38.038333],[-10.581367,38.06],[-10.580533,38.1082],[-10.5801,38.113067],[-10.572783,38.061917],[-10.483117,38.083233],[-10.483667,38.08625],[-10.424567,38.157317],[-10.2722,38.293983],[-10.004183,38.42905],[-9.947767,38.494417],[-9.881617,38.524683],[-9.8395,38.5786],[-9.734583,38.675283],[-9.723733,38.6918],[-9.717933,38.69955],[-9.70995,38.706083],[-9.7016,38.710183],[-9.6789,38.717717],[-9.667583,38.7198],[-9.658317,38.719717],[-9.649333,38.71805],[-9.639183,38.713783],[-9.630617,38.707617],[-9.556667,38.65],[-9.51355,38.629883],[-9.416667,38.603833],[-9.370583,38.599683],[-9.316667,38.6025],[-9.275633,38.603417],[-9.233833,38.606883]]}},{"type":"Feature","properties":{"osm_id":"way/78444048","name":"UK-Ireland Crossing 1","operator":"Global Crossing","source_date":"2026-09-05T15:20:55Z"},"geometry":{"type":"LineString","coordinates":[[-5.692117,50.0814],[-5.692883,50.081667],[-5.6991,50.091667],[-5.7055,50.09335],[-5.71115,50.0974],[-5.721167,50.10265],[-5.725017,50.103083],[-5.735283,50.106117],[-5.754033,50.115083],[-5.775017,50.131283],[-5.792633,50.141683],[-5.799717,50.1471],[-5.812467,50.154917],[-5.8164,50.158283],[-5.824967,50.162317],[-5.834967,50.169983],[-5.850083,50.18945],[-5.9222,50.255817],[-5.990033,50.39335],[-6.017333,50.467383],[-6.017983,50.470567],[-6.023333,50.484833],[-6.024417,50.486417],[-6.024767,50.487583],[-6.026017,50.490583],[-6.027517,50.49355],[-6.030383,50.502383],[-6.03225,50.50545],[-6.032167,50.506],[-6.035167,50.51],[-6.038467,50.515033],[-6.044483,50.525133],[-6.048833,50.534167],[-6.052167,50.538167],[-6.061267,50.560633],[-6.065117,50.568817],[-6.112283,50.671917],[-6.1276,50.769883],[-6.12545,50.774083],[-6.128983,50.7786],[-6.13255,50.801133],[-6.135483,50.811033],[-6.135483,50.820517],[-6.143933,50.87505],[-6.1538,50.899967],[-6.164333,50.968],[-6.195617,51.16665],[-6.195383,51.199983],[-6.209867,51.2927],[-6.210767,51.297233],[-6.2307,51.359833],[-6.23155,51.360867],[-6.24095,51.370017],[-6.293567,51.4358],[-6.387417,51.648333],[-6.411033,51.694883],[-6.40445,51.7299],[-6.40435,51.733817],[-6.44975,51.783867],[-6.4739,51.7979],[-6.534433,51.8631],[-6.54505,51.880567],[-6.55925,51.891483],[-6.5834,51.905133],[-6.5848,51.9056],[-6.59785,51.906483],[-6.6044,51.9097],[-6.616767,51.916017],[-6.65815,51.958783],[-6.697867,52.023683],[-6.696133,52.034833],[-6.692,52.03895],[-6.683317,52.043667],[-6.6341,52.06095],[-6.57565,52.067383],[-6.523617,52.098683],[-6.516817,52.1087],[-6.50105,52.148117],[-6.503083,52.150983],[-6.503233,52.155733],[-6.505817,52.16025],[-6.525467,52.167517],[-6.527033,52.169267],[-6.5569176,52.1801343]]}},{"type":"Feature","properties":{"osm_id":"way/78444049","name":"UK-FRANCE 4 - Seg 1","operator":"BT","source_date":"2026-09-05T15:20:55Z"},"geometry":{"type":"LineString","coordinates":[[1.465667,51.105167],[1.472567,51.100983],[1.474983,51.100317],[1.476733,51.100567]]}},{"type":"Feature","properties":{"osm_id":"way/78444050","name":"UK/Belgium 5","operator":"BT","source_date":"2026-09-05T15:20:55Z"},"geometry":{"type":"LineString","coordinates":[[1.596867,51.387383],[1.61715,51.388167],[1.686983,51.380667],[1.698817,51.376],[1.773983,51.362667],[1.81115,51.356833],[1.875817,51.352667],[1.90015,51.350667],[1.93765,51.346833],[2.025317,51.321167],[2.07715,51.320167],[2.101817,51.315],[2.106983,51.3125],[2.106983,51.312333],[2.131817,51.304167],[2.145983,51.299833],[2.16465,51.290167],[2.339,51.293833],[2.3455,51.291333],[2.352,51.29],[2.378167,51.276667],[2.3995,51.275333],[2.433167,51.263667],[2.484333,51.266083],[2.5035,51.265333],[2.5385,51.2675],[2.5605,51.256],[2.595633,51.252817],[2.608117,51.251317],[2.6324,51.2489],[2.640467,51.2476],[2.644833,51.247833],[2.713333,51.241],[2.722333,51.242167],[2.742,51.239833],[2.785167,51.240017],[2.814667,51.238683],[2.8165,51.239517],[2.830833,51.23485],[2.839833,51.232517],[2.865833,51.22685],[2.875167,51.22385],[2.877333,51.22185],[2.882,51.21835]]}},{"type":"Feature","properties":{"osm_id":"way/78444052","name":"UK-Germany 5 - Seg 6","operator":"BT","source_date":"2026-09-05T15:20:55Z"},"geometry":{"type":"LineString","coordinates":[[2.047933,52.733217],[2.05815,52.73095],[2.15035,52.7194],[2.1574,52.718067],[2.158967,52.719083],[2.159883,52.71765],[2.172633,52.7157],[2.182633,52.713033],[2.2812,52.6976],[2.291383,52.696917],[2.323517,52.697433],[2.413983,52.71205],[2.438533,52.71885],[2.4427,52.719317],[2.44735,52.720433],[2.49345,52.730283],[2.4943,52.730583],[2.533667,52.738533],[2.569117,52.74425],[2.768467,52.782383],[2.7729,52.781517],[2.774183,52.783083],[2.8323,52.793917],[2.835067,52.793233],[2.835333,52.794567],[2.850217,52.797467],[2.85275,52.797733],[2.8581,52.7988],[2.85885,52.797867],[2.860533,52.799067],[2.862767,52.799633],[2.869383,52.800733],[2.93965,52.814233],[2.94155,52.814783],[2.9437,52.815667],[2.949167,52.818883],[2.950217,52.819717],[2.95275,52.82375],[2.954383,52.824233],[2.95325,52.825],[2.95595,52.829717],[2.956,52.83055],[2.957617,52.833567],[2.959567,52.83405],[2.9581,52.835833],[2.960483,52.8429],[2.963383,52.848483],[2.965483,52.853733],[2.972117,52.8652],[2.974333,52.872217],[2.974633,52.87255],[2.976267,52.875983],[2.976867,52.878717],[2.978733,52.879383],[2.978117,52.879667],[2.977583,52.880183],[2.97665,52.883333],[2.983483,52.886533],[2.986317,52.8927],[2.998867,52.926167],[3.004783,52.937],[3.03185,52.9992],[3.035133,53.031517],[3.083383,53.122667],[3.081417,53.132567],[3.07985,53.1363],[3.074017,53.157933],[3.0734,53.1592],[3.0465,53.1833],[3.032783,53.195033],[3.030033,53.197783],[3.0151,53.22725],[3.013183,53.232917],[3.01045,53.239633],[3.00685,53.249067],[3.001633,53.268317],[3.002,53.2777],[3.0098,53.283333],[3.08715,53.32185],[3.090017,53.3226],[3.097217,53.322517],[3.099783,53.3227],[3.11925,53.3318],[3.1448,53.34445],[3.152833,53.35055],[3.16575,53.372333],[3.169817,53.3857],[3.209617,53.471833],[3.218733,53.484783],[3.2384,53.528083],[3.248867,53.555933],[3.272167,53.588683],[3.2906,53.607517],[3.306633,53.615567],[3.361683,53.638867],[3.412033,53.661733],[3.497517,53.676117],[3.565433,53.685417],[3.611767,53.698617],[3.613433,53.697917],[3.613433,53.6995],[3.617133,53.6999],[3.804517,53.747517],[3.83585,53.747083],[3.892133,53.747067],[3.97375,53.747483],[3.99615,53.746733],[4.005283,53.746083],[4.00865,53.7449],[4.011283,53.74625],[4.027167,53.746483],[4.040567,53.747017],[4.051683,53.747617],[4.072567,53.751567],[4.109533,53.7563],[4.1656,53.765617],[4.232183,53.76735],[4.2632,53.761017],[4.268933,53.759183],[4.307233,53.749483],[4.40935,53.756133],[4.4199,53.758],[4.425967,53.760617],[4.429167,53.762183],[4.4508,53.761817],[4.45025,53.763783],[4.46075,53.7638],[4.485717,53.76535],[4.705617,53.784233],[4.759333,53.7886],[4.865367,53.795783],[4.902283,53.800683],[4.977417,53.80825],[5.011267,53.81105],[5.0336,53.811967],[5.0732,53.8157],[5.100483,53.81715],[5.1711,53.822783],[5.201283,53.826467],[5.227133,53.828867],[5.256,53.828133],[5.430567,53.842617],[5.489417,53.84905],[5.5069,53.8504],[5.537383,53.851567],[5.581917,53.855117],[5.590817,53.856017],[5.636433,53.862267],[5.656283,53.865483],[5.680483,53.8708],[5.773683,53.882517],[5.840667,53.892783],[5.890433,53.900133],[5.924933,53.904267],[5.989367,53.9149],[6.121517,53.934083],[6.17685,53.943083],[6.17735,53.944083],[6.179683,53.944883],[6.215533,53.947633],[6.2223,53.947683],[6.30235,53.949267],[6.309183,53.949933],[6.3357,53.948483],[6.353567,53.942317],[6.365633,53.937517],[6.38215,53.931417],[6.39105,53.927217],[6.410867,53.918333],[6.421133,53.916783],[6.491717,53.922067],[6.704017,53.939067],[6.712067,53.939833],[6.7269,53.940833],[6.742333,53.9422],[6.747017,53.94275],[6.7589,53.943033],[6.8065,53.947467],[6.898333,53.931467],[6.908183,53.927217],[6.937217,53.905967],[6.93755,53.905967],[6.943,53.9016],[6.958933,53.887767],[6.983517,53.855267],[6.998367,53.8346],[7.01855,53.81115],[7.029083,53.789833],[7.04265,53.754383],[7.043667,53.750183],[7.045083,53.746117],[7.052467,53.718433],[7.069167,53.68605]]}},{"type":"Feature","properties":{"osm_id":"way/78444055","name":"UK-Ireland Crossing 2","operator":"Global Crossing","source_date":"2026-09-05T15:20:55Z"},"geometry":{"type":"LineString","coordinates":[[-4.6870223,51.1440557],[-4.7038914,51.1580568],[-4.7207606,51.1720538],[-4.7376298,51.1860465],[-4.7544989,51.2000349],[-4.7713681,51.2140191],[-4.7882373,51.2279991],[-4.8051064,51.2419748],[-4.8219756,51.2559462],[-4.8388448,51.2699135],[-4.8557139,51.2838764],[-4.8725831,51.2978352],[-4.8894523,51.3117896],[-4.9063214,51.3257399],[-4.9231906,51.3396859],[-4.9400598,51.3536277],[-4.9569289,51.3675652],[-4.9737981,51.3814985],[-4.9906673,51.3954275],[-5.0075364,51.4093523],[-5.0244056,51.4232728],[-5.0412748,51.4371892],[-5.0581439,51.4511012],[-5.0750131,51.4650091],[-5.0918823,51.4789127],[-5.1087514,51.4928121],[-5.1256206,51.5067072],[-5.1424898,51.5205981],[-5.1593589,51.5344848],[-5.1762281,51.5483672],[-5.1930973,51.5622454],[-5.2099664,51.5761193],[-5.2268356,51.589989],[-5.2437048,51.6038545],[-5.2605739,51.6177158],[-5.2774431,51.6315728],[-5.2943123,51.6454256],[-5.3111814,51.6592742],[-5.3280506,51.6731185],[-5.3449198,51.6869586],[-5.3617889,51.7007945],[-5.3786581,51.7146261],[-5.3955273,51.7284535],[-5.4123964,51.7422767],[-5.4292656,51.7560957],[-5.4461348,51.7699104],[-5.4630039,51.7837209],[-5.4798731,51.7975272],[-5.4967422,51.8113292],[-5.5136114,51.825127],[-5.5304806,51.8389206],[-5.5473497,51.85271],[-5.5642189,51.8664951],[-5.5810881,51.8802761],[-5.5979572,51.8940528],[-5.6148264,51.9078253],[-5.6316956,51.9215935],[-5.6485647,51.9353575],[-5.6654339,51.9491174],[-5.6823031,51.962873],[-5.6991722,51.9766243],[-5.7160414,51.9903715],[-5.7329106,52.0041144],[-5.7497797,52.0178531],[-5.7666489,52.0315876],[-5.7835181,52.0453179],[-5.8003872,52.059044],[-5.8172564,52.0727658],[-5.8341256,52.0864835],[-5.8509947,52.1001969],[-5.8678639,52.1139061],[-5.8847331,52.1276111],[-5.9016022,52.1413119],[-5.9184714,52.1550084],[-5.9353406,52.1687008],[-5.9522097,52.1823889],[-5.9690789,52.1960728],[-5.9859481,52.2097525],[-6.0028172,52.223428],[-6.0196864,52.2370993],[-6.0365556,52.2507664],[-6.0534247,52.2644293],[-6.0702939,52.2780879],[-6.0871631,52.2917424],[-6.1040322,52.3053927]]}},{"type":"Feature","properties":{"osm_id":"way/78444056","name":"UK-DENMARK 4 - Seg 1","operator":"BT","source_date":"2026-09-05T15:20:55Z"},"geometry":{"type":"LineString","coordinates":[[-0.28435,54.208533],[-0.256467,54.2003],[-0.23465,54.200917],[-0.190733,54.21795],[-0.182283,54.2225]]}},{"type":"Feature","properties":{"osm_id":"way/78444057","name":"UK-GERMANY 5 - Seg 1","operator":"BT","source_date":"2026-09-05T15:20:55Z"},"geometry":{"type":"LineString","coordinates":[[1.760617,52.725017],[1.785667,52.72655]]}},{"type":"Feature","properties":{"osm_id":"way/78444058","name":"UK-GERMANY 5 - Seg 5","operator":"BT","source_date":"2026-09-05T15:20:55Z"},"geometry":{"type":"LineString","coordinates":[[1.9882,52.733033],[2.00625,52.7333],[2.024917,52.733883]]}},{"type":"Feature","properties":{"osm_id":"way/78444059","name":"UK-France 4 - Seg 3","operator":"BT","source_date":"2026-09-05T15:20:55Z"},"geometry":{"type":"LineString","coordinates":[[1.732283,51.102983],[1.743817,51.10465],[1.810983,51.10765],[1.826483,51.111483],[1.88265,51.115833],[1.910983,51.118167],[1.92665,51.105833],[1.953317,51.0886],[1.956817,51.085833],[1.96365,51.079333],[1.978317,51.069167],[1.98715,51.059167],[1.99065,51.051833],[2.008967,51.037983],[2.014817,51.028833],[2.017483,51.025833],[2.032483,51.005833],[2.03265,51.004333]]}},{"type":"Feature","properties":{"osm_id":"way/78444060","name":"UK-Spain 4 - Seg 3","operator":"BT","source_date":"2026-09-05T15:20:55Z"},"geometry":{"type":"LineString","coordinates":[[-5.196167,49.81095],[-5.356183,49.567817],[-5.370617,49.542617],[-5.38565,49.523],[-5.48485,49.370333],[-5.51415,49.325717],[-5.521033,49.311633],[-5.531467,49.2988],[-5.53995,49.292967],[-5.541617,49.290417],[-5.542867,49.274333],[-5.54495,49.271167],[-5.5612,49.25975],[-5.56295,49.257],[-5.5637,49.2526],[-5.5642,49.241417],[-5.565833,49.238883],[-5.574117,49.233017],[-5.699083,49.038517],[-5.706383,49.029533],[-5.707917,49.02055],[-5.713117,49.01665],[-5.713767,49.008767],[-5.715367,49.005983],[-5.732133,48.994133],[-5.733783,48.991517],[-5.734267,48.9833],[-5.756817,48.947983],[-5.758133,48.942967],[-5.775817,48.918933],[-5.794783,48.8896],[-5.795767,48.8876],[-5.80295,48.875817],[-5.803617,48.868067],[-5.8057,48.86485],[-5.82125,48.853683],[-5.823683,48.84995],[-5.829783,48.826567],[-5.838117,48.822733],[-5.8552,48.82565],[-5.85845,48.825417],[-5.866717,48.82565],[-5.90285,48.825383],[-5.906083,48.825667],[-5.912833,48.8226],[-5.920933,48.8209],[-5.930767,48.804983],[-5.938283,48.79105],[-5.94475,48.781433],[-5.947283,48.778017],[-5.981783,48.721283],[-6.002267,48.688067],[-6.008383,48.67745],[-6.015033,48.667017],[-6.029683,48.643083],[-6.037617,48.627883],[-6.046083,48.616083],[-6.082767,48.5557],[-6.0929,48.5441],[-6.100717,48.5261],[-6.106833,48.516283],[-6.133367,48.472067],[-6.138333,48.460917],[-6.162967,48.42165],[-6.174267,48.407517],[-6.182317,48.391033],[-6.2307,48.310433],[-6.234833,48.2999],[-6.26625,48.247517],[-6.287867,48.210183],[-6.301517,48.196467],[-6.314783,48.167283],[-6.3333,48.1388],[-6.370883,48.075717],[-6.3759,48.06445],[-6.406567,48.020083],[-6.413667,48.003583],[-6.420933,47.991467],[-6.421267,47.983883],[-6.423433,47.980333],[-6.438183,47.969317],[-6.440433,47.96545],[-6.4411,47.950283],[-6.444017,47.94545],[-6.451433,47.939867],[-6.45385,47.935783],[-6.454133,47.92845],[-6.45635,47.92475],[-6.465267,47.9162],[-6.4777,47.895367],[-6.48655,47.883633],[-6.4935,47.8683],[-6.52635,47.812633],[-6.543083,47.7838],[-6.559817,47.756167],[-6.570283,47.737517],[-6.574667,47.73065],[-6.604817,47.678833],[-6.611467,47.66575],[-6.638017,47.625833],[-6.652433,47.597517],[-6.658433,47.566283],[-6.657767,47.557283],[-6.678933,47.47295],[-6.682267,47.469783],[-6.6881,47.455117],[-6.704417,47.427267],[-6.70425,47.408433],[-6.718083,47.385433],[-6.721917,47.359933],[-6.737417,47.3131],[-6.737583,47.286767],[-6.75725,47.213433],[-6.785067,47.17805],[-6.818083,47.098933],[-6.806417,46.832267],[-6.787917,46.810033],[-6.714183,46.7193],[-6.371833,46.285733],[-6.33305,46.238883],[-6.1486,46.000367],[-5.988933,45.877217],[-5.868033,45.78225],[-5.867217,45.545833],[-5.86725,45.495317],[-5.868517,45.407217],[-5.868017,45.165567],[-5.947033,44.900667],[-5.984717,44.77095],[-6.02675,44.634733],[-6.134667,44.26555],[-6.079533,44.228183],[-6.068,44.22055],[-6.024667,44.123867],[-5.915583,44.082567],[-5.833517,44.051133],[-5.808,44.0422],[-5.780817,44.015767],[-5.760883,43.997267],[-5.73465,43.973867],[-5.710767,43.96165],[-5.689783,43.946117],[-5.631933,43.912367],[-5.598767,43.861383],[-5.59075,43.851717],[-5.5671,43.818317],[-5.5607,43.808833],[-5.5449,43.793083],[-5.546367,43.789483],[-5.539967,43.7837],[-5.539283,43.780933],[-5.529217,43.7645],[-5.514433,43.734817],[-5.475533,43.688183],[-5.458317,43.665683],[-5.456383,43.66265],[-5.4527,43.655767],[-5.433733,43.62865],[-5.429733,43.620833],[-5.426067,43.612867],[-5.40855,43.592517],[-5.38965,43.565533],[-5.38815,43.547483],[-5.38495,43.546633],[-5.38365,43.545117],[-5.3836,43.544433],[-5.383967,43.543867],[-5.38545,43.543517],[-5.38195,43.540083],[-5.3763,43.533033]]}},{"type":"Feature","properties":{"osm_id":"way/78444061","name":"Ulysses 2","operator":"Verizon Business","source_date":"2026-09-05T15:20:55Z"},"geometry":{"type":"LineString","coordinates":[[1.7345752,52.451651],[1.781533,52.42875],[1.78695,52.4244],[1.80565,52.4152],[1.80715,52.414867],[1.903983,52.408967],[1.9851072,52.4038011],[2.0729332,52.3982077],[2.1341104,52.3943111],[2.27635,52.38525],[2.306417,52.391267],[2.315283,52.39335],[2.393867,52.394433],[2.5621737,52.3973424],[2.74775,52.40055],[2.755433,52.400883],[2.756883,52.401867],[2.758667,52.400683],[2.9739161,52.4043808],[3.19235,52.408133],[3.345,52.410133],[3.35405,52.408333],[3.39065,52.402533],[3.488333,52.386333],[3.491,52.38575],[3.572183,52.3722],[3.745767,52.342883],[3.75305,52.34155],[3.905,52.340017],[4.000067,52.339267],[4.2514636,52.3718537],[4.4268,52.394567],[4.521861,52.4464631],[4.5325899,52.4476925],[4.5527195,52.4542358],[4.5578644,52.4557626],[4.5592269,52.4560764],[4.5593718,52.4560993]]}},{"type":"Feature","properties":{"osm_id":"way/78444062","name":"UK-Germany 6","operator":"BT","source_date":"2026-09-05T15:20:55Z"},"geometry":{"type":"LineString","coordinates":[[7.198283,53.782383],[7.1979,53.782467],[7.198717,53.783167],[7.195567,53.785567],[7.190883,53.790017],[7.187683,53.791733],[7.075017,53.816667],[7.0595,53.8412],[7.057483,53.850267],[7.0415,53.875533],[7.03335,53.883317],[6.991633,53.95],[6.93335,53.970017],[6.718533,53.954917],[6.710467,53.9545],[6.649867,53.94995],[6.609,53.974267],[6.479833,54.0499],[6.3084108,54.0684754],[6.123833,54.088467],[6.041867,54.194],[6.033233,54.20495],[5.94365,54.21555],[5.934217,54.221883],[5.92465,54.228517],[5.923433,54.228383],[5.919233,54.22745],[5.809683,54.2114],[5.6206951,54.2141935],[5.3245396,54.2185706],[4.999983,54.223367],[4.892783,54.293183],[4.890267,54.29465],[4.865217,54.311067],[4.8265,54.336133],[4.811983,54.3428],[4.6639,54.36305],[4.656483,54.363917],[4.4669624,54.3893399],[4.3213588,54.4088609],[4.1025917,54.4381735],[3.852183,54.4717],[3.845367,54.472383],[3.84085,54.47335],[3.5372214,54.5138966],[3.282733,54.54785],[3.276483,54.548483],[3.268367,54.549767],[2.771467,54.611883],[2.637667,54.641583],[2.50425,54.64695],[2.219683,54.6842678],[1.920617,54.72345],[1.779167,54.741917],[1.5837,54.746983],[1.500867,54.740717],[1.452583,54.7369],[1.446283,54.73655],[1.437667,54.735667],[1.429217,54.735233],[1.428033,54.735567],[1.4272,54.7359],[1.42595,54.735017],[1.3432,54.728667],[1.335083,54.7282],[1.330383,54.728633],[1.327417,54.728367],[1.32245,54.7271],[1.1883,54.716783],[1.171267,54.718033],[1.160917,54.711317],[0.722067,54.5587],[0.692117,54.5499],[0.680667,54.5464],[0.655767,54.5333],[0.624517,54.5204],[0.573533,54.5022],[0.527067,54.49015],[0.365933,54.432683],[0.0504366,54.3198317]]}},{"type":"Feature","properties":{"osm_id":"way/78444063","name":"UK-France 3","operator":"Cable & Wireless","source_date":"2026-09-05T15:20:55Z"},"geometry":{"type":"LineString","coordinates":[[-0.138167,50.819183],[-0.149717,50.788117],[-0.150217,50.786283],[-0.155817,50.7525],[-0.14655,50.74695],[-0.008033,50.666617],[-0.004267,50.664],[0.0018,50.65785],[0.002217,50.656117],[0.003133,50.656417],[0.004433,50.6568],[0.0246,50.649233],[0.036617,50.640783],[0.071617,50.627117],[0.07495,50.624733],[0.080617,50.625733],[0.156183,50.598517],[0.158633,50.589283],[0.155967,50.580617],[0.159367,50.573417],[0.158383,50.571433],[0.1575,50.570367],[0.160867,50.569283],[0.165783,50.562933],[0.313633,50.446117],[0.349133,50.41965],[0.36545,50.408667],[0.385667,50.392],[0.3915,50.385333],[0.497267,50.300233],[0.54685,50.26015],[0.575133,50.25995],[0.585967,50.260117],[0.602683,50.26],[0.699467,50.196283],[0.73115,50.171617],[0.731817,50.17145],[0.74365,50.165783],[0.78315,50.14095],[0.871983,50.081783],[0.97865,50.012117],[1.012967,49.98985],[1.031117,49.970967],[1.030417,49.969967],[1.029883,49.969483],[1.03375,49.9662],[1.048633,49.950733],[1.048767,49.950517],[1.049967,49.950983],[1.0492,49.95015],[1.058317,49.94345],[1.06865,49.926283]]}},{"type":"Feature","properties":{"osm_id":"way/78444064","name":"UK-Denmark 4 - Seg 2 BT","operator":"BT","source_date":"2026-09-05T15:20:55Z"},"geometry":{"type":"LineString","coordinates":[[0.009167,54.343467],[0.1349,54.39595],[0.136,54.3966],[0.322567,54.478567],[0.46795,54.5463],[0.514267,54.568133],[0.547333,54.582933],[0.639683,54.62595],[0.7985,54.699083],[0.955167,54.75925],[0.965667,54.761583],[1.091667,54.80825],[1.130667,54.824417],[1.149317,54.836783],[1.299133,54.939767],[1.322983,54.955717],[1.474533,55.0591],[1.497383,55.0744],[1.8595,55.247617],[1.915167,55.27845],[1.927667,55.279783],[2.140667,55.382617],[2.207817,55.414283],[2.6061,55.5995],[2.804333,55.690433],[3.05375,55.801917],[3.069917,55.809517],[3.281817,55.906617],[3.3407,55.932767]]}},{"type":"Feature","properties":{"osm_id":"way/78444065","name":"UK-Denmark 4 - Seg 2","operator":"BT","source_date":"2026-09-05T15:20:55Z"},"geometry":{"type":"LineString","coordinates":[[3.3407,55.932767],[3.360667,55.932433],[3.399217,55.931417],[3.448367,55.929733],[3.679917,55.922367],[3.83755,55.917133],[3.889117,55.915667],[3.8914,55.91735],[3.89225,55.91615],[3.897867,55.920483],[3.905867,55.922483],[3.934983,55.932117],[3.941,55.931583],[4.007033,55.928833],[4.0072,55.9285],[4.007367,55.928667],[4.167583,55.920933],[4.302883,55.914167],[4.773817,55.886867],[4.816167,55.883617],[5.0574,55.880283],[5.470633,55.87335],[5.487183,55.87295],[5.491167,55.87305],[5.58775,55.87075],[5.648583,55.870183],[5.8594,55.86495],[5.8632,55.86515],[5.880067,55.865233],[5.921683,55.863917],[5.998583,55.861917],[6.183017,55.857733],[6.355383,55.853383],[6.6246,55.846283],[6.8814,55.839267],[7.052367,55.83425],[7.084167,55.835233],[7.288183,55.8285],[7.317317,55.827367],[7.382167,55.8252],[7.398133,55.823867],[7.57395,55.8182],[7.78375,55.8105],[7.83205,55.808583],[7.94865,55.7952],[8.10365,55.778483],[8.10855,55.778317],[8.123517,55.774883]]}},{"type":"Feature","properties":{"osm_id":"way/78444066","name":"Tata North Europe","operator":"Tata Telecoms","source_date":"2026-09-05T15:20:55Z"},"geometry":{"type":"LineString","coordinates":[[0.068517,54.319133],[0.078333,54.326433],[0.06715,54.332767],[0.068767,54.33715],[0.072233,54.341167],[0.079833,54.347233],[0.096317,54.35715],[0.18565,54.39235],[0.3112,54.448567],[0.462267,54.51145],[0.55285,54.542667],[0.60695,54.566733],[0.633883,54.578483],[0.649283,54.584733],[0.67765,54.593933],[0.71435,54.608567],[0.736533,54.6202],[0.993667,54.723967],[1.08695,54.7614],[1.236467,54.820983],[1.278133,54.829317],[1.33495,54.833317],[1.5474,54.835217],[1.6908936,54.8369387],[1.9043581,54.8387673],[1.9954943,54.8391285],[2.0874,54.8392092],[2.6092854,54.83758],[3.170567,54.836967],[3.305283,54.836117],[3.379033,54.8356],[3.40915,54.834667],[3.63475,54.831867],[3.654,54.830817],[3.67635,54.827167],[3.7085,54.81925],[3.8533803,54.7859903],[4.026117,54.7463],[4.053867,54.741017],[4.078567,54.7353],[4.1111,54.7258],[4.148267,54.717167],[4.4293848,54.6509574],[4.686667,54.590267],[4.73225,54.582917],[4.7688,54.579367],[4.783333,54.579583],[4.804883,54.577433],[4.848,54.568633],[4.863817,54.566067],[5.050517,54.525817],[5.25195,54.481783],[5.265283,54.476283],[5.326033,54.432617],[5.4487038,54.340512],[5.596633,54.229167],[5.616467,54.208233],[5.729967,54.116817],[5.80185,54.058483],[5.8758065,53.9983416],[5.979833,53.9136],[6.0388282,53.8652646],[6.115333,53.8025],[6.136583,53.780117],[6.165333,53.761317],[6.240967,53.698817],[6.278333,53.668433],[6.295567,53.643533],[6.294133,53.64275],[6.293583,53.6426],[6.2961,53.642817],[6.312917,53.618667],[6.313833,53.614583],[6.314917,53.612817],[6.316417,53.611533],[6.318467,53.610517],[6.321333,53.60975],[6.327917,53.608967],[6.35225,53.604167],[6.56535,53.565367],[6.5814,53.56305],[6.587917,53.56125],[6.59265,53.559183],[6.597883,53.556033],[6.60235,53.55445],[6.627917,53.549983],[6.635233,53.547683],[6.646183,53.542117],[6.654467,53.534767],[6.663733,53.523783],[6.668783,53.518517],[6.677817,53.511633],[6.6986,53.497917],[6.711483,53.492783],[6.72445,53.48835],[6.752183,53.480817],[6.766117,53.477417],[6.780433,53.47465],[6.807017,53.468333],[6.809833,53.467433],[6.81095,53.466833],[6.8118,53.46605],[6.8137952,53.4623398]]}},{"type":"Feature","properties":{"osm_id":"way/78444067","name":"UK-FRANCE 4 - Seg 2","operator":"BT","source_date":"2026-09-05T15:20:55Z"},"geometry":{"type":"LineString","coordinates":[[1.632233,51.097],[1.632567,51.097033]]}},{"type":"Feature","properties":{"osm_id":"way/78444070","name":"UK-BELGIUM 6 - Seg 1","operator":"BT","source_date":"2026-09-05T15:20:55Z"},"geometry":{"type":"LineString","coordinates":[[1.48845,51.128517],[1.504433,51.130783]]}},{"type":"Feature","properties":{"osm_id":"way/78444071","name":"Tata Atlantic South","operator":"Tata Telecoms","source_date":"2026-09-05T15:20:55Z"},"geometry":{"type":"LineString","coordinates":[[-74.0188194,40.1600336],[-20.005717,48.001067],[-19.765983,48.164667],[-19.605333,48.215817],[-19.368383,48.251867],[-19.10365,48.303],[-18.682267,48.382917],[-18.487467,48.420267],[-18.271217,48.461267],[-17.895983,48.533683],[-17.337767,48.638767],[-17.1809,48.667733],[-17.024433,48.705717],[-16.771183,48.75405],[-16.27635,48.846617],[-16.192517,48.862567],[-15.795133,48.93725],[-15.72695,48.950217],[-15.278933,49.0343],[-15.178033,49.053367],[-14.813367,49.121417],[-14.607533,49.160283],[-14.334367,49.211183],[-14.206683,49.234733],[-13.7192,49.301633],[-13.48705,49.358833],[-13.364733,49.425],[-13.09455,49.493667],[-13.0,49.53105],[-12.646783,49.596017],[-12.4383,49.6468],[-12.171317,49.676817],[-11.826067,49.715],[-11.707583,49.730483],[-11.578367,49.742633],[-11.5428,49.745183],[-11.476133,49.754017],[-11.064333,49.800067],[-10.9694,49.81045],[-10.39995,49.873983],[-10.2932,49.885583],[-10.127883,49.9225],[-10.073817,49.936667],[-9.977317,49.957867],[-9.939,49.961967],[-9.824583,49.987267],[-9.811283,49.991083],[-9.779183,50.000267],[-9.5556,50.050067],[-9.514117,50.062233],[-9.466017,50.072833],[-9.4234,50.0807],[-9.40025,50.088483],[-9.380833,50.092533],[-9.340067,50.0946],[-9.298717,50.1034],[-9.289933,50.107067],[-9.277217,50.115717],[-9.2715,50.121833],[-9.267917,50.126917],[-9.262167,50.14425],[-9.259167,50.1485],[-9.254917,50.152083],[-9.25435,50.152267],[-9.2495,50.155],[-9.213717,50.172017],[-9.20275,50.1795],[-9.193883,50.18365],[-9.112433,50.205217],[-9.073233,50.220417],[-9.005267,50.239867],[-8.980333,50.244783],[-8.95065,50.253533],[-8.924717,50.262433],[-8.7546,50.311067],[-8.724567,50.317917],[-8.301283,50.43865],[-8.26265,50.448117],[-8.109317,50.492633],[-8.080367,50.499983],[-7.997083,50.52415],[-7.9756,50.53315],[-7.78795,50.587533],[-7.60335,50.639983],[-7.537883,50.6622],[-7.269967,50.738183],[-7.248217,50.74165],[-7.20055,50.747767],[-7.117933,50.75515],[-7.076767,50.75595],[-6.891067,50.7729],[-6.811667,50.777533],[-6.270533,50.82525],[-6.146683,50.835833],[-5.940517,50.837083],[-5.901667,50.836067],[-5.817283,50.836033],[-5.777283,50.8372],[-5.6449,50.836433],[-5.5915,50.83715],[-5.571417,50.839383],[-5.544517,50.844667],[-5.511133,50.8492],[-5.49705,50.85265],[-5.4594,50.863983],[-5.447817,50.867],[-5.435167,50.871383],[-5.402533,50.888933],[-5.3895,50.893667],[-5.352683,50.913417],[-5.3,50.936433],[-5.183333,50.97385],[-5.088333,51.001117],[-5.04385,51.018017],[-4.995767,51.033333],[-4.995067,51.034017],[-4.878333,51.067383],[-4.681033,51.10175],[-4.6,51.105167],[-4.51385,51.104167],[-4.511117,51.103967],[-4.5016,51.102817],[-4.484417,51.10285],[-4.391917,51.106],[-4.333333,51.1104],[-4.224633,51.116633],[-4.220638,51.117152]]}},{"type":"Feature","properties":{"osm_id":"way/78444072","name":"UK-GERMANY 5 - Seg 4","operator":"BT","source_date":"2026-09-05T15:20:55Z"},"geometry":{"type":"LineString","coordinates":[[1.954817,52.734],[1.973233,52.733467],[1.973383,52.733333]]}},{"type":"Feature","properties":{"osm_id":"way/78444799","name":"TAT13","operator":"BT","source_date":"2026-09-05T15:20:55Z"},"geometry":{"type":"LineString","coordinates":[[-4.34665,47.832283],[-4.3799,47.835567],[-4.40915,47.830417],[-4.446367,47.825833],[-4.58485,47.784617],[-4.639117,47.738883],[-4.69155,47.70985],[-4.784983,47.684983],[-4.816967,47.669267],[-4.836117,47.6602],[-4.873133,47.656633],[-4.943417,47.63635],[-5.01695,47.626467],[-5.033317,47.62095],[-5.4086,47.548833],[-5.433167,47.54425],[-5.475433,47.53785],[-5.5054,47.53305],[-5.546367,47.529667],[-5.683367,47.501267],[-5.765833,47.488333],[-5.800683,47.482567],[-5.81665,47.478833],[-5.863833,47.467267],[-5.899483,47.4359],[-5.909367,47.4279],[-5.92115,47.402833],[-5.95505,47.36695],[-6.004633,47.316417],[-6.058833,47.260533],[-6.096217,47.249783],[-6.099317,47.248567],[-6.125383,47.242833],[-6.168367,47.231517],[-6.178,47.221433],[-6.2296,47.0903],[-6.236833,47.070533],[-6.224833,47.03625],[-6.250217,46.916583],[-6.440467,46.7521],[-6.5003,46.699733],[-6.800317,46.466533],[-6.806867,46.465067],[-7.070517,46.399867],[-7.348667,46.36455],[-7.49775,46.344333],[-7.895917,46.2929],[-8.449083,46.220967],[-8.9962,46.149383],[-9.543467,46.078183]]}},{"type":"Feature","properties":{"osm_id":"way/78444800","name":"TAT12 Interlink","operator":"BT","source_date":"2026-09-05T15:20:55Z"},"geometry":{"type":"LineString","coordinates":[[-4.345883,47.8409],[-4.379333,47.847967],[-4.392483,47.845883],[-4.426683,47.853533],[-4.443833,47.85705],[-4.476683,47.860917],[-4.533317,47.859367],[-4.600067,47.860217],[-4.607083,47.860533],[-4.707567,47.862917],[-4.78365,47.865183],[-4.850083,47.866],[-4.905917,47.861683],[-4.928,47.864967],[-5.011083,47.865767],[-5.0666,47.874217],[-5.1113,47.87995],[-5.252233,47.90615],[-5.2888,47.912567],[-5.38005,47.93065],[-5.41135,47.946767],[-5.445817,47.967283],[-5.446433,47.967867],[-5.468817,47.974],[-5.535617,48.012167],[-5.56315,48.022717],[-5.608567,48.045283],[-5.799983,48.113867],[-5.87825,48.144733],[-5.884083,48.147183],[-5.936567,48.165383],[-5.945783,48.166767],[-5.963917,48.17],[-5.981667,48.187333],[-6.0099,48.190933],[-6.030067,48.198133],[-6.0834,48.216633],[-6.10035,48.233033],[-6.116,48.247083],[-6.121333,48.250833],[-6.158583,48.287917],[-6.174633,48.300433],[-6.19705,48.3138],[-6.207317,48.3302],[-6.209183,48.333583],[-6.210817,48.33495],[-6.208983,48.3373],[-6.20915,48.337317],[-6.213017,48.33725],[-6.214083,48.338133],[-6.21905,48.342483],[-6.23955,48.3619],[-6.26505,48.384383],[-6.2645,48.386067],[-6.2588,48.391983],[-6.147433,48.56335],[-6.12035,48.6167],[-6.059883,48.719917],[-6.058717,48.72365],[-6.057517,48.725733],[-6.052883,48.73585],[-6.051183,48.739083],[-6.050433,48.739817],[-6.045767,48.740017],[-6.0462,48.740367],[-6.0484,48.74225],[-6.044083,48.7489],[-6.041933,48.7514],[-6.038617,48.75645],[-6.0136,48.799117],[-6.010483,48.8046],[-6.0017,48.817867],[-5.9725,48.861983],[-5.950167,48.907383],[-5.947567,48.911533],[-5.943917,48.918483],[-5.940367,48.922967],[-5.939883,48.9246],[-5.937283,48.9248],[-5.937483,48.924983],[-5.938567,48.926417],[-5.938583,48.926767],[-5.919583,48.957533],[-5.916983,48.96435],[-5.910783,48.9806],[-5.9085,48.986383],[-5.908717,48.988117],[-5.912267,49.001817],[-5.900033,49.038483],[-5.898617,49.043867],[-5.894183,49.057233],[-5.883333,49.084267],[-5.878333,49.0967],[-5.8683,49.129033],[-5.867367,49.1317],[-5.866583,49.134583],[-5.86355,49.135067],[-5.863883,49.135183],[-5.8661,49.13615],[-5.865433,49.137917],[-5.855133,49.176167],[-5.854383,49.178417],[-5.851433,49.1893],[-5.8507,49.191233],[-5.8474,49.19195],[-5.847617,49.192067],[-5.850167,49.19355],[-5.849967,49.194583],[-5.836167,49.2395],[-5.82525,49.2577],[-5.825333,49.259033],[-5.846217,49.2795],[-5.848633,49.2839],[-5.851567,49.288783],[-5.8532,49.291517],[-5.8579,49.298],[-5.870533,49.317317],[-5.874933,49.32225],[-5.864533,49.35],[-5.833517,49.4167],[-5.828333,49.431917],[-5.822467,49.450017],[-5.82205,49.451933],[-5.816567,49.472033],[-5.817883,49.473017],[-5.818433,49.473467],[-5.817333,49.473817],[-5.816383,49.4747],[-5.815817,49.475817],[-5.8145,49.48065],[-5.814433,49.481367],[-5.816517,49.482367],[-5.815983,49.482467],[-5.814617,49.482767],[-5.813767,49.48315],[-5.812867,49.484817],[-5.812617,49.486433],[-5.809533,49.500017],[-5.807017,49.507033],[-5.798633,49.533233],[-5.771333,49.616683],[-5.7546,49.65735],[-5.753333,49.661667],[-5.7475,49.673917],[-5.74575,49.68675],[-5.739383,49.707917],[-5.741567,49.7092],[-5.7403,49.709517],[-5.73885,49.709983],[-5.738017,49.713267],[-5.7371,49.7153],[-5.705733,49.816667],[-5.70315,49.82295],[-5.68515,49.86665],[-5.685117,49.870083],[-5.687567,49.8839],[-5.68995,49.891617],[-5.6875,49.896583],[-5.674117,49.906417],[-5.671883,49.909567],[-5.669167,49.933383],[-5.66295,49.969283],[-5.662667,49.971367],[-5.650167,49.99975],[-5.650017,50.000333],[-5.6486,50.01535],[-5.6407,50.0251],[-5.639583,50.0277],[-5.637383,50.03495],[-5.6517,50.043667]]}},{"type":"Feature","properties":{"osm_id":"way/78444802","name":"Tangerine","operator":"Level 3 Global Submarine","source_date":"2026-09-05T15:20:55Z"},"geometry":{"type":"LineString","coordinates":[[1.4383613,51.3486943],[1.444967,51.344967],[1.45395,51.342717],[1.456883,51.342233],[1.46315,51.341667],[1.465083,51.34165],[1.469167,51.341333],[1.469267,51.341117],[1.4695,51.341],[1.469833,51.341333],[1.473667,51.341333],[1.474833,51.341167],[1.4805,51.341],[1.547617,51.340817],[1.552317,51.340783],[1.564383,51.3424],[1.647767,51.34915],[1.681483,51.35035],[1.749933,51.3577],[1.75675,51.3577],[1.781783,51.3535],[1.797783,51.351133],[1.818117,51.345633],[1.848467,51.340517],[1.867617,51.33905],[1.880267,51.33695],[1.919667,51.332967],[1.927317,51.33075],[1.958733,51.32765],[1.98005,51.338117],[1.9926,51.34155],[2.003217,51.341517],[2.027833,51.337733],[2.081233,51.3375],[2.163667,51.332983],[2.26835,51.319533],[2.295383,51.321933],[2.3387,51.333533],[2.463783,51.36475],[2.495183,51.372383],[2.5022,51.371717],[2.504117,51.371567],[2.5049,51.371967],[2.505317,51.37175],[2.505733,51.371317],[2.507467,51.371067],[2.5148,51.370217],[2.540017,51.351017],[2.563,51.346117],[2.722167,51.34055],[2.758017,51.327333],[2.7729,51.306433],[2.778567,51.298983],[2.779233,51.29815],[2.780133,51.298017],[2.780017,51.297817],[2.779667,51.29755],[2.779717,51.297267],[2.780517,51.2962],[2.785133,51.293483],[2.844483,51.252217],[2.847767,51.249333],[2.853217,51.24615],[2.858317,51.24255],[2.87,51.239667],[2.878217,51.235433],[2.879967,51.226483],[2.881383,51.224067],[2.8805,51.223483],[2.884733,51.219133]]}},{"type":"Feature","properties":{"osm_id":"way/78444805","name":"TAT 9","operator":"BT","source_date":"2026-09-05T15:20:55Z"},"geometry":{"type":"LineString","coordinates":[[-7.417233,46.917967],[-7.3346,47.000333],[-7.167767,47.13495],[-7.067683,47.25],[-7.051133,47.284467],[-7.084967,47.334133],[-7.034117,47.433333],[-7.01755,47.45085],[-7.000867,47.484167],[-7.000233,47.484733],[-6.984067,47.517083],[-6.9007,47.650433],[-6.884083,47.668317],[-6.867483,47.700433],[-6.834817,47.734817],[-6.816767,47.78465],[-6.8003,47.817333],[-6.750483,47.884283],[-6.750083,47.900333],[-6.70055,47.967433],[-6.683417,48.0005],[-6.6516,48.033633],[-6.583333,48.15165],[-6.433383,48.334667],[-6.4014,48.367717],[-6.368217,48.400833],[-6.333333,48.466667],[-6.234917,48.617667],[-6.21735,48.66745],[-6.20165,48.684233],[-6.184883,48.717617],[-6.1511,48.783967],[-5.934033,49.200717],[-5.88485,49.26775],[-5.718067,49.316817],[-5.650033,49.45025],[-5.551483,49.584417],[-5.55095,49.600817],[-5.517683,49.651183],[-5.467867,49.718133],[-5.416717,49.833467]]}},{"type":"Feature","properties":{"osm_id":"way/78444806","name":"TAT 11","operator":"Cable & Wireless","source_date":"2026-09-05T15:20:55Z"},"geometry":{"type":"LineString","coordinates":[[-4.160167,51.557],[-4.14785,51.554083],[-4.1467,51.553667],[-4.144183,51.553217],[-4.137117,51.551017],[-4.13355,51.551517],[-4.1288,51.548017],[-4.146683,51.492417],[-4.1624,51.471733],[-4.1913,51.431367],[-4.270217,51.388217],[-4.366733,51.366567],[-4.702083,51.314717],[-4.741517,51.2832],[-4.774733,51.263283],[-4.78175,51.259817],[-5.023633,51.15335],[-5.566217,50.916617],[-5.570083,50.914017],[-5.57415,50.910367],[-5.575983,50.907017],[-5.59105,50.895617],[-5.602567,50.886283],[-5.6082,50.882483],[-5.6102,50.881833],[-5.637683,50.865083],[-5.708,50.805283],[-5.718383,50.792583],[-5.7192,50.789667],[-5.726517,50.781417],[-5.728883,50.7791],[-5.730117,50.777583],[-5.874383,50.654767],[-5.933867,50.604383],[-5.935017,50.603633],[-5.95535,50.5858],[-5.976767,50.55865],[-6.024333,50.517833],[-6.070517,50.49275],[-6.107733,50.47815],[-6.153,50.453433],[-6.223517,50.41535],[-6.232,50.4105],[-6.262217,50.394967],[-6.27295,50.387983],[-6.429483,50.303183],[-6.5031,50.262867],[-6.503717,50.262383],[-6.648017,50.18395],[-6.78845,50.1065],[-6.791683,50.1044],[-6.87345,50.043117],[-6.881417,50.023633],[-6.887683,50.011517],[-6.8887,50.008533],[-6.942117,49.884383],[-6.96315,49.83295],[-7.08915,49.2603],[-7.089283,49.258717],[-7.116433,49.1333],[-7.101317,49.093583],[-7.083583,49.049967],[-7.087917,49.01335],[-7.096367,48.9046],[-7.099233,48.872583],[-7.099283,48.869833],[-7.105483,48.807517],[-7.12375,48.756717],[-7.136167,48.619483],[-7.126867,48.5655],[-7.13325,48.499867],[-7.166467,48.4233],[-7.262883,48.3058],[-7.266133,48.30255],[-7.26715,48.30055],[-7.3446,48.205317],[-7.539283,47.966633],[-7.567183,47.950783],[-7.57055,47.949267],[-7.58615,47.935333],[-7.617517,47.9231],[-7.679183,47.904033],[-7.7388,47.8813],[-7.800483,47.862417],[-7.853017,47.832917],[-7.87235,47.81895],[-7.933117,47.777317],[-7.94995,47.763683],[-8.001733,47.71385],[-8.01135,47.705133],[-8.134917,47.636833],[-8.151633,47.626567],[-8.207917,47.562233],[-8.206833,47.543417],[-8.215217,47.523567],[-8.219367,47.509733],[-8.277717,47.405233],[-8.348333,47.333333],[-8.35,47.3325],[-8.4218,47.28845],[-8.4525,47.202633],[-8.53715,47.18015],[-8.656283,47.189733],[-8.711067,47.193417],[-10.186583,47.309083],[-10.378817,47.323983],[-10.55845,47.324333],[-11.559233,47.239],[-11.72895,47.231467],[-12.55555,47.193567],[-13.206783,47.213417],[-13.2608,47.215517],[-13.55505,47.22495],[-14.0513,47.2834],[-14.500283,47.30255],[-14.767883,47.316467],[-15.013067,47.328333],[-15.6421,47.547233],[-15.766967,47.591133],[-16.1423,47.644983],[-16.17675,47.65025],[-16.18745,47.6575],[-16.30565,47.742117],[-16.551017,47.800083],[-16.626317,47.821183],[-16.7914,47.979783],[-17.006133,48.01315],[-17.09005,48.013283],[-17.538383,48.01325],[-17.616333,48.0129],[-17.632817,48.01335],[-18.52345,48.01915],[-18.551917,48.018733],[-18.885117,48.019167],[-19.089917,48.011433],[-19.905667,47.9821],[-20.092417,48.0175],[-20.274683,48.015217],[-20.3906,48.0085],[-20.478383,48.027067],[-20.588083,48.0937],[-20.6202,48.113633],[-20.702583,48.122533],[-21.096933,48.12255],[-21.5545,47.992683],[-21.84925,47.92245],[-22.0522,47.89415],[-22.210967,47.871617],[-22.41655,47.805883],[-22.580867,47.8017],[-22.68195,47.826867],[-22.723033,47.850783],[-22.79545,47.86265],[-22.983233,47.853283],[-23.525967,47.6843],[-23.583533,47.683733],[-23.655233,47.704983],[-23.769517,47.78395],[-23.909667,47.802433],[-23.92995,47.804767],[-24.052983,47.789167],[-24.14155,47.746583],[-24.173967,47.713583],[-24.246367,47.694767],[-24.308133,47.68115],[-24.37035,47.6743],[-24.45245,47.643767],[-24.58545,47.630667],[-24.717583,47.679517],[-24.883467,47.655117],[-25.205983,47.609233]]}},{"type":"Feature","properties":{"osm_id":"way/78444807","name":"TAT 10B EAST SECTION","operator":"Deutsche Telekom AG","source_date":"2026-09-05T15:20:55Z"},"geometry":{"type":"LineString","coordinates":[[7.2363,53.758033],[7.194217,53.7967],[7.194033,53.7967],[7.1941,53.797567],[7.191867,53.800633],[7.08505,53.82135],[7.063283,53.86245],[7.063017,53.86445],[7.03205,53.92095],[7.02705,53.925283],[7.0144,53.955033],[7.008267,53.9656],[6.90055,54.013467],[6.899517,54.014067],[6.875017,54.024483],[6.729117,54.08795],[6.720367,54.092283],[6.713833,54.094433],[6.66615,54.11625],[6.6661,54.177117],[6.665367,54.185633],[6.666217,54.190367],[6.665383,54.201417],[6.665033,54.2492],[6.564917,54.3814],[6.56395,54.383933],[6.56165,54.387217],[6.5581,54.390233],[6.549367,54.401283],[6.538183,54.4148],[6.53385,54.417667],[6.53235,54.419467],[6.47785,54.4943],[6.29335,54.733133],[6.291483,54.735083],[6.284333,54.744967],[6.269067,54.76415],[6.118617,55.036],[6.08365,55.09765],[6.078817,55.102817],[5.902033,55.42],[5.771067,55.649683],[5.76005,55.6683],[5.726,55.728383],[5.72315,55.7328],[5.650583,55.857133],[5.648617,55.861033],[5.642667,55.863733],[5.648617,55.870167],[5.648283,55.878883],[5.635033,55.892617],[5.633367,55.89465],[5.586467,55.9422],[5.5435,55.9965],[5.502233,56.038383],[5.460033,56.080633],[5.425733,56.10465],[5.12585,56.40355],[4.9891,56.53815],[4.827267,56.696017],[4.79245,56.729667],[4.702583,56.817267],[4.694067,56.825867],[4.681083,56.838317],[4.67795,56.845283],[4.667633,56.85085],[4.598133,56.916583],[4.577417,56.936467],[4.560417,56.953233],[4.55975,56.9535],[4.445383,57.06245],[4.33105,57.170567],[4.145067,57.3447],[3.67175,57.779883],[3.371717,58.049383],[3.248367,58.156317],[3.199817,58.1995],[3.1258,58.2638],[3.111967,58.27535],[3.085033,58.30095],[3.050917,58.3328],[2.982017,58.3932],[2.962133,58.4098],[2.936717,58.432283],[2.86735,58.492083],[2.8527,58.505],[2.778583,58.5689],[2.666383,58.66395],[2.452183,58.757633],[2.438067,58.763233],[2.420867,58.771],[2.401967,58.781167],[2.39755,58.78305],[2.393617,58.784317],[2.388667,58.785367],[2.38365,58.78605],[2.378617,58.78655],[2.372683,58.7867],[2.3683,58.78665],[2.344067,58.784817],[2.324717,58.783967],[2.313833,58.784133],[2.30375,58.785317],[2.299,58.78645],[2.2897,58.7877],[2.29,58.789233],[2.27095,58.79615],[2.25695,58.802117],[2.151767,58.836967],[2.140067,58.841033],[2.1328,58.842817],[2.128367,58.844167],[2.1239,58.845917],[2.120467,58.847483],[2.116633,58.849533],[2.11135,58.8528],[2.017533,58.975017],[2.011517,58.98815],[2.008867,58.990533],[2.007583,58.992083],[2.003717,58.9948],[2.001383,58.995983],[1.9956,58.99815],[1.992667,58.999067],[1.989583,58.999817],[1.9862,59.00035],[1.979283,59.00095],[1.97225,59.00085],[1.948017,58.999533],[1.901867,58.999417],[1.773067,58.999717],[1.739317,59.001083],[1.7332,59.001133],[1.72545,59.000283],[1.719217,58.99905],[1.704717,58.9937],[1.698233,58.992017],[1.694783,58.9913],[1.69465,58.9915],[1.691167,58.991233],[1.68935,58.991417],[1.680417,58.993433],[1.648283,58.99925],[1.6292,58.99915],[1.54835,58.998183],[1.381533,58.998383],[1.281683,59.000133],[1.204317,59.00005],[0.998367,59.000983],[0.69755,58.988883],[0.484033,58.9765],[0.142517,58.9642],[0.094383,58.95995],[0.084017,58.9605],[0.07895,58.961167],[0.074117,58.962233],[0.06945,58.96355],[0.061683,58.966967],[0.056167,58.97005],[0.048933,58.973533],[0.009417,58.9943],[-1.7e-05,58.9989],[-0.071133,59.01935],[-0.14385,59.040517],[-0.656417,59.186583],[-0.67705,59.193783],[-0.686317,59.196233],[-0.69135,59.197183],[-0.693617,59.1973],[-0.696467,59.197667],[-0.701667,59.19795],[-0.707033,59.197667],[-0.723383,59.197283],[-0.798367,59.1902],[-0.8617,59.180717],[-0.985483,59.1676],[-1.001767,59.166083],[-1.180983,59.16615],[-1.240767,59.16565],[-1.24965,59.164917],[-1.259933,59.165217],[-1.263367,59.16585],[-1.266433,59.16665],[-1.2711,59.16955],[-1.2729,59.171167],[-1.275717,59.177283],[-1.368383,59.3261],[-1.37295,59.337033],[-1.37705,59.343483],[-1.38145,59.3474],[-1.38725,59.350867],[-1.389083,59.352317]]}},{"type":"Feature","properties":{"osm_id":"way/78444808","name":"TAT 8 France","operator":"BT","source_date":"2026-09-05T15:20:55Z"},"geometry":{"type":"LineString","coordinates":[[-8.417083,47.50095],[-8.33355,47.500183],[-8.318,47.501483],[-8.317,47.500183],[-8.284483,47.500667],[-8.283983,47.501167],[-8.2674,47.518233],[-8.26705,47.5835],[-8.218,47.633833],[-8.150367,47.66795],[-8.050533,47.7015],[-8.033867,47.717133],[-8.033367,47.7174],[-7.9837,47.734517],[-7.9349,47.7679],[-7.934333,47.784033],[-7.933333,47.78425],[-7.833333,47.868],[-7.817383,47.88455],[-7.816833,47.900133],[-7.801617,47.900167],[-7.80025,47.91805],[-7.784067,47.933817],[-7.750517,47.934283],[-7.734333,47.934583],[-7.58485,47.93335],[-7.583533,47.933467],[-7.568033,47.93345],[-7.550867,47.917517],[-7.550417,47.917533],[-7.501317,47.9009],[-7.1848,47.833817],[-7.184167,47.833833],[-7.134483,47.81785],[-7.133767,47.817767],[-6.968067,47.784633],[-6.967667,47.784617],[-6.933383,47.784233],[-6.8677,47.767433],[-6.8671,47.767383],[-6.866717,47.7672],[-6.700833,47.7335],[-6.700467,47.733483],[-6.2169,47.751],[-6.200367,47.750867],[-6.1678,47.750833],[-6.117767,47.7506],[-5.884583,47.734083],[-5.868167,47.733817],[-5.8677,47.734033],[-5.8676,47.734],[-5.867533,47.734033],[-5.833517,47.7345],[-5.818133,47.734717],[-5.8175,47.734667],[-5.817133,47.75],[-5.767167,47.75065],[-5.716667,47.75],[-5.66685,47.7183],[-5.616667,47.733867],[-5.600967,47.7341],[-5.5842,47.7343],[-5.5677,47.7342],[-5.534333,47.734833],[-5.400533,47.751517],[-5.334333,47.7671],[-5.334233,47.767233],[-5.250667,47.768233],[-5.233917,47.768133],[-5.233567,47.768167],[-5.217483,47.783567],[-5.1681,47.78375],[-5.150167,47.784067],[-5.0344,47.784867],[-5.0178,47.784917],[-4.984283,47.80025]]}},{"type":"Feature","properties":{"osm_id":"way/78444809","name":"TAT 12","operator":"BT","source_date":"2026-09-05T15:20:55Z"},"geometry":{"type":"LineString","coordinates":[[-5.69705,50.078783],[-5.7018,50.0811],[-5.705917,50.08355],[-5.718,50.089017],[-5.726767,50.09015],[-5.75,50.088017],[-5.78335,50.08],[-5.799983,50.079867],[-5.812667,50.083517],[-5.81615,50.090017],[-5.841767,50.0977],[-5.8454,50.099233],[-5.8874,50.117517],[-5.891233,50.1191],[-5.951,50.145167],[-5.97795,50.156867],[-5.991533,50.162567],[-6.013633,50.163267],[-6.05,50.164167],[-6.349317,50.149433],[-6.572283,50.13795],[-6.727017,50.12965],[-6.752167,50.136967],[-6.9002,50.133383],[-6.922333,50.13325],[-6.928683,50.133333],[-6.940167,50.132617],[-7.0011,50.133117],[-7.162967,50.080217],[-7.3247,50.027017],[-7.419417,49.996133],[-7.47405,49.978333],[-7.4833,49.975133],[-7.501433,49.96735],[-7.53355,49.960633],[-7.541633,49.95705],[-7.566533,49.956117],[-7.581083,49.9517],[-7.599833,49.94765],[-7.628917,49.929733],[-7.65015,49.920633],[-7.751533,49.887383],[-7.883333,49.844033],[-7.900117,49.838033],[-7.912533,49.83415],[-7.91675,49.831717],[-7.932833,49.831733],[-8.127283,49.813233],[-8.383883,49.788533],[-8.462333,49.778617],[-8.487283,49.775583],[-8.514567,49.773033],[-8.524067,49.771967],[-8.55015,49.767933],[-8.627017,49.76775],[-8.647,49.765833],[-8.650033,49.765067],[-8.6741,49.762883],[-8.7834,49.7501],[-8.866683,49.7421],[-8.88425,49.74055],[-9.166717,49.713117],[-9.216633,49.7121],[-9.335167,49.697917],[-9.383183,49.692],[-9.450283,49.685717],[-9.496433,49.683517],[-9.526083,49.682383],[-9.783483,49.655],[-9.883383,49.644017],[-10.108517,49.623633],[-10.596733,49.57825],[-10.718117,49.566383],[-10.7857,49.559967],[-11.041467,49.534933],[-11.326483,49.506333],[-11.5604,49.481833],[-11.799967,49.458233],[-11.826467,49.455833],[-12.510783,49.3874],[-12.796633,49.357417],[-12.875883,49.348983],[-13.073067,49.328983],[-13.078367,49.3283],[-13.196017,49.302233],[-13.203483,49.31635],[-13.25825,49.288167],[-13.275067,49.28455],[-13.637083,49.218933],[-13.649867,49.2164],[-14.173633,49.054667],[-14.666733,48.900067],[-14.711433,48.8863],[-15.247,48.72495],[-15.499967,48.646633],[-15.833533,48.43355],[-16.1666,48.30825],[-16.217783,48.303117],[-16.411433,48.2874],[-16.495833,48.2798],[-16.773717,48.255217],[-16.833467,48.25015],[-17.194983,48.12335],[-17.32515,48.013667],[-17.45245,47.905317],[-17.586883,47.790267],[-17.631617,47.77285],[-17.66485,47.765067],[-17.753383,47.736717],[-18.228283,47.683117],[-18.754133,47.708617],[-18.817517,47.712067],[-19.03,47.721533],[-19.205467,47.718833],[-19.30715,47.717133],[-19.333183,47.716483],[-19.583483,47.600133],[-19.628283,47.562367],[-19.708583,47.493217],[-19.743,47.465167],[-19.773083,47.4382],[-20.000017,47.358333]]}},{"type":"Feature","properties":{"osm_id":"way/78444810","name":"TAT 8 North PIECE","operator":"BT","source_date":"2026-09-05T15:20:55Z"},"geometry":{"type":"LineString","coordinates":[[-5.409217,50.710867],[-5.415967,50.709433]]}},{"type":"Feature","properties":{"osm_id":"way/78444812","name":"TAT 8 North","operator":"BT","source_date":"2026-09-05T15:20:55Z"},"geometry":{"type":"LineString","coordinates":[[-8.567567,47.517267],[-8.46675,47.617317],[-8.433383,47.63385],[-8.4013,47.633983],[-8.384633,47.6511],[-8.351433,47.651033],[-8.334817,47.667933],[-8.333433,47.667983],[-8.301267,47.683867],[-8.284667,47.684583],[-8.1507,47.750383],[-8.000167,47.816783],[-7.901333,47.867433],[-7.850017,47.901367],[-7.817133,47.950667],[-7.700917,48.068167],[-7.5334,48.5336],[-7.400433,48.850583],[-7.417633,48.866733],[-7.467583,48.88485],[-7.4506,48.933617],[-7.400733,49.034783],[-7.318167,49.2002],[-7.16825,49.5],[-7.16765,49.533883],[-7.1175,49.833333],[-6.868283,50.2003],[-6.76775,50.351133],[-6.750633,50.368117],[-6.718117,50.384167],[-6.533367,50.434317],[-6.251617,50.501217],[-6.00085,50.567733],[-6.0,50.567983],[-5.6167,50.651517]]}},{"type":"Feature","properties":{"osm_id":"way/78444813","name":"TAT 8","operator":"BT","source_date":"2026-09-05T15:20:55Z"},"geometry":{"type":"LineString","coordinates":[[-19.434117,47.466933],[-18.96795,47.417883],[-18.166667,47.350417],[-18.150817,47.3505],[-17.283367,47.3006],[-17.266917,47.300583],[-16.9175,47.234167],[-16.733833,47.2175],[-16.4669,47.23385],[-15.617117,47.267967],[-15.55,47.283333],[-15.184333,47.466667],[-15.0,47.484333],[-14.851067,47.466867],[-14.734,47.434833],[-14.5,47.43475],[-14.033583,47.484083],[-13.201,47.4335],[-13.166667,47.433333],[-13.0,47.433333],[-11.666667,47.533333],[-11.600233,47.451633],[-11.5,47.366667],[-11.050417,47.4],[-10.85125,47.418183],[-10.333333,47.5],[-10.017667,47.501333],[-9.55,47.533333],[-9.166917,47.517817],[-8.567567,47.517267],[-8.417083,47.50095]]}},{"type":"Feature","properties":{"osm_id":"way/78444815","name":"TAT 11 France","operator":"Cable & Wireless","source_date":"2026-09-05T15:20:55Z"},"geometry":{"type":"LineString","coordinates":[[-1.9921178,46.7280731],[-2.005433,46.722367],[-2.013433,46.7174],[-2.05435,46.6932],[-2.108283,46.668367],[-2.175333,46.633317],[-2.237,46.6017],[-2.249783,46.595833],[-2.326883,46.5797],[-2.542,46.5354],[-2.786617,46.609117],[-3.060017,46.6919],[-4.051233,46.764167],[-4.541433,46.800133],[-4.683867,46.783967],[-4.687567,46.783933],[-4.8672,46.763217],[-5.01645,46.7111],[-5.022333,46.704917],[-5.042317,46.69795],[-5.176233,46.65275],[-5.22555,46.634933],[-5.263067,46.622717],[-5.29115,46.60715],[-5.371517,46.5692],[-5.499867,46.558317],[-5.61665,46.6018],[-5.653333,46.601667],[-5.823383,46.6018],[-5.983283,46.680017],[-6.006667,46.683333],[-6.30735,46.724267],[-6.440217,46.766817],[-6.445233,46.768033],[-6.5575,46.785],[-6.795,46.82],[-6.865417,46.831017],[-6.933183,46.841933],[-7.283217,47.067033],[-7.558333,47.097617],[-7.83925,47.146683],[-8.058033,47.18545],[-8.241183,47.295767],[-8.348333,47.3315],[-8.35,47.3325]]}},{"type":"Feature","properties":{"osm_id":"way/78444819","name":"TAT 10B WEST SECTION","operator":"Deutsche Telekom AG","source_date":"2026-09-05T15:20:55Z"},"geometry":{"type":"LineString","coordinates":[[-3.53235,59.831167],[-3.680167,59.868183],[-4.2409,59.986783],[-4.299867,59.999],[-4.314233,60.000233],[-4.588817,60.01495],[-4.83515,60.027867],[-4.927517,60.032183],[-5.002117,60.03765],[-5.39365,60.06455],[-5.499967,60.072533],[-5.643067,60.086367],[-5.792333,60.099183],[-6.0,60.118167],[-6.499833,60.191667],[-6.833167,60.243333],[-7.526333,60.219167],[-7.965167,60.112167],[-7.999833,60.103333],[-8.013167,60.089667],[-8.111167,60.077333],[-8.5,59.986667],[-8.939833,59.9015],[-8.959333,59.912],[-9.5,59.821667],[-9.825333,59.765833],[-10.5,59.651333],[-10.906667,59.576667],[-11.5,59.377167],[-11.827333,59.256833],[-13.5,58.615],[-13.665,58.566667],[-13.7215,58.567],[-15.5,58.533333],[-15.900833,58.461333],[-15.966667,58.45],[-17.323333,57.579833],[-18.704667,56.661833]]}},{"type":"Feature","properties":{"osm_id":"way/150388019","name":"FLAG Europe-Asia","operator":"Flag Ltd.","source_date":"2026-09-05T15:20:55Z"},"geometry":{"type":"LineString","coordinates":[[-5.6504354,50.0430757],[-5.63445,50.033617],[-5.65135,50.016667],[-5.66695,50.000733],[-5.683817,49.984467],[-5.717017,49.967317],[-5.767817,49.917433],[-5.784183,49.901567],[-5.784833,49.901183],[-5.800617,49.9009],[-5.80165,49.900633],[-5.833333,49.88455],[-5.851033,49.883333],[-5.867567,49.867583],[-5.883617,49.866733],[-5.916667,49.85055],[-5.934517,49.834167],[-5.951417,49.833333],[-6.0515,49.7682],[-6.117333,49.750483],[-6.3977787,49.6068465],[-6.591387,49.5074381],[-6.701067,49.451033],[-6.95,49.333817],[-6.984333,49.33335],[-7.001617,49.31805],[-7.033333,49.317883],[-7.267583,49.30015],[-7.283983,49.28495],[-7.384167,49.283783],[-7.40085,49.283433],[-7.416667,49.2681],[-7.5462745,49.1918122],[-7.70075,49.100733],[-7.9123905,48.9738834],[-8.1359601,48.8395325],[-8.284367,48.75015],[-8.284367,48.750133],[-8.500017,48.617433],[-8.6757822,48.5551921],[-8.8833663,48.481585],[-9.0984457,48.4052073],[-9.2516,48.35075],[-9.26685,48.35065],[-9.418317,48.284717],[-9.450867,48.283467],[-9.484017,48.250833],[-9.484683,48.25],[-9.500017,48.234167],[-9.500217,48.218267],[-9.500317,48.201433],[-9.5006,48.167133],[-9.50075,48.134233],[-9.501167,48.1169],[-9.501567,48.10115],[-9.51675,48.100283],[-9.550533,48.0178],[-9.517717,47.916667],[-9.534133,47.75],[-9.667683,47.5178],[-9.684267,47.50015],[-9.817683,47.26805],[-9.9057228,47.1281209],[-9.9971321,46.9824457],[-10.100833,46.8167],[-10.1815424,46.6817704],[-10.2988763,46.4850095],[-10.4032953,46.3093054],[-10.517,46.117333],[-10.517283,46.1169],[-10.5887592,45.9905706],[-10.66735,45.851333],[-10.783917,45.666667],[-10.8507578,45.5409287],[-10.916667,45.416667],[-11.0642873,45.215995],[-11.233583,44.984983],[-11.434767,44.800783],[-11.46785,44.767917],[-11.6341,44.583333],[-11.7654879,44.3899606],[-11.916667,44.166667],[-11.9183,44.133917],[-12.0003973,43.9992993],[-12.10085,43.834167],[-12.250558,43.6402904],[-12.383667,43.467383],[-12.4810742,43.3271213],[-12.5810696,43.182795],[-12.71775,42.984967],[-12.668217,42.784883],[-12.6292378,42.6084379],[-12.583333,42.4],[-12.5335991,42.2265076],[-12.48345,42.051083],[-12.4181112,41.8302329],[-12.3803552,41.7022665],[-12.332458,41.539561],[-12.267067,41.316767],[-12.2193004,41.1429618],[-12.164401,40.9426323],[-12.1084662,40.7378981],[-12.066733,40.584733],[-12.0504,40.533367],[-12.084733,40.466833],[-12.200217,40.3167],[-12.1734431,40.1705239],[-12.1457274,40.0188735],[-12.118233,39.8681],[-12.100233,39.700517],[-12.0696658,39.5514957],[-12.0289125,39.3523155],[-11.98435,39.133867],[-11.9460031,38.9486809],[-11.90155,38.7334],[-11.683683,38.61775],[-11.53425,38.55115],[-11.483517,38.5182],[-11.3582083,38.3808132],[-11.2211919,38.230291],[-11.1024147,38.0995533],[-10.9678,37.9511],[-10.8259226,37.7862006],[-10.7047923,37.645123],[-10.5960175,37.5182068],[-10.46715,37.367567],[-10.350083,37.2183],[-10.25005,37.034983],[-10.200767,36.983417],[-10.1166564,36.8492069],[-10.034633,36.7181],[-9.9611321,36.6001894],[-9.8505132,36.4223938],[-9.733783,36.234333],[-9.700483,36.200483],[-9.6167,36.100167],[-9.584633,36.06785],[-9.551567,36.034533],[-9.450567,36.000017],[-9.401533,35.984817],[-9.1918095,35.984884],[-8.984967,35.98495],[-8.701183,35.934617],[-8.684333,35.934233],[-8.4508,35.883633],[-8.1809136,35.8178855],[-8.0069558,35.7754785],[-7.767633,35.7171],[-7.583091,35.671126],[-7.4091423,35.6277668],[-7.2458504,35.5870425],[-7.100667,35.550817],[-7.0,35.500683],[-6.967983,35.5004],[-6.9679,35.5004],[-6.95145,35.500583],[-6.918317,35.5009],[-6.916933,35.501217],[-6.834567,35.534717],[-6.7681,35.56705],[-6.7345,35.583333],[-6.734167,35.583517],[-6.733333,35.584167],[-6.70165,35.600867],[-6.701333,35.601283],[-6.6842,35.633917],[-6.668167,35.63455],[-6.601517,35.6676],[-6.53435,35.6841],[-6.451433,35.701633],[-6.184967,35.8002],[-6.134567,35.817033],[-6.1,35.833433],[-6.0341,35.8511],[-6.000633,35.851467],[-5.9677,35.851467],[-5.96715,35.851567],[-5.950033,35.851567],[-5.95,35.85155],[-5.934983,35.851567],[-5.933583,35.851567],[-5.9,35.868],[-5.851367,35.884283],[-5.766667,35.9],[-5.701133,35.93335],[-5.667767,35.918083],[-5.667767,35.918067],[-5.6669,35.917967],[-5.6668,35.917967],[-5.651367,35.9179],[-5.651167,35.917883],[-5.651117,35.917867],[-5.650667,35.917867],[-5.601617,35.9175],[-5.584167,35.9175],[-5.567333,35.933617],[-5.5515,35.933833],[-5.5175,35.934283],[-5.484167,35.9505],[-5.333333,35.98335],[-5.283333,35.983983],[-5.266833,35.984817],[-5.250617,36.001],[-5.250583,36.0013],[-5.250283,36.016667],[-5.234083,36.017667],[-5.217417,36.01795],[-5.1849,36.018233],[-5.083333,36.05075],[-5.051083,36.050783],[-5.05075,36.050833],[-4.9514,36.050933],[-4.950883,36.05105]]}},{"type":"Feature","properties":{"osm_id":"way/150388021","name":"Flag Atlantic South","operator":"Flag Ltd.","source_date":"2026-09-05T15:20:55Z"},"geometry":{"type":"LineString","coordinates":[[-2.883417,48.675633],[-2.876,48.679417],[-2.851817,48.700667],[-2.8511,48.701083],[-2.817767,48.707933],[-2.7848,48.72405],[-2.78065,48.727483],[-2.78185,48.744967],[-2.779117,48.766667],[-2.773367,48.783333],[-2.77075,48.799967],[-2.771933,48.803833],[-2.77635,48.812283],[-2.783233,48.821633],[-2.820333,48.923583],[-2.82225,48.942917],[-2.830583,48.952083],[-2.835067,48.9682],[-2.841067,48.972567],[-2.878917,48.978167],[-2.914567,48.985067],[-2.93125,48.991417],[-2.94155,48.9927],[-2.999967,49.000217],[-3.05,49.00375],[-3.052917,49.002583],[-3.053,49.0023],[-3.083317,48.999917],[-3.117933,49.0],[-3.15,49.000017],[-3.178083,48.9974],[-3.181467,48.997617],[-3.216583,49.00025],[-3.400167,49.000533],[-3.404067,48.999683],[-3.41665,48.996933],[-3.450233,48.996533],[-3.466583,49.000267],[-3.476883,49.000033],[-3.51685,49.00105],[-3.533283,48.99695],[-3.549683,49.001333],[-3.714683,49.00065],[-3.7444,49.00065],[-3.818783,49.000267],[-3.819533,49.0001],[-3.8271,49.000333],[-3.886933,49.0],[-3.8938,48.999983],[-3.9,49.000367],[-3.916667,48.9973],[-3.919033,48.997733],[-3.932817,49.00075],[-4.033467,49.000733],[-4.041333,48.999133],[-4.04985,48.997483],[-4.083367,48.99755],[-4.099583,49.00165],[-4.116717,49.001533],[-4.128683,48.996733],[-4.15025,48.996817],[-4.166233,49.000667],[-4.255817,49.000633],[-4.3926,49.000317],[-4.55015,49.000183],[-4.791567,48.99975],[-4.799983,48.997867],[-4.806817,48.997583],[-4.82885,48.9997],[-5.049933,48.99945],[-5.06415,49.0032],[-5.078333,48.999583],[-5.08935,48.999633],[-5.16515,49.000017],[-5.292033,48.999967],[-5.333217,49.000017],[-5.359517,49.00005],[-5.3824,48.999967],[-5.425633,48.99995],[-5.4838,49.000583],[-5.5166,48.991817],[-5.653333,48.964983],[-5.716667,48.965033],[-5.752567,48.967883],[-5.758,48.968083],[-5.7831,48.964517],[-5.850517,48.964333],[-5.910167,48.964367],[-5.917233,48.964133],[-5.919867,48.964483],[-5.924583,48.9669],[-5.92895,48.964517],[-5.9301,48.964283],[-5.948867,48.964167],[-5.955317,48.964417],[-5.964233,48.9644],[-5.9671,48.962],[-5.9696,48.96425],[-6.014967,48.9645],[-6.0579,48.967883],[-6.065467,48.968633],[-6.083333,48.96995],[-6.09805,48.969433],[-6.109833,48.9661],[-6.167183,48.930117],[-6.335017,48.83455],[-6.340733,48.8265],[-6.343133,48.816633],[-6.50415,48.549967],[-6.50625,48.5375],[-6.513183,48.528617],[-6.524183,48.516617],[-6.587333,48.4115],[-6.588383,48.410167],[-6.6857,48.247567],[-6.7888,48.07475],[-6.827033,48.008667],[-6.836317,48.001567],[-6.846917,47.997333],[-7.033133,47.961817],[-7.25365,47.919383],[-7.265233,47.915817],[-7.27475,47.90985],[-7.3168,47.869317],[-7.3177,47.8686],[-7.322183,47.864167],[-7.326567,47.861183],[-7.32865,47.858067],[-7.334883,47.857533],[-7.334983,47.857383],[-7.333417,47.854167],[-7.33445,47.852583],[-7.411933,47.777817],[-7.449717,47.74105],[-7.45635,47.731683],[-7.46675,47.725067],[-7.527433,47.666683],[-7.547667,47.6507],[-7.55055,47.634617],[-7.55155,47.628167],[-7.554383,47.621683],[-7.558717,47.605883],[-7.568333,47.584117],[-7.5761,47.570567],[-7.590217,47.549483],[-7.609617,47.539883],[-7.6249,47.524817],[-7.660167,47.4892],[-7.6782,47.470567],[-7.696967,47.45325],[-7.713583,47.443317],[-7.72895,47.430567],[-7.731317,47.427533],[-7.748167,47.379433],[-7.751783,47.370433],[-7.802517,47.322],[-7.83305,47.295883],[-7.986133,47.195783],[-8.0073,47.176433],[-8.038583,47.149033],[-8.088683,47.119933],[-8.1447,47.08455],[-8.2327,47.0023],[-8.268217,46.969083],[-8.35045,46.9417],[-8.506967,46.934],[-9.043617,46.9255],[-9.627283,46.9165],[-9.8333,46.91275],[-10.151867,46.9005],[-10.1778,46.8998],[-10.680283,46.892983],[-11.716633,46.880117],[-12.006083,46.876817],[-14.106667,46.86235],[-14.698333,46.9428],[-14.88355,46.8994],[-15.008767,46.9426],[-15.1371,46.986667],[-15.34375,46.97825],[-15.381767,46.991],[-15.394917,47.00545],[-15.461867,47.079017],[-15.53775,47.090117],[-15.661467,47.067967],[-15.937617,47.06025],[-16.41255,47.128483],[-16.823533,47.1269],[-16.9468,47.148383],[-17.196183,47.1404],[-17.453467,47.131967],[-17.666917,47.0967],[-17.983667,47.088933],[-18.242733,47.057417],[-18.492517,47.010117],[-18.60275,46.989217],[-18.747167,46.993983],[-19.129967,46.927017],[-19.40515,46.924433],[-19.763167,46.861117],[-20.0332,46.8263]]}},{"type":"Feature","properties":{"osm_id":"way/150388022","name":"Hugo Seg 2","operator":"C&W","source_date":"2026-09-05T15:20:55Z"},"geometry":{"type":"LineString","coordinates":[[-2.558017,49.423567],[-2.557767,49.423383],[-2.5576923,49.4232796],[-2.5576,49.423183],[-2.556617,49.4216],[-2.552783,49.41775],[-2.5525,49.413433],[-2.55275,49.412233],[-2.556517,49.406667],[-2.56005,49.404167],[-2.598067,49.38655],[-2.6018,49.384167],[-2.604733,49.382717],[-2.614517,49.379183],[-2.6387,49.372067],[-2.643083,49.371233],[-2.64695,49.37085],[-2.658583,49.370233],[-2.663617,49.369533],[-2.681733,49.365033],[-2.68625,49.363233],[-2.708267,49.3578],[-2.74895,49.347217],[-2.782833,49.3392],[-2.797033,49.334233],[-2.808283,49.33095],[-2.858433,49.319183],[-2.8682,49.3167],[-2.94365,49.310967],[-2.97935,49.306417],[-2.993833,49.301183],[-2.996467,49.2988],[-2.99875,49.2962],[-3.006567,49.2902],[-3.00655,49.28785],[-3.011633,49.28745],[-3.01845,49.284333],[-3.022217,49.283183],[-3.0913,49.2513],[-3.121683,49.23825],[-3.12765,49.23525],[-3.132717,49.23565],[-3.133683,49.233533],[-3.1407,49.231767],[-3.152167,49.228183],[-3.163967,49.2252],[-3.182517,49.22095],[-3.186,49.219633],[-3.1891,49.217933],[-3.198,49.208583],[-3.20115,49.2051],[-3.202533,49.200367],[-3.203917,49.1988],[-3.206283,49.197483],[-3.208283,49.196033],[-3.209133,49.194917],[-3.21095,49.194033],[-3.271633,49.17875],[-3.289133,49.17535],[-3.30745,49.172767],[-3.420533,49.14775],[-3.440017,49.141683],[-3.452633,49.139033],[-3.45935,49.1382],[-3.466533,49.137733],[-3.473067,49.136767],[-3.48935,49.133167],[-3.499817,49.130167],[-3.5077302,49.1278209],[-3.518433,49.125667],[-3.539067,49.122],[-3.544417,49.120767],[-3.553167,49.117883],[-3.588567,49.109933],[-3.59545,49.108583],[-3.602767,49.106733],[-3.732617,49.077233],[-3.737467,49.07675],[-3.7426,49.07545],[-3.750533,49.071667],[-3.752133,49.071183],[-3.76495,49.068233],[-3.768683,49.067517],[-3.773383,49.067083],[-3.777283,49.067083],[-3.780717,49.066767],[-3.793583,49.06385],[-3.796567,49.062933],[-3.80075,49.062233],[-3.8171,49.058517],[-3.826267,49.05625],[-3.839167,49.053683],[-3.843483,49.05205],[-3.847717,49.05085],[-3.85565,49.049667],[-3.8591,49.0488],[-3.863733,49.047933],[-3.897383,49.040283],[-3.904283,49.038933],[-3.907633,49.038117],[-3.913783,49.036083],[-3.925417,49.0337],[-3.933167,49.03255],[-3.93195,49.028133],[-3.945767,49.026283],[-3.9481,49.026633],[-3.958317,49.020483],[-3.96615,49.0113],[-3.966133,48.988967],[-3.963883,48.979133],[-3.9467,48.952317],[-3.9394,48.948117],[-3.934683,48.9437],[-3.933533,48.942333],[-3.916533,48.912983],[-3.914,48.909333],[-3.906683,48.899967],[-3.886783,48.86465],[-3.885967,48.863733],[-3.878767,48.8583],[-3.8706,48.855417],[-3.8615,48.854617],[-3.833533,48.854867],[-3.801383,48.85435],[-3.765667,48.85265],[-3.752017,48.849567],[-3.7506,48.848617],[-3.749633,48.848217],[-3.74185,48.842767],[-3.740817,48.841717],[-3.72255,48.816917],[-3.712033,48.7836],[-3.701267,48.7698],[-3.697933,48.7649],[-3.693833,48.759267],[-3.68905,48.7565],[-3.686867,48.753933],[-3.68075,48.749067],[-3.675683,48.747517],[-3.666517,48.745483],[-3.632983,48.747117],[-3.62255,48.7438],[-3.618333,48.743333],[-3.602883,48.74285],[-3.59335,48.742383],[-3.582483,48.742283],[-3.5811,48.742017],[-3.57255,48.7433],[-3.5493498,48.745904],[-3.54725,48.746317]]}},{"type":"Feature","properties":{"osm_id":"way/150506109","name":"Apollo South","operator":"Apollo","source_date":"2026-09-05T15:20:55Z"},"geometry":{"type":"LineString","coordinates":[[-7.88145,48.621767],[-7.972733,48.560183],[-7.98325,48.55045],[-7.999867,48.543267],[-8.075733,48.495617],[-8.10275,48.476483],[-8.139517,48.453667],[-8.16955,48.4403],[-8.171633,48.43925],[-8.261433,48.382467],[-8.279333,48.369683],[-8.330033,48.333217],[-8.431833,48.269017],[-8.455483,48.25705],[-8.527433,48.211183],[-8.544333,48.196683],[-8.558117,48.189383],[-8.560517,48.188433],[-8.601167,48.177067],[-8.6151,48.171517],[-8.632933,48.160067],[-8.6337,48.159383],[-8.640067,48.152],[-8.646633,48.14555],[-8.6472,48.143717],[-8.647283,48.1416],[-8.645883,48.138],[-8.64355,48.13585],[-8.6398,48.1342],[-8.635367,48.132883],[-8.633317,48.130883],[-8.632817,48.127017],[-8.634617,48.124017],[-8.6345,48.1233],[-8.633167,48.121083],[-8.6204,48.106633],[-8.614867,48.102883],[-8.605417,48.098633],[-8.602633,48.097083],[-8.600533,48.094333],[-8.599133,48.09045],[-8.599183,48.069783],[-8.6069,48.049483],[-8.615017,48.037467],[-8.619783,48.033217],[-8.627433,48.028033],[-8.6348,48.022117],[-8.6387,48.019717],[-8.641233,48.018483],[-8.646583,48.01645],[-8.652067,48.013717],[-8.65705,48.010933],[-8.657833,48.010217],[-8.661217,48.004833],[-8.66285,48.004],[-8.675983,47.997917],[-8.679883,47.9961],[-8.6891,47.9899],[-8.698767,47.982367],[-8.7016,47.980517],[-8.729833,47.96405],[-8.7316,47.962167],[-8.734533,47.95795],[-8.7378,47.954717],[-8.767817,47.930333],[-8.773117,47.926567],[-8.778333,47.923417],[-8.786017,47.919183],[-8.797983,47.9132],[-8.891367,47.869117],[-8.903733,47.862617],[-8.915783,47.855383],[-8.979083,47.815167],[-9.001183,47.801517],[-9.0111,47.795633],[-9.028217,47.786483],[-9.047017,47.77785],[-9.072417,47.767233],[-9.142533,47.739767],[-9.16565,47.73095],[-9.185767,47.723867],[-9.205733,47.7174],[-9.256783,47.70295],[-9.294167,47.691367],[-9.333933,47.677283],[-9.45535,47.630767],[-9.477933,47.622483],[-9.502733,47.614217],[-9.540783,47.603883],[-9.60575,47.591667],[-9.6249,47.58865],[-9.641517,47.585683],[-9.653767,47.5835],[-9.681083,47.577883],[-9.705417,47.5712],[-9.732667,47.561883],[-9.75,47.5541],[-9.7652,47.5462],[-9.779467,47.537783],[-9.794367,47.5278],[-9.799667,47.5237],[-9.824217,47.504667],[-9.9368,47.408],[-9.986317,47.3663],[-10.066017,47.299633],[-10.320017,47.11645],[-10.468817,46.9613],[-10.54185,46.899667],[-10.54835,46.894767],[-10.567667,46.880183],[-10.5919,46.86515],[-10.6226,46.849567],[-10.6579,46.833567],[-10.66395,46.831133],[-10.727883,46.8048],[-10.77565,46.78795],[-10.830733,46.773383],[-10.893783,46.759867],[-11.023317,46.735583],[-11.157517,46.710867],[-11.159533,46.7105],[-11.655983,46.619017],[-12.238817,46.511367],[-12.706317,46.42485],[-12.73315,46.41935],[-13.226233,46.3198],[-13.71265,46.221283],[-14.11035,46.14065],[-14.200933,46.1233],[-14.21165,46.121533],[-14.2938,46.108917],[-14.317883,46.1056],[-14.359767,46.099117],[-14.394917,46.09325],[-14.436833,46.08535],[-14.4956,46.073467],[-14.687133,46.032383],[-15.024067,45.959967],[-15.09845,45.9415],[-15.134917,45.930267],[-15.164667,45.919483],[-15.19145,45.906183],[-15.216733,45.889017],[-15.24775,45.863283],[-15.281133,45.83135],[-15.29225,45.820017],[-15.32365,45.787983],[-15.347817,45.765933],[-15.37415,45.747217],[-15.4047,45.730183],[-15.4436,45.713167],[-15.487683,45.69715],[-15.529267,45.685733],[-15.562417,45.680383],[-15.623183,45.674433],[-15.917117,45.656783],[-15.959167,45.652917],[-15.990633,45.649033],[-16.023633,45.644617],[-16.053867,45.639667],[-16.08295,45.634017],[-16.10305,45.6292],[-16.128017,45.622017],[-16.157483,45.612633],[-16.241617,45.582533],[-16.275317,45.571217],[-16.294617,45.56555],[-16.311083,45.561267],[-16.3327,45.556267],[-16.355083,45.5516],[-16.418367,45.541],[-16.571883,45.517983],[-16.8086,45.4824],[-17.07315,45.442633],[-17.1752,45.4273],[-17.217583,45.422667],[-17.254617,45.42065],[-17.2929,45.42055],[-17.348367,45.422833],[-17.432067,45.426867],[-17.460967,45.427417],[-17.492533,45.4273],[-17.570133,45.424167],[-17.98945,45.40105],[-18.031833,45.39975],[-18.071133,45.399417],[-18.132017,45.400717],[-18.4274,45.41],[-18.4795,45.409717],[-18.5452,45.407367],[-18.573467,45.405817],[-19.0926,45.378967],[-19.57125,45.3517],[-19.969217,45.329867],[-20.004767,45.327],[-20.032833,45.32375]]}},{"type":"Feature","properties":{"osm_id":"way/150785622","name":"RIOJA 2","operator":"BT","source_date":"2026-09-05T15:20:55Z"},"geometry":{"type":"LineString","coordinates":[[-5.652017,50.043633],[-5.629583,50.0326],[-5.618817,50.007767],[-5.596017,49.976733],[-5.585767,49.954567],[-5.577217,49.943417],[-5.57245,49.936867],[-5.513533,49.866183],[-5.504083,49.85225],[-5.47545,49.820333],[-5.455767,49.807983],[-5.443633,49.8031],[-5.402283,49.785433],[-5.342617,49.7729],[-5.238133,49.7446],[-5.214817,49.740817],[-5.152067,49.719333],[-5.124133,49.7127],[-5.109917,49.706433],[-5.075567,49.69665],[-5.027667,49.686783],[-5.0118,49.682333],[-4.9829,49.678117],[-4.94975,49.67985],[-4.928383,49.685917],[-4.901117,49.688417],[-4.856767,49.6886],[-4.8394,49.687983],[-4.748683,49.69145],[-4.6017,49.701817],[-4.542983,49.730383],[-4.537367,49.73325],[-4.4931,49.752367],[-4.388983,49.75595],[-4.2097,49.76115],[-4.15125,49.7609],[-4.132667,49.76335],[-4.1105,49.7642],[-4.027133,49.7664],[-4.005883,49.7677],[-3.992333,49.7675],[-3.98855,49.769],[-3.985667,49.767833],[-3.907033,49.76965],[-3.80195,49.772333],[-3.763483,49.773167],[-3.744967,49.77075],[-3.73035,49.7632],[-3.708217,49.74535],[-3.6883,49.735383],[-3.489783,49.729017],[-3.483667,49.728383],[-3.47905,49.728567],[-3.445717,49.7275],[-3.29305,49.724267],[-3.26175,49.7266],[-3.224867,49.724267],[-3.218717,49.725633],[-3.12755,49.764767],[-3.12225,49.766683],[-3.085067,49.78235],[-3.043383,49.796],[-3.0246,49.804],[-2.926617,49.84485],[-2.871717,49.865733],[-2.8208,49.8723],[-2.709333,49.891667],[-2.600833,49.913933],[-2.597767,49.913967],[-2.507233,49.930617],[-2.360467,49.956433],[-2.332483,49.964183],[-2.304567,49.96665],[-2.232883,49.979633],[-2.204917,49.9835],[-2.11775,49.999433],[-2.078933,50.007383],[-1.931933,50.03365],[-1.89,50.04095],[-1.77235,50.058283],[-1.6562,50.079483],[-1.60375,50.089783],[-1.572483,50.098333],[-1.541433,50.1023],[-1.453783,50.1176],[-1.426533,50.122183],[-1.406967,50.122633],[-1.3283,50.137933],[-1.266067,50.1498],[-1.240917,50.15425],[-1.0841115,50.1811725],[-0.924883,50.207867],[-0.8589,50.218917],[-0.856133,50.219233],[-0.82875,50.223833],[-0.8088,50.2249],[-0.758233,50.233067],[-0.73185,50.2407],[-0.6838,50.248083],[-0.443683,50.287617],[-0.21985,50.323917],[-0.04975,50.3511],[-0.044433,50.3522],[0.0,50.36045],[0.042117,50.36705],[0.2098778,50.3927553],[0.376217,50.41835],[0.4756,50.43345],[0.481833,50.43495],[0.492883,50.436833],[0.6944646,50.4754324],[0.896767,50.513767],[0.920717,50.519767],[0.930333,50.523967],[0.980567,50.53325],[0.997483,50.54055],[1.077517,50.578267],[1.1201,50.59925],[1.12165,50.598767],[1.121417,50.599633],[1.146767,50.612383],[1.1626,50.621883],[1.188533,50.62985],[1.285667,50.68055],[1.299683,50.68745],[1.3016,50.688533],[1.301783,50.689983],[1.3043,50.689833],[1.310017,50.691617],[1.357267,50.715867],[1.363633,50.734417],[1.365367,50.734817],[1.364117,50.7355],[1.364333,50.738917],[1.36805,50.751483],[1.366467,50.75265],[1.368483,50.7538],[1.368767,50.754967],[1.37025,50.758967],[1.376867,50.78155],[1.379583,50.806517],[1.382883,50.818083],[1.386017,50.831083],[1.387967,50.834867],[1.39365,50.853733],[1.398,50.861883],[1.400433,50.865133],[1.403267,50.8652],[1.401783,50.86685],[1.40265,50.8688],[1.40255,50.870467],[1.405033,50.875],[1.405767,50.885],[1.4082,50.889867],[1.407833,50.892667],[1.411033,50.9132],[1.417167,50.93525],[1.425933,50.963267],[1.42945,50.9675],[1.437783,50.9712],[1.44005,50.970817],[1.4412,50.970333],[1.443667,50.973683],[1.448517,50.975933],[1.449917,50.9782],[1.453183,50.982117],[1.452133,50.98275],[1.45455,50.983783],[1.4572,50.987217],[1.489467,51.0107],[1.500917,51.017133],[1.504683,51.016983],[1.5081,51.02185],[1.532233,51.035233],[1.541,51.041833],[1.543233,51.0437],[1.581683,51.06705],[1.6017,51.079317],[1.614167,51.082833],[1.654133,51.088633],[1.75595,51.093783],[1.7861,51.094767],[1.812417,51.108633],[1.86715,51.143767],[1.884283,51.147133],[1.95155,51.159667],[2.0165,51.178817],[2.0213,51.18105],[2.044783,51.188217],[2.153633,51.2131],[2.17465,51.209983],[2.202,51.2075],[2.266633,51.1797],[2.288333,51.176833],[2.288833,51.178167],[2.292167,51.178],[2.3145,51.184],[2.331183,51.188683],[2.38285,51.20485],[2.40225,51.213967],[2.419,51.226783],[2.4383,51.231933],[2.442083,51.231617],[2.450017,51.230517],[2.4625,51.229033],[2.476417,51.22645],[2.4875,51.226167],[2.494167,51.225833],[2.500417,51.221283],[2.5761,51.188183],[2.583217,51.1814],[2.597983,51.139583],[2.598533,51.13595],[2.58655,51.124133],[2.580433,51.1084],[2.574033,51.102667],[2.577117,51.09955]]}},{"type":"Feature","properties":{"osm_id":"way/151719999","name":"Flag Atlantic Interlink","operator":"Flag Ltd.","source_date":"2026-09-05T15:20:55Z"},"geometry":{"type":"LineString","coordinates":[[-5.651567,50.04395],[-5.6514502,50.0438542],[-5.65105,50.043417],[-5.625833,50.032833],[-5.615267,50.029183],[-5.603683,50.016167],[-5.596633,50.001683],[-5.52065,49.921567],[-5.495417,49.895],[-5.485767,49.886417],[-5.480583,49.879317],[-5.437633,49.833917],[-5.4061,49.8256],[-5.38485,49.792317],[-5.387167,49.786733],[-5.39155,49.778333],[-5.4016,49.748667],[-5.417667,49.725683],[-5.417667,49.70065],[-5.389317,49.675683],[-5.301067,49.650917],[-5.2925,49.64835],[-5.2609,49.63965],[-5.1159,49.598867],[-5.060917,49.58335],[-5.035,49.5783],[-5.006567,49.566683],[-4.916617,49.542867],[-4.886817,49.538767],[-4.86325,49.5259],[-4.849917,49.52405],[-4.63335,49.462983],[-4.6181,49.454917],[-4.562867,49.442933],[-4.559917,49.4421],[-4.5482,49.435583],[-4.52305,49.4333],[-4.476667,49.420817],[-4.466783,49.41585],[-4.433333,49.4065],[-4.40835,49.394817],[-4.38345,49.392133],[-4.2956342,49.3663239],[-4.2067716,49.3417764],[-4.1225615,49.3172167],[-4.03335,49.293167],[-3.966683,49.280833],[-3.866683,49.271333],[-3.8375,49.265867],[-3.799983,49.265217],[-3.6275,49.249017],[-3.611333,49.248317],[-3.6,49.24635],[-3.396167,49.22715],[-3.370767,49.222533],[-3.328967,49.224283],[-3.3,49.2205],[-3.252167,49.207217],[-3.242517,49.208733],[-3.216683,49.210317],[-3.183333,49.207167],[-3.159483,49.205633],[-3.149983,49.204],[-3.05,49.194667],[-3.035333,49.194167],[-3.016667,49.1915],[-2.95,49.185167],[-2.898183,49.184883],[-2.862783,49.193767],[-2.83335,49.190483],[-2.819333,49.185667],[-2.799883,49.174033],[-2.743417,49.165467],[-2.742483,49.164517],[-2.721417,49.11635],[-2.715883,49.097617],[-2.704067,49.071717],[-2.67915,49.013333],[-2.650017,48.966617],[-2.640433,48.933333],[-2.631833,48.918333],[-2.62565,48.887333],[-2.6065,48.856667],[-2.5928,48.8255],[-2.592283,48.82275],[-2.590283,48.822217],[-2.592117,48.82145],[-2.5903,48.812533],[-2.58465,48.79705],[-2.5848,48.795417],[-2.58465,48.793683],[-2.582933,48.792783],[-2.58295,48.7926],[-2.584683,48.791883],[-2.584717,48.749033],[-2.596717,48.682367],[-2.642633,48.6657],[-2.68305,48.624033],[-2.721667,48.592917],[-2.73,48.5765],[-2.734333,48.572667],[-2.752583,48.568083],[-2.7570933,48.5642111],[-2.757183,48.564083]]}},{"type":"Feature","properties":{"osm_id":"way/174097234","name":"Baltic Sea Submarine Cable","operator":"CITIC Telecom","source_date":"2026-09-05T15:20:55Z"},"geometry":{"type":"LineString","coordinates":[[18.9224052,59.2838964],[18.9281061,59.2833164],[18.9538415,59.2724242],[18.957364,59.2712282],[18.9813382,59.2650996],[18.9957296,59.2609955],[19.0088116,59.2590351],[19.0202599,59.254948],[19.0252077,59.2530583],[19.0276873,59.2523178],[19.0303408,59.2521934],[19.0336432,59.2518646],[19.038591,59.2502147],[19.0440023,59.2486388],[19.0454159,59.2483485],[19.0459026,59.2482477],[19.0463197,59.2480522],[19.0469107,59.2478982],[19.0476059,59.2478982],[19.0480984,59.248067],[19.0517194,59.2487928],[19.0537124,59.2490831],[19.0629359,59.2477441],[19.064842,59.2479545],[19.0666728,59.2482388],[19.0759658,59.2530968],[19.0833585,59.2544416],[19.0931961,59.2558514],[19.0994533,59.2565681],[19.1123847,59.2583332],[19.1161158,59.2587123],[19.1351016,59.2561712],[19.139047,59.256811],[19.142755,59.2582503],[19.1495567,59.2585465],[19.1886581,59.2644245],[19.1909987,59.2645904],[19.1999673,59.2632875],[19.2048339,59.263477],[19.2100019,59.2638087],[19.2137793,59.2650878],[19.2318091,59.2640337],[19.2386457,59.2634415],[19.2659106,59.2583658],[19.2868256,59.2575484],[19.2933956,59.2564763],[19.3107418,59.2533486],[19.3125958,59.2531176],[19.3362802,59.2508012],[19.3490726,59.2550043],[19.3509034,59.2552709],[19.3599762,59.2551361],[19.3651442,59.2551376],[19.3678701,59.2548755],[19.3884143,59.2511996],[19.390587,59.2512559],[19.3981535,59.2523519],[19.4056504,59.2535071],[19.41448,59.2563267],[19.4223246,59.2589596],[19.4246188,59.2593564],[19.4387206,59.2603455],[19.4637318,59.2564156],[19.4655741,59.2562023],[19.4844267,59.2545556],[19.519513,59.2529443],[19.5253994,59.2544727],[19.5305905,59.2543779],[19.5451673,59.2508294],[19.5768759,59.2500622],[19.5805781,59.2499466],[19.6018176,59.2456215],[19.6149749,59.2449874],[19.6195925,59.24518],[19.6366548,59.2461251],[19.6407277,59.2462673],[19.6822913,59.2416365],[19.6849796,59.2419387],[19.6977835,59.243829],[19.700437,59.2440542],[19.715964,59.2446379],[19.9023515,59.2414557],[20.6596044,59.227515],[20.7435775,59.2261781],[20.8705859,59.2265664],[20.8887432,59.2275772],[20.8966225,59.2293083],[20.9593909,59.2254281],[21.0016961,59.22134],[21.2345197,59.209298],[21.3654098,59.2032236],[21.3975761,59.2050745],[21.4552345,59.2033185],[21.4814681,59.2003758],[21.523924,59.1988094],[21.6161588,59.1990467],[21.6464712,59.1966258],[21.8314044,59.1975277],[21.8413232,59.1988569],[21.862273,59.1974803],[21.8863746,59.1972429],[21.9050996,59.1926381],[21.9419936,59.1877477],[21.9600698,59.1856584],[21.9701739,59.1850886],[22.0537878,59.1698896],[22.1283173,59.1545888],[22.1783744,59.1448916],[22.1954309,59.1447015],[22.2213865,59.1414684],[22.250123,59.1325284],[22.3175147,59.1229677],[22.3557064,59.1179246],[22.4336657,59.110787],[22.4737114,59.1032194],[22.5053216,59.0986019],[22.5335019,59.091484],[22.5609406,59.0876745],[22.5836748,59.0845998]]}},{"type":"Feature","properties":{"osm_id":"way/192123974","name":null,"operator":null,"source_date":"2026-09-05T15:20:55Z"},"geometry":{"type":"LineString","coordinates":[[16.0691053,43.4519592],[16.0690017,43.4520787],[16.0765535,43.4810357]]}},{"type":"Feature","properties":{"osm_id":"way/214849893","name":null,"operator":null,"source_date":"2026-09-05T15:20:55Z"},"geometry":{"type":"LineString","coordinates":[[18.1375737,59.3280284],[18.1376903,59.3282303]]}},{"type":"Feature","properties":{"osm_id":"way/218277219","name":"Rembrandt 2","operator":null,"source_date":"2026-09-05T15:20:55Z"},"geometry":{"type":"LineString","coordinates":[[1.5692096,51.4607027],[1.5191843,51.4136262],[1.487197,51.4034249],[1.4451442,51.3789677]]}},{"type":"Feature","properties":{"osm_id":"way/257957368","name":null,"operator":null,"source_date":"2026-09-05T15:20:55Z"},"geometry":{"type":"LineString","coordinates":[[8.470901,49.285484],[8.472115,49.283165]]}},{"type":"Feature","properties":{"osm_id":"way/287706711","name":"Fernmeldekabel","operator":"BP HH","source_date":"2026-09-05T15:20:55Z"},"geometry":{"type":"LineString","coordinates":[[10.488008,53.235149],[10.488779,53.235226]]}},{"type":"Feature","properties":{"osm_id":"way/432625713","name":"Atlantic Telegraph Cable 1865","operator":null,"source_date":"2026-09-05T15:20:55Z"},"geometry":{"type":"LineString","coordinates":[[-10.4412206,51.8689427],[-10.427228,51.873736],[-10.4241167,51.8752198],[-10.4119952,51.8819914],[-10.4008158,51.8877395],[-10.394033,51.8909014],[-10.3907307,51.8923614]]}},{"type":"Feature","properties":{"osm_id":"way/458776536","name":"HUGO","operator":"Cable & Wireless Communications","source_date":"2026-09-05T15:20:55Z"},"geometry":{"type":"LineString","coordinates":[[-2.5297451,49.5020895],[-2.5240544,49.5224098],[-2.5430543,49.5316438],[-2.9845713,49.5481285],[-3.1939982,49.5797488],[-3.2461832,49.6113488],[-4.2198466,49.5948838],[-4.2459391,49.5868717],[-4.7657297,49.5797488],[-5.2105808,49.7051253],[-5.4399727,49.7703856],[-5.5148171,49.8076229],[-5.6289719,49.9940423],[-5.6603859,50.0110341],[-5.645623,50.034636],[-5.6484697,50.0405023],[-5.6522103,50.0439039]]}},{"type":"Feature","properties":{"osm_id":"way/459163017","name":"BT-IoS1","operator":"BT","source_date":"2026-09-05T15:20:55Z"},"geometry":{"type":"LineString","coordinates":[[-5.6507348,50.0428606],[-5.64128,50.036547],[-5.6631668,49.9995688],[-5.7165535,49.9335385],[-5.765992,49.9249192],[-5.8041008,49.9321021],[-5.8712204,49.9298921],[-5.9096726,49.9263559],[-5.9838303,49.915193],[-6.0303505,49.9129822],[-6.0746392,49.9196142],[-6.1580666,49.9118768],[-6.2567719,49.8950712],[-6.283433,49.8922651],[-6.3047324,49.8962875],[-6.3090353,49.8971001],[-6.3097831,49.8972413],[-6.3152943,49.9108093],[-6.3137091,49.9136075]]}},{"type":"Feature","properties":{"osm_id":"way/459163019","name":"Liberty","operator":null,"source_date":"2026-09-05T15:20:55Z"},"geometry":{"type":"LineString","coordinates":[[-2.5286207,49.5023234],[-2.5219768,49.5228628],[-2.5577682,49.5459796],[-2.6805919,49.6535102],[-2.7090877,49.6648446],[-2.8216976,49.7596393],[-2.8536266,49.7997658],[-2.9830593,49.901374],[-3.0929226,49.9910717],[-3.1024659,50.0036996],[-3.1193584,50.0197573],[-3.2378048,50.113638],[-3.3253521,50.1827189],[-3.4575313,50.2892241],[-3.6112809,50.3191907]]}},{"type":"Feature","properties":{"osm_id":"way/459163020","name":"UK-Channel Islands 7","operator":null,"source_date":"2026-09-05T15:20:55Z"},"geometry":{"type":"LineString","coordinates":[[-3.6120923,50.318891],[-3.544683,50.3042217],[-3.4744735,50.2881016],[-3.4233184,50.2470639],[-3.2914825,50.1405744],[-3.2581802,50.1135022],[-3.2514854,50.0972074],[-3.186769,50.0542419],[-3.1575866,50.0307599],[-3.1205077,50.0023015],[-3.10008,49.9790148],[-3.0075546,49.9033383],[-2.9347701,49.8431542],[-2.8832717,49.7988534],[-2.8647323,49.7877719],[-2.8393264,49.758948],[-2.7164169,49.6528173],[-2.6916976,49.6457041],[-2.5852676,49.5518007],[-2.5506349,49.5280737],[-2.5296064,49.5191035],[-2.5284798,49.5108282],[-2.5301965,49.5027467]]}},{"type":"Feature","properties":{"osm_id":"way/459183499","name":"Flag Atlantic North","operator":"Flag Ltd.","source_date":"2026-09-05T15:20:55Z"},"geometry":{"type":"LineString","coordinates":[[-20.773933,49.58425],[-46.3797151,45.0035687],[-72.6217773,40.7141185],[-72.8606441,40.733454]]}},{"type":"Feature","properties":{"osm_id":"way/459183500","name":"Yellow","operator":"Level 3 Global Submarine","source_date":"2026-09-05T15:20:55Z"},"geometry":{"type":"LineString","coordinates":[[-20.11385,49.44265],[-45.9622346,44.5982074],[-72.6120141,40.6713416],[-72.8624252,40.7329621]]}},{"type":"Feature","properties":{"osm_id":"way/459183501","name":"TAT 12","operator":"BT","source_date":"2026-09-05T15:20:55Z"},"geometry":{"type":"LineString","coordinates":[[-20.000017,47.358333],[-71.1698735,40.841343],[-71.5625978,41.3724389]]}},{"type":"Feature","properties":{"osm_id":"way/459183502","name":"Atlantic Crossing 1 (AC1)Seg.C","operator":"Global Crossing","source_date":"2026-09-05T15:20:55Z"},"geometry":{"type":"LineString","coordinates":[[-72.8648881,40.7323402],[-72.6210572,40.5744267],[-20.6935,46.9835],[-20.5997152,46.9959971]]}},{"type":"Feature","properties":{"osm_id":"way/459188720","name":"Apollo South","operator":"Apollo","source_date":"2026-09-05T15:20:55Z"},"geometry":{"type":"LineString","coordinates":[[-74.101372,40.1570074],[-74.0198386,40.1572621]]}},{"type":"Feature","properties":{"osm_id":"way/459188723","name":"Apollo South","operator":"Apollo","source_date":"2026-09-05T15:20:55Z"},"geometry":{"type":"LineString","coordinates":[[-20.032833,45.32375],[-74.0198386,40.1572621]]}},{"type":"Feature","properties":{"osm_id":"way/459188724","name":"Apollo North","operator":"Apollo","source_date":"2026-09-05T15:20:55Z"},"geometry":{"type":"LineString","coordinates":[[-20.068567,49.873033],[-47.1048127,45.1277222],[-72.6253375,40.7450004],[-72.8590974,40.7339448]]}},{"type":"Feature","properties":{"osm_id":"way/459190536","name":"Tata Atlantic North","operator":"Tata Telecoms","source_date":"2026-09-05T15:20:55Z"},"geometry":{"type":"LineString","coordinates":[[-74.0191687,40.1595047],[-45.8733494,43.5180773],[-19.940667,49.114567]]}},{"type":"Feature","properties":{"osm_id":"way/459190537","name":"PTAT","operator":"Cable & Wireless","source_date":"2026-09-05T15:20:55Z"},"geometry":{"type":"LineString","coordinates":[[-74.2321173,39.5664796],[-42.2170774,42.8078185],[-23.7347,49.501233]]}},{"type":"Feature","properties":{"osm_id":"way/459190538","name":"TAT13","operator":"BT","source_date":"2026-09-05T15:20:55Z"},"geometry":{"type":"LineString","coordinates":[[-9.543467,46.078183],[-36.1013156,41.3150103],[-72.7627891,40.4929803],[-72.8658825,40.7319987]]}},{"type":"Feature","properties":{"osm_id":"way/459197257","name":"FLAG Europe-Asia","operator":null,"source_date":"2026-09-05T15:20:55Z"},"geometry":{"type":"LineString","coordinates":[[-4.950883,36.05105],[9.2663448,38.1490237],[10.6898728,37.696452],[15.9953534,35.9853337],[21.8710646,34.5066974],[23.2683027,34.1511288],[29.7227704,32.1274699],[29.9753085,31.2546065]]}},{"type":"Feature","properties":{"osm_id":"way/549813459","name":"Svalbard Undersea Cable System","operator":"Telenor","source_date":"2026-09-05T15:20:55Z"},"geometry":{"type":"LineString","coordinates":[[16.1109058,69.2289305],[16.1349034,69.2292662],[16.2372779,69.2288934],[16.2606238,69.238023],[16.2889479,69.2847676],[16.3880825,69.3062672],[16.3978672,69.3100733],[16.4097976,69.42111],[16.3921165,69.4385709],[15.6555148,69.4902981],[15.562131,69.5191479],[15.4248019,69.6045074],[15.3478976,69.6303355],[14.8754855,69.6303355],[14.5294162,69.7295294],[13.9498874,70.4937403],[10.8297702,71.8810168],[9.5141492,72.9034972],[10.3738376,74.2575037],[10.480946,74.790264],[9.9975476,76.2112077],[9.700925,76.38103],[9.5581027,76.5551894],[8.8220105,77.2447822],[8.7066623,77.4874691],[8.1271335,77.6793986],[8.0502292,77.7536086],[8.0557224,77.8759303],[8.1051608,77.9191191],[8.1161472,77.9655927],[8.0804416,78.0255742],[7.9870578,78.1925215],[7.9952975,78.226195],[8.0722018,78.2547431],[8.1903049,78.279318],[8.3386203,78.3016147],[8.4677097,78.3160852],[8.6379977,78.3249813],[9.3823215,78.3349815],[9.6075426,78.3252589],[10.2955621,78.2992473],[10.5077355,78.2809912],[11.0144799,78.2347382],[11.2685387,78.2034754],[11.5933221,78.1505776],[11.8913262,78.1073553],[12.0125195,78.097446],[12.156715,78.09433],[12.3077771,78.0972336],[12.6363366,78.1087703],[12.8364941,78.1188116],[12.9223248,78.1258779],[13.0613705,78.13061],[13.2017895,78.1388692],[13.7322232,78.1633309],[13.8286969,78.163683],[14.0813824,78.1526218],[14.342651,78.1536086],[14.3982693,78.1553],[14.4456479,78.159457],[14.4974896,78.1675556],[14.5400616,78.1726232],[14.5723339,78.1788844],[14.6296688,78.1858452],[14.6756741,78.1894998],[14.7395321,78.1931533],[14.8802945,78.1999654],[14.9544522,78.2081068],[15.196838,78.2469826],[15.2225872,78.2542534],[15.2435299,78.2611705],[15.2613827,78.2661288],[15.2768322,78.2696193],[15.3012082,78.2724807],[15.3228375,78.2740158],[15.3533932,78.2749926],[15.3832623,78.2750624],[15.4217146,78.2741902],[15.4459189,78.2735274],[15.473728,78.2716781],[15.4984472,78.2698984],[15.5164717,78.2677694],[15.5278873,78.2659891],[15.5360412,78.2640514],[15.5431651,78.2619911],[15.5479716,78.2602449],[15.5509757,78.2582364],[15.5521773,78.2561053],[15.5510187,78.2541922],[15.5481433,78.2526021],[15.5440664,78.2507671],[15.5380582,78.2480665]]}},{"type":"Feature","properties":{"osm_id":"way/563915523","name":"Campobello-Grand Manan Submarine Cable","operator":"NB Power","source_date":"2026-09-05T15:20:55Z"},"geometry":{"type":"LineString","coordinates":[[-66.9030908,44.8941797],[-66.9004247,44.8943568],[-66.7885884,44.7990993],[-66.7868631,44.7980706]]}},{"type":"Feature","properties":{"osm_id":"way/563917420","name":null,"operator":"NB Power","source_date":"2026-09-05T15:20:55Z"},"geometry":{"type":"LineString","coordinates":[[-66.9713855,44.9475394],[-66.9553395,44.9411971],[-66.9354513,44.9354243],[-66.9351429,44.9351907],[-66.9347617,44.9349817]]}},{"type":"Feature","properties":{"osm_id":"way/576456492","name":null,"operator":null,"source_date":"2026-09-05T15:20:55Z"},"geometry":{"type":"LineString","coordinates":[[8.7683218,52.0374053],[8.7680482,52.0376065],[8.7677597,52.0377844],[8.7675514,52.0379093],[8.7673552,52.0380342],[8.7671745,52.0381528],[8.7669301,52.0383191],[8.7666753,52.0384631],[8.7664619,52.0385859],[8.7662571,52.0387098],[8.7662588,52.0388283],[8.7663294,52.0389035],[8.7664103,52.0390708],[8.7665015,52.039272],[8.766564,52.0394297],[8.7667775,52.0397347],[8.7670288,52.0400555],[8.7672852,52.0403784],[8.7674987,52.0406558],[8.7676863,52.0408771],[8.7678565,52.0410912],[8.7680286,52.0413167],[8.768213,52.0415645],[8.7684281,52.0418673],[8.7686175,52.0421203],[8.7688102,52.0423809],[8.7689789,52.042618],[8.7691975,52.0429147],[8.7694058,52.043156],[8.7696588,52.0435063],[8.7698516,52.0437702],[8.7700512,52.0440391],[8.7702495,52.0443121],[8.7704182,52.0445515],[8.7703993,52.044705],[8.7705886,52.0449573],[8.7706523,52.0450579],[8.7707091,52.04515],[8.7709204,52.0453077],[8.771118,52.0455758],[8.7713108,52.0458552],[8.7712522,52.0459017],[8.7714731,52.046228],[8.7717003,52.0465402],[8.7718706,52.0467785],[8.7720716,52.0470304],[8.7721717,52.0472516],[8.7719679,52.0473415],[8.7716482,52.0474084],[8.7714173,52.0473711],[8.7711275,52.0473569],[8.770914,52.0473453],[8.77068,52.0473305],[8.7704149,52.0473135],[8.7701774,52.0473506],[8.7699413,52.047339],[8.769635,52.0473076],[8.7693048,52.0472658],[8.769075,52.0472131],[8.7686532,52.0471315],[8.7681656,52.0470279],[8.767645,52.0469857],[8.7671407,52.046906],[8.7666849,52.0468021],[8.7661568,52.0467424],[8.7657988,52.0467382],[8.7655906,52.0466292],[8.7652773,52.0466651],[8.7650243,52.0467022],[8.7647868,52.046735],[8.7645168,52.0467567],[8.7641796,52.0467645],[8.76372,52.0468323]]}},{"type":"Feature","properties":{"osm_id":"way/626888150","name":null,"operator":null,"source_date":"2026-09-05T15:20:55Z"},"geometry":{"type":"LineString","coordinates":[[15.2610672,44.0186878],[15.2587592,44.0199281]]}},{"type":"Feature","properties":{"osm_id":"way/685021405","name":"Svalbard Undersea Cable System","operator":"Telenor","source_date":"2026-09-05T15:20:55Z"},"geometry":{"type":"LineString","coordinates":[[16.260199,68.9705483],[16.2589571,68.9708138],[16.2584342,68.9712403],[16.2583391,68.9716923],[16.2578162,68.9726219],[16.2572933,68.9731421],[16.2552968,68.973867],[16.2542035,68.9743701],[16.2538945,68.9749329],[16.2543699,68.9761523],[16.2551305,68.9767577],[16.2564377,68.9772267],[16.259789,68.9779173],[16.2605496,68.9782925],[16.2618806,68.9796481],[16.2624272,68.980799],[16.2629501,68.9844986],[16.2672283,68.9881294],[16.2763552,68.9926457],[16.2790172,68.9943157],[16.2803958,68.995781],[16.284674,69.0087096],[16.2842462,69.0101229],[16.2776387,69.0185329],[16.2695576,69.0328259],[16.2688921,69.0344417],[16.2690347,69.0358874],[16.2751668,69.0551995],[16.2911389,69.0722874],[16.2921847,69.0740192],[16.2969383,69.084594],[16.2970809,69.0861043],[16.2962728,69.0874617],[16.2803958,69.1037106],[16.2677512,69.1147794],[16.2660875,69.1157454],[16.1964948,69.1349872],[16.1936427,69.1360707],[16.1921691,69.1370357],[16.1872729,69.1459725],[16.1864648,69.14758],[16.1868926,69.1490859],[16.2253491,69.1990437],[16.2258245,69.2007655],[16.2230674,69.2093725],[16.2175057,69.2155471],[16.2156994,69.2163399],[16.2108982,69.2171664],[16.1180012,69.2275372],[16.1109058,69.2289305]]}},{"type":"Feature","properties":{"osm_id":"way/685021407","name":"Svalbard Undersea Cable System","operator":"Telenor","source_date":"2026-09-05T15:20:55Z"},"geometry":{"type":"LineString","coordinates":[[15.5380582,78.2480665],[15.5413626,78.2519468],[15.5413626,78.2544281],[15.5382727,78.2561053],[15.5319212,78.2582714],[15.5214499,78.2608212],[15.5102919,78.2632308],[15.4953573,78.265221],[15.4826544,78.2666175],[15.442829,78.2691655],[15.4249762,78.2699682],[15.4055784,78.2707011],[15.3866957,78.2709802],[15.3660963,78.2709453],[15.3456686,78.2692702],[15.3283308,78.2671062],[15.3192328,78.2654654],[15.2404402,78.2480665],[15.0794218,78.2157869],[14.9355694,78.1984909],[14.8926541,78.1946284],[14.6650311,78.1807832],[14.5853802,78.1711454],[14.5290753,78.1585412],[14.4810101,78.151494],[14.4164654,78.1460648],[14.1651533,78.1396806],[13.9622496,78.1444779],[13.9243124,78.1470168],[13.8843153,78.1496258],[13.8480948,78.150366],[13.8214873,78.150225],[13.7959097,78.1493437],[13.7569421,78.1466291],[13.3676141,78.1131556],[12.9000088,78.081007],[12.7328106,78.074269],[12.5316235,78.0628414],[12.256622,78.0625574],[12.0921704,78.0702954],[12.0063397,78.0772484],[11.8178551,78.1014107],[11.3749688,78.1577663],[10.9492486,78.2054405],[10.5194085,78.2505487],[10.2632897,78.276388],[10.0236497,78.2960442],[9.8162828,78.308017],[9.6858202,78.3105214],[9.5223972,78.3088522],[9.2724582,78.2966016],[8.879697,78.2754117],[8.6352512,78.2597739],[8.4814426,78.2418769],[8.360593,78.2088089],[8.294675,78.1643877],[8.261716,78.0858281],[8.2781955,78.0363965],[8.3358737,77.9638746],[8.3303806,77.9260152],[8.1903049,77.8759303],[8.1793185,77.7640908],[8.931882,77.5159997],[9.1763278,77.1955683],[9.917905,76.6987561],[10.0044237,76.3881418],[10.2667209,76.2732582],[10.6237766,75.3429776],[10.7363864,74.2991803],[10.1074164,72.9341518],[10.8929388,72.0739132],[14.2987033,70.5203191],[14.5486423,69.928416],[14.9771091,69.6723588],[15.3684991,69.6420428],[15.4653161,69.6085743],[15.5998986,69.5263536],[15.6857272,69.499919],[16.3857649,69.4502639],[16.4547729,69.4254237],[16.4366197,69.3090271],[16.4094543,69.2957856],[16.3094186,69.2803801],[16.2783908,69.2311457],[16.2552165,69.2214955],[16.1368131,69.2283455],[16.1281442,69.228178],[16.1109058,69.2289305]]}},{"type":"Feature","properties":{"osm_id":"way/685021408","name":"Svalbard Undersea Cable System","operator":"Telenor","source_date":"2026-09-05T15:20:55Z"},"geometry":{"type":"LineString","coordinates":[[16.2894039,68.9518457],[16.2954647,68.9403528],[16.2970334,68.9391059],[16.3084895,68.9320496],[16.3185196,68.9283925],[16.3294529,68.921179],[16.3651048,68.9095333],[16.3868763,68.8984804],[16.4000438,68.8889459],[16.4026582,68.8879015],[16.4397363,68.8777286],[16.4435867,68.8771975],[16.4616028,68.8754844],[16.4652155,68.8747992],[16.4913128,68.8682708],[16.49426,68.8673796],[16.4960664,68.8662828],[16.5004872,68.862289],[16.5020084,68.8601633],[16.5107312,68.8419322],[16.5118958,68.8383459],[16.513322,68.8355657],[16.5136547,68.8344287],[16.5152828,68.8312875],[16.5178379,68.8272188],[16.5200602,68.8200431]]}},{"type":"Feature","properties":{"osm_id":"way/685021409","name":"Svalbard Undersea Cable System","operator":"Telenor","source_date":"2026-09-05T15:20:55Z"},"geometry":{"type":"LineString","coordinates":[[16.6122918,68.888535],[16.6184239,68.886369],[16.6194697,68.8858039],[16.6220366,68.8814284],[16.6219416,68.8804521],[16.611341,68.8619462],[16.6095347,68.8606262],[16.5860995,68.8536307],[16.5757842,68.8494803],[16.5655164,68.8466844],[16.5586237,68.8453806],[16.5452661,68.8436736],[16.5422238,68.8431246],[16.5332395,68.8406367],[16.5315758,68.8399933],[16.5304349,68.8390409],[16.5293416,68.836973],[16.5290326,68.8350766],[16.5293416,68.8341927],[16.5304587,68.8331028],[16.5371375,68.8281374],[16.544351,68.8262058],[16.5535849,68.8255104]]}},{"type":"Feature","properties":{"osm_id":"way/685021410","name":"Svalbard Undersea Cable System","operator":"Telenor","source_date":"2026-09-05T15:20:55Z"},"geometry":{"type":"LineString","coordinates":[[16.6562328,68.9430024],[16.6581402,68.9401308],[16.6589483,68.9396269],[16.6641773,68.9374488],[16.6645813,68.93709],[16.66451,68.9364664],[16.6638208,68.9346469],[16.6632028,68.9341855],[16.6613251,68.9333995],[16.6600179,68.9332372],[16.6557159,68.9331774],[16.6538144,68.9329126],[16.6518655,68.9323401],[16.6511287,68.9316139],[16.6467553,68.9215209],[16.6457095,68.9205293],[16.6433327,68.9193154],[16.6339206,68.9148695],[16.6320667,68.9135869],[16.6261247,68.9078227],[16.6242233,68.9072068],[16.6127196,68.9048545]]}},{"type":"Feature","properties":{"osm_id":"way/685021411","name":"Svalbard Undersea Cable System","operator":"Telenor","source_date":"2026-09-05T15:20:55Z"},"geometry":{"type":"LineString","coordinates":[[16.1109058,69.2289305],[16.1185122,69.2278996],[16.2203104,69.2192916],[16.237043,69.2105873],[16.2415113,69.1991112],[16.212562,69.1578994],[16.2122768,69.1563772],[16.2137504,69.1545673],[16.218504,69.1504733],[16.2216414,69.1487814],[16.2297224,69.1466494],[16.2924699,69.1314484],[16.3199457,69.1165418],[16.3215619,69.1148134],[16.3279317,69.1026085],[16.3326853,69.095452],[16.3328754,69.0935862],[16.3304986,69.0831685],[16.3288824,69.0812677],[16.3263155,69.0797062],[16.3139561,69.0735948],[16.312435,69.0721007],[16.2950368,69.0499822],[16.2911389,69.0378942],[16.2917093,69.0361255],[16.3076101,69.0255359],[16.3086559,69.024566],[16.3087272,69.023613],[16.3080855,69.0223793],[16.3052096,69.0189414],[16.3047342,69.017835],[16.3052333,69.0167456],[16.3068257,69.0153157],[16.3346343,68.9951847],[16.3376291,68.9938726],[16.3460905,68.9909245],[16.3721402,68.989919],[16.4130211,68.9870896],[16.4316076,68.9800488],[16.4352204,68.9749841],[16.4510974,68.9718629],[16.4734393,68.9712658],[16.4983956,68.9772864],[16.5129892,68.9836973],[16.5169822,68.9883105],[16.5242552,68.9807649],[16.5295317,68.9772693],[16.5323838,68.9764678],[16.5455513,68.9753763],[16.5584811,68.9772352],[16.5619393,68.9785056],[16.5633773,68.9796566],[16.5765923,68.9744213],[16.5819163,68.9733979],[16.5839841,68.973432],[16.5858143,68.9737817],[16.5872403,68.9737476],[16.5910432,68.9733809],[16.5938003,68.9734576],[16.5990293,68.9735514],[16.6028797,68.9732359],[16.6052327,68.9727754],[16.6072767,68.971914],[16.6077759,68.9711805],[16.6083701,68.9697135],[16.6091782,68.9691591],[16.625174,68.9649707],[16.6326371,68.9624282],[16.6363925,68.9610801],[16.6372719,68.9603548],[16.6385554,68.9591943],[16.640029,68.9584774],[16.6425009,68.9578886],[16.6496907,68.9568048]]}},{"type":"Feature","properties":{"osm_id":"way/753160517","name":null,"operator":"Nova Scotia Power","source_date":"2026-09-05T15:20:55Z"},"geometry":{"type":"LineString","coordinates":[[-63.560295,44.6405508],[-63.5606795,44.6405376],[-63.5620038,44.6405805],[-63.5638331,44.6411454],[-63.5645841,44.6413363],[-63.5663168,44.6417598]]}},{"type":"Feature","properties":{"osm_id":"way/753747638","name":null,"operator":null,"source_date":"2026-09-05T15:20:55Z"},"geometry":{"type":"LineString","coordinates":[[13.5960263,66.7164829],[13.5808799,66.6897687]]}},{"type":"Feature","properties":{"osm_id":"way/761201700","name":"ARIANE 2","operator":null,"source_date":"2026-09-05T15:20:55Z"},"geometry":{"type":"LineString","coordinates":[[5.3727,43.2620229],[5.3677,43.25958],[5.34872,43.25732],[5.32362,43.25655],[5.28208,43.2388],[5.23213,43.14657],[5.22887,43.14057],[5.2286,43.12793],[5.22932,43.08597],[5.21883,43.05925],[5.22813,43.03723],[5.2327,43.0252],[5.21897,42.98705],[5.21802,42.98428],[5.21345,42.97157],[5.24957,42.88977],[5.22875,42.79887],[5.39085,42.51543],[5.3977,42.51107],[5.87848,42.35202],[5.98047,42.30922],[6.02678,42.2899],[6.05113,42.27967],[6.17983,42.15967],[6.22017,42.0763],[6.3503,41.80482],[6.42875,41.73815],[6.43337,41.73328],[6.46007,41.64815],[6.50985,41.53287],[6.6169,41.39577],[6.79875,41.03197],[6.99892,40.69878],[7.00957,40.66598],[7.16113,40.09843],[7.31342,39.5265],[7.31322,39.52265],[7.27982,39.33322],[7.31005,39.16652],[7.47107,38.91107],[7.48358,38.89103],[7.7303,38.66655],[7.7853,38.65198],[7.91665,38.62138],[7.96185,38.59462],[8.08317,38.52148],[8.16692,38.42512],[8.38855,38.29153],[8.47242,38.25462],[8.64007,38.18113],[8.64567,38.1789],[8.71677,38.14318],[8.84883,38.08217],[8.98852,38.0877],[9.11878,38.09265],[9.30002,38.10063],[9.3359,38.09362],[9.35,38.09087],[9.42937,38.08788],[9.46665,38.08663],[9.67497,38.10148],[9.79937,38.09998],[9.79995,38.09997],[9.81917,38.09677],[9.90252,38.0829],[10.05007,38.05835],[10.05492,38.05848],[10.06482,38.05878],[10.09858,38.05975],[10.1142,38.0602],[10.17118,38.04837],[10.24895,38.03223],[10.4,37.96367],[10.42233,37.945],[10.43333,37.93583],[10.43735,37.90908],[10.446,37.85125],[10.44655,37.84303],[10.45,37.79167],[10.54928,37.74768],[10.5665,37.74005],[10.64992,37.70365],[10.66448,37.69568],[10.67862,37.68795],[10.73033,37.67442],[10.85355,37.62378],[10.87407,37.61535],[10.9,37.60467],[11.04997,37.60672],[11.07137,37.60715],[11.2135,37.61],[11.25687,37.60932],[11.31667,37.60833],[11.37378,37.6131],[11.41667,37.61667],[11.5,37.59],[11.50617,37.57615],[11.5627,37.45],[11.5631,37.44778],[11.57103,37.4043],[11.57365,37.38922],[11.58945,37.36928],[11.58622,37.35005],[11.5854,37.33298],[11.62415,37.30168],[11.65148,37.27788],[11.6565,37.27352],[11.66065,37.26848],[11.75283,37.2],[11.76048,37.19587],[11.87145,37.13577],[11.90022,37.12023],[11.95,37.09332],[11.95825,37.09027],[11.96182,37.08895],[11.96522,37.0876],[11.96885,37.08842],[11.9712,37.08537],[12.03367,37.06175],[12.09117,37.04],[12.09227,37.03955],[12.17493,37.00577],[12.20718,36.99257],[12.25888,36.97393],[12.31665,36.95312],[12.32468,36.95242],[12.34137,36.95097],[12.34223,36.9504],[12.34537,36.9501],[12.34802,36.94908],[12.42947,36.91768],[12.44448,36.91203],[12.71495,36.64157],[12.71493,36.6413],[12.71497,36.63342],[12.71513,36.58887],[12.78975,36.55347],[12.82445,36.5412],[12.83207,36.52403],[12.84883,36.50298],[12.87037,36.48173],[12.86505,36.46067],[12.85145,36.36587],[12.84902,36.34888],[12.91322,36.2906],[12.91322,36.29058],[12.91533,36.28867],[12.91937,36.2883],[12.92167,36.28808],[12.92107,36.2871],[12.92017,36.28567],[12.91967,36.284],[12.94993,36.26177],[12.96403,36.25167],[12.98798,36.23353],[12.98852,36.23283],[12.99485,36.22712],[13.12917,36.10567],[13.15,36.087],[13.20457,36.08263],[13.26098,36.07812],[13.33333,36.07233],[13.43158,36.00683],[13.48327,35.97215],[13.50833,35.93117],[13.57998,35.9062],[13.70313,35.84863],[13.80132,35.79253],[13.81782,35.78597],[13.8395,35.7775],[13.9467,35.6715],[14.13338,35.55307],[14.13512,35.55232],[14.1841,35.53095],[14.19862,35.5243],[14.20372,35.52205],[14.20882,35.5198],[14.2334,35.50928],[14.2879,35.46822],[14.35018,35.4398],[14.51667,35.29367],[14.85,35.2845],[14.98333,35.2988],[15.06117,35.2985],[15.21663,35.29678],[15.28482,35.29347],[15.3167,35.2955],[15.36605,35.29502],[15.90447,35.28967],[16.03377,35.27233],[16.07045,35.26742],[16.09787,35.2754],[16.11845,35.28188],[16.25995,35.26113],[16.41688,35.27937],[16.51802,35.3133],[16.5309,35.34358],[16.56983,35.43658],[16.57857,35.46958],[16.58353,35.4879],[16.7032,35.55318],[17.49982,35.41657],[17.90363,35.34488],[18.2019,35.29182],[18.26613,35.27988],[18.32797,35.32985],[18.78283,35.26503],[18.94893,35.3488],[18.9868,35.35263],[19.25288,35.37282],[19.90917,35.43163],[20.06985,35.39302],[20.33315,35.37847],[20.63853,35.37508],[20.89207,35.37537],[20.9827,35.37092],[21.02308,35.3706],[21.19982,35.36847],[21.33355,35.34225],[21.65982,35.41172],[22.04058,35.35198],[22.19988,35.32715],[22.58325,35.29693],[22.91023,35.30465],[23.01007,35.3691],[23.08295,35.3769],[23.18032,35.49432],[23.24013,35.56782],[23.25718,35.59117],[23.26638,35.59627],[23.28247,35.60358],[23.29577,35.62743],[23.3147,35.66095],[23.36263,35.68007],[23.42328,35.73382],[23.52047,35.72438],[23.54473,35.7358],[23.58395,35.73808],[23.61703,35.75637],[23.66722,35.73257],[23.71688,35.7589],[23.76562,35.7376],[23.7777,35.73238],[23.78015,35.73133],[23.79445,35.7251],[23.79615,35.7243],[23.88963,35.68465],[23.90242,35.67943],[23.90968,35.67667],[23.92418,35.65667],[23.9476,35.61757],[23.95292,35.60448],[23.95248,35.60227],[23.95273,35.6014],[23.95397,35.59985],[23.96103,35.58412],[23.96268,35.58263],[23.96152,35.58263],[23.96232,35.58098],[23.98253,35.52932],[23.98395,35.52597],[23.98455,35.52535],[23.98508,35.52512],[24.0021,35.5123]]}},{"type":"Feature","properties":{"osm_id":"way/761201701","name":"ARTEMIS","operator":null,"source_date":"2026-09-05T15:20:55Z"},"geometry":{"type":"LineString","coordinates":[[5.89417,43.07833],[5.89378,43.07702],[5.89268,43.07422],[5.89217,43.07215],[5.89128,43.07028],[5.89068,43.06832],[5.89053,43.06737],[5.89058,43.06347],[5.89032,43.06133],[5.89088,43.06135],[5.89302,43.03727],[5.89382,43.03173],[5.89448,43.02825],[5.89377,43.02062],[5.89377,43.00978],[5.89363,43.00627],[5.89173,42.99022],[5.89043,42.98228],[5.88723,42.97775],[5.88328,42.9732],[5.88123,42.96887],[5.87717,42.96403],[5.87153,42.95698],[5.86823,42.95138],[5.86657,42.9475],[5.85632,42.94813],[5.85663,42.94642],[5.85878,42.93062],[5.84712,42.87395],[5.86212,42.85395],[5.93378,42.78395],[5.95423,42.75032],[5.96878,42.70062],[5.98545,42.64062],[6.00712,42.61562],[6.07878,42.54062],[6.14878,42.46562],[6.21213,42.38895],[6.28047,42.31393],[6.35213,42.24228],[6.35213,42.23228],[6.41547,42.16562],[6.47547,42.08893],[6.53047,42.01062],[6.59382,41.93393],[6.65715,41.85727],[6.66548,41.84227],[6.68215,41.82062],[6.73548,41.74227],[6.79215,41.66393],[6.85882,41.58893],[6.91548,41.50893],[6.96548,41.42893],[6.99383,41.3906],[7.0155,41.3456],[7.0505,41.2706],[7.10383,41.18727],[7.13883,41.1006],[7.1655,41.02727],[7.1655,41.01558],[7.18552,40.92558],[7.20552,40.83727],[7.23552,40.75227],[7.25885,40.66225],[7.28385,40.57558],[7.31052,40.48892],[7.31552,40.47392],[7.32218,40.44892],[7.34385,40.36058],[7.36552,40.27058],[7.38718,40.18058],[7.41218,40.09225],[7.43218,40.00392],[7.4522,39.91557],[7.4672,39.82892],[7.4922,39.7439],[7.5222,39.65723],[7.55387,39.57223],[7.57553,39.48223],[7.58887,39.3939],[7.60553,39.30723],[7.63222,39.21888],[7.65722,39.13223],[7.67222,39.04388],[7.67555,39.02722],[7.68222,39.00388],[7.69722,38.94557],[7.73055,38.92722],[7.82722,38.86557],[7.92722,38.83057],[8.02057,38.77557],[8.02888,38.76888],[8.10057,38.71557],[8.12223,38.70057],[8.1889,38.68223],[8.19557,38.67723],[8.28223,38.62557],[8.36807,38.56638],[8.45723,38.52557],[8.46057,38.52388],[8.54557,38.47557],[8.63392,38.42723],[8.64392,38.42223],[8.74723,38.43057],[8.82558,38.42388],[8.86058,38.42723],[8.96225,38.44057],[9.07558,38.44723],[9.18225,38.4589],[9.19058,38.45723],[9.20725,38.45057],[9.23392,38.4339],[9.33058,38.37723],[9.41058,38.3139],[9.52727,38.31723],[9.64393,38.32223],[9.75727,38.32723],[9.76393,38.32557],[9.87727,38.31723],[9.9956,38.31223],[10.10727,38.30223],[10.16562,38.29557],[10.21393,38.2939],[10.31393,38.28723],[10.37895,38.28057],[10.41562,38.27892],[10.51728,38.29057],[10.62062,38.30058],[10.66562,38.30392],[10.71895,38.29892],[10.75728,38.29223],[10.81895,38.28558],[10.92397,38.27058],[10.94228,38.26723],[10.96397,38.26392],[11.06397,38.24557],[11.1773,38.23392],[11.2923,38.22223],[11.29897,38.22058],[11.3673,38.16892],[11.43897,38.11392],[11.51397,38.05892],[11.58732,38.00392],[11.66563,37.95223],[11.73898,37.89558],[11.76898,37.87392],[11.82065,37.84392],[11.89732,37.79223],[11.97232,37.73723],[12.05232,37.69058],[12.12732,37.63558],[12.13567,37.62892],[12.18917,37.58957],[12.19983,37.58192],[12.24548,37.56223],[12.26767,37.55273],[12.31567,37.51892],[12.36567,37.48392],[12.419,37.44892],[12.499,37.39557],[12.54567,37.36892],[12.58733,37.35892],[12.68902,37.34223],[12.78733,37.32058],[12.88733,37.30223],[12.98568,37.28223],[12.99568,37.28058],[13.06568,37.24058],[13.08235,37.23058],[13.10402,37.21723],[13.18402,37.16392],[13.25902,37.11223],[13.34068,37.06223],[13.41903,37.01557],[13.49903,36.96558],[13.52737,36.94892],[13.58737,36.92558],[13.67237,36.88892],[13.7707,36.86057],[13.86737,36.83223],[13.96403,36.80558],[13.96903,36.80223],[14.03403,36.73058],[14.10572,36.66058],[14.11903,36.64723],[14.13238,36.63723],[14.19905,36.56057],[14.26572,36.49223],[14.32405,36.42392],[14.38238,36.36392],[14.48572,36.34892],[14.58572,36.34223],[14.68573,36.32892],[14.78573,36.31392],[14.88573,36.29892],[15.0174,36.29057],[15.08573,36.28223],[15.0974,36.27892],[15.11573,36.27558],[15.18573,36.26723],[15.28742,36.25558],[15.34242,36.25058],[15.37908,36.25058],[15.41408,36.25058],[15.45442,36.25258],[15.47623,36.25492],[15.55642,36.25442],[15.58242,36.25225],[15.64175,36.24308],[15.68675,36.24792],[15.78508,36.25575],[15.87075,36.26392],[15.88308,36.26525],[15.98142,36.27508],[16.08742,36.28575],[16.19977,36.29692],[16.31243,36.30725],[16.4241,36.31727],[16.5391,36.33058],[16.65243,36.34227],[16.76243,36.35227],[16.78077,36.35393],[16.81243,36.35892],[16.91912,36.36727],[16.96677,36.36943],[17.02743,36.38058],[17.13912,36.39893],[17.24412,36.41558],[17.25078,36.41727],[17.35912,36.41893],[17.42745,36.42393],[17.53245,36.4456],[17.58578,36.50393],[17.71247,36.56227],[17.79912,36.6206],[17.88578,36.67727],[17.97247,36.73393],[18.05413,36.77893],[18.07078,36.78393],[18.17747,36.81562],[18.28247,36.84562],[18.38747,36.87562],[18.4858,36.90228],[18.5058,36.90895],[18.53247,36.91728],[18.6408,36.94895],[18.75082,36.97895],[18.86248,37.01062],[19.58248,37.21563],[19.70583,37.24228],[19.81417,37.26397],[19.9225,37.28563],[20.0275,37.30897],[20.13417,37.3323],[20.2425,37.34563],[20.26167,37.34797],[20.25883,37.35247],[20.40417,37.36597],[20.51418,37.3798],[20.62083,37.3948],[20.73418,37.4073],[20.84085,37.42063],[20.93835,37.43313],[21.05235,37.44782],[21.10735,37.45513],[21.11918,37.50298],[21.13587,37.56897],[21.13852,37.58713],[21.13568,37.59047],[21.08752,37.64063],[21.06252,37.69565],[21.05418,37.71232],[21.05252,37.72065],[21.03918,37.79898],[21.03252,37.84898],[21.04085,37.87732],[21.04918,37.90732],[21.08085,37.95232],[21.11918,37.97898],[21.14085,37.97732],[21.18752,37.94732],[21.195,37.935]]}},{"type":"Feature","properties":{"osm_id":"way/761201702","name":"BARMAR","operator":null,"source_date":"2026-09-05T15:20:55Z"},"geometry":{"type":"LineString","coordinates":[[5.05517,43.32808],[5.05638,43.32713],[5.05805,43.32618],[5.05852,43.32577],[5.05927,43.3249],[5.05942,43.32287],[5.06,43.32167],[5.06055,43.32063],[5.06092,43.31987],[5.06267,43.3183],[5.06353,43.31793],[5.06525,43.31703],[5.06638,43.31663],[5.06723,43.30955],[5.06308,43.29645],[5.06108,43.294],[5.03967,43.23665],[5.03903,43.2354],[5.026,43.21767],[5.00333,43.1585],[4.99595,43.1531],[4.98662,43.1293],[4.98095,43.12025],[4.9547,43.06893],[4.93857,42.87165],[4.95122,42.8218],[4.95198,42.81687],[4.9346,42.72088],[4.9189,42.6401],[4.91827,42.63782],[4.90912,42.62317],[4.90588,42.61927],[4.78482,42.54298],[4.67522,42.43832],[4.58702,42.36955],[4.25995,42.03333],[4.19108,41.97122],[4.13592,41.92107],[3.99317,41.80413],[3.8345,41.73763],[3.79043,41.72313],[3.73353,41.69322],[3.60203,41.5387],[3.5178,41.51975],[3.34085,41.48267],[3.22595,41.45857],[3.0903,41.43472],[3.00037,41.40745],[2.97265,41.40435],[2.97137,41.40457],[2.82233,41.42968],[2.79418,41.4346],[2.79143,41.43458],[2.78873,41.43458],[2.58523,41.46703],[2.58385,41.46732],[2.56945,41.46892],[2.55053,41.47103],[2.55032,41.47105],[2.54115,41.47197],[2.52392,41.47577],[2.43933,41.50185],[2.42215,41.50442],[2.422,41.50447],[2.42188,41.50448],[2.40562,41.50625]]}},{"type":"Feature","properties":{"osm_id":"way/761201703","name":"CC4","operator":null,"source_date":"2026-09-05T15:20:55Z"},"geometry":{"type":"LineString","coordinates":[[7.0436414,43.5433258],[7.0436943,43.5433158],[7.0441721,43.5432444],[7.0446881,43.5431685],[7.0448132,43.5431361],[7.0522879,43.5422007],[7.0566,43.54167],[7.07293,43.5355],[7.0891,43.5305],[7.08977,43.52383],[7.0981,43.50383],[7.11643,43.48783],[7.1261,43.48217],[7.15427,43.46533],[7.1721,43.4505],[7.18943,43.43317],[7.21893,43.41333],[7.24893,43.39417],[7.28627,43.37533],[7.3511,43.34267],[7.46695,43.28583],[7.60395,43.21833],[7.68912,43.17567],[7.84112,43.109],[8.47163,42.829],[8.59797,42.77283],[8.65115,42.7485],[8.65515,42.74617],[8.65832,42.74133],[8.67232,42.71517],[8.70782,42.69567],[8.74932,42.67467],[8.84282,42.65867],[8.92148,42.645],[8.92833,42.63833]]}},{"type":"Feature","properties":{"osm_id":"way/761201704","name":"CC5","operator":null,"source_date":"2026-09-05T15:20:55Z"},"geometry":{"type":"LineString","coordinates":[[5.895,43.075],[5.89572,43.06565],[5.90293,43.0445],[5.90663,43.03327],[5.9068,43.02582],[5.91117,43.01615],[5.91587,42.99842],[5.9265,42.99532],[5.93095,42.97097],[5.9316,42.94382],[5.9432,42.93088],[5.94962,42.92395],[5.97458,42.89667],[5.99865,42.84853],[6.45548,42.65898],[6.88257,42.48257],[6.9989,42.43225],[7.27793,42.29313],[7.59063,42.13675],[7.9999,41.93177],[8.11807,41.87253],[8.31787,41.76675],[8.32867,41.75868],[8.34082,41.76372],[8.44882,41.78233],[8.51715,41.80758],[8.58352,41.82055],[8.66728,41.85753],[8.729,41.88358],[8.7307,41.89513],[8.72932,41.90317],[8.73033,41.90543],[8.73333,41.915]]}},{"type":"Feature","properties":{"osm_id":"way/761201705","name":"CORSAR","operator":null,"source_date":"2026-09-05T15:20:55Z"},"geometry":{"type":"LineString","coordinates":[[8.73667,41.915],[8.73568,41.91247],[8.73618,41.90963],[8.73652,41.90413],[8.74452,41.88213],[8.68235,41.83212],[8.66702,41.81747],[8.60135,41.75228],[8.60718,41.69395],[8.62318,41.66245],[8.62737,41.65395],[8.66487,41.57945],[8.68203,41.54462],[8.68487,41.51562],[8.70053,41.50778],[8.75268,41.47095],[8.81053,41.44695],[8.83203,41.43862],[9.1047,41.35712],[9.12222,41.32862],[9.13672,41.32412],[9.21553,41.30628],[9.24703,41.29778],[9.28672,41.30145],[9.32238,41.32528],[9.32622,41.32662],[9.36088,41.32995],[9.37888,41.32228],[9.55222,41.26545],[9.63555,41.09895],[9.62322,41.03495],[9.62088,41.02395],[9.61667,41.01167]]}},{"type":"Feature","properties":{"osm_id":"way/761201706","name":"CORSE","operator":null,"source_date":"2026-09-05T15:20:55Z"},"geometry":{"type":"LineString","coordinates":[[8.75867,42.56917],[8.75933,42.57282],[8.76052,42.57247],[8.77518,42.59247],[8.77802,42.61063],[8.81652,42.64398],[8.92218,42.64232],[8.92533,42.64063],[8.93,42.63833]]}},{"type":"Feature","properties":{"osm_id":"way/761201707","name":"DIDON2","operator":null,"source_date":"2026-09-05T15:20:55Z"},"geometry":{"type":"LineString","coordinates":[[5.055,43.32833],[5.06042,43.32362],[5.06708,43.31962],[5.11035,43.29098],[5.1202,43.28788],[5.12575,43.28178],[5.12575,43.28112],[5.12702,43.27333],[5.12333,43.2668],[5.12002,43.25797],[5.12278,43.24468],[5.12322,43.23712],[5.11742,43.22728],[5.10422,43.19957],[5.10322,43.19235],[5.10193,43.18197],[5.10008,43.16228],[5.08208,43.08162],[5.06792,43.00895],[5.06877,43.00395],[5.07958,42.94893],[5.07708,42.91762],[5.06543,42.84893],[5.06677,42.82812],[5.07293,42.73862],[5.07877,42.65227],[5.0821,42.6156],[5.1271,42.57393],[5.20543,42.50227],[5.26212,42.44893],[5.26877,42.42727],[5.28543,42.33893],[5.30043,42.24727],[5.31378,42.1556],[5.33045,42.06558],[5.33212,42.04893],[5.31378,41.97727],[5.29378,41.93642],[5.28212,41.84392],[5.27545,41.79727],[5.29878,41.75558],[5.33547,41.66892],[5.35378,41.57892],[5.36547,41.48392],[5.39213,41.39725],[5.4238,41.31225],[5.45213,41.22725],[5.48213,41.13892],[5.51213,41.05558],[5.52882,40.96807],[5.53882,40.88223],[5.55213,40.78973],[5.56632,40.6989],[5.58632,40.6114],[5.59882,40.56557],[5.63882,40.53557],[5.67882,40.50223],[5.75215,40.43223],[5.82882,40.36223],[5.89217,40.28557],[5.96217,40.2139],[6.0255,40.14223],[6.0955,40.0689],[6.16883,40.0014],[6.2455,39.93223],[6.31552,39.86057],[6.35218,39.81888],[6.36052,39.77723],[6.39218,39.69057],[6.42718,39.60222],[6.4345,39.588],[6.434,39.5875],[6.389,39.60083],[6.41867,39.55133],[6.44917,39.5],[6.44917,39.49933],[6.46333,39.5195],[6.49885,39.42888],[6.52718,39.34222],[6.55552,39.25388],[6.57218,39.21222],[6.60552,39.12722],[6.63887,39.04055],[6.67553,38.95388],[6.70887,38.86972],[6.73553,38.78555],[6.74887,38.69222],[6.7572,38.62388],[6.78053,38.61222],[6.87887,38.56222],[6.97722,38.51222],[7.07388,38.46553],[7.17388,38.42222],[7.27222,38.38053],[7.36888,38.32888],[7.47472,38.28303],[7.57222,38.23303],[7.67057,38.18388],[7.71223,38.16053],[7.8039,38.11222],[7.9039,38.06388],[8.00557,38.02222],[8.10557,37.97222],[8.17557,37.93888],[8.20892,37.93388],[8.32558,37.91888],[8.43725,37.90388],[8.55225,37.91222],[8.66892,37.91555],[8.78225,37.91222],[8.89392,37.90222],[8.93727,37.90422],[8.95392,37.91388],[9.03892,37.92222],[9.06308,37.91222],[9.14558,37.87055],[9.2281,37.82888],[9.2781,37.81055],[9.29893,37.77888],[9.32393,37.74388],[9.38,37.67317],[9.37733,37.67467],[9.37735,37.67465],[9.385,37.665],[9.385,37.66667],[9.42333,37.61983],[9.44227,37.61388],[9.52893,37.61888],[9.61893,37.55388],[9.71562,37.52222],[9.81228,37.49555],[9.84895,37.48222],[9.87062,37.45555],[9.88228,37.44888],[9.88228,37.44472],[9.90728,37.39222],[9.91567,37.36022],[9.91752,37.35598],[9.9201,37.35137],[9.92185,37.34738],[9.92287,37.34333],[9.92498,37.3371],[9.92608,37.33207],[9.92238,37.3249],[9.92103,37.32315],[9.91918,37.31877],[9.91738,37.31622],[9.91625,37.3135],[9.9128,37.30865],[9.90888,37.30572],[9.9056,37.30255],[9.8976,37.2962],[9.89515,37.29368],[9.89117,37.29127],[9.88633,37.2904],[9.88373,37.28982],[9.87833,37.28917]]}},{"type":"Feature","properties":{"osm_id":"way/761201714","name":"EURAFRICA E1","operator":null,"source_date":"2026-09-05T15:20:55Z"},"geometry":{"type":"LineString","coordinates":[[-2.0,46.71667],[-2.00497,46.71498],[-2.01252,46.7075],[-2.01418,46.70585],[-2.04023,46.68007],[-2.04133,46.67897],[-2.0757,46.64493],[-2.07633,46.6443],[-2.07688,46.64383],[-2.12897,46.59383],[-2.13038,46.5925],[-2.18827,46.58195],[-2.21368,46.57737],[-2.36665,46.54982],[-2.37622,46.5443],[-2.38508,46.5394],[-2.39578,46.53448],[-2.44672,46.5],[-2.81223,46.3035],[-2.81283,46.30342],[-2.81335,46.30323],[-3.11457,46.1399],[-3.11842,46.13865],[-3.12807,46.13],[-3.18272,46.10082],[-3.49833,45.932],[-3.50683,45.9235],[-3.61397,45.87182],[-3.6782,45.83687],[-3.7425,45.80737],[-3.8073,45.77508],[-3.84692,45.74722],[-3.86735,45.72047],[-3.90002,45.69995],[-3.90568,45.6934],[-3.90623,45.69285],[-3.97103,45.61773],[-4.01677,45.56653],[-4.18042,45.46235],[-4.34403,45.3577],[-4.36638,45.34377],[-4.36695,45.34332],[-4.94663,45.24418],[-5.37338,45.17145],[-5.55685,45.13978],[-5.68027,45.12998],[-6.82088,44.90872],[-6.94613,44.88645],[-7.07965,44.8609],[-7.73713,44.73365],[-8.08078,44.66723],[-8.12952,44.65942],[-8.31707,44.62162],[-8.4811,44.59003],[-8.49678,44.58677],[-9.1178,44.46658],[-9.35033,44.46615],[-9.6336,44.44655],[-9.81697,44.3133],[-9.89405,44.25753],[-9.93562,44.22755],[-10.00013,44.17998],[-10.02288,44.16458],[-10.45043,43.88335],[-10.57562,43.49993],[-10.62397,43.26723],[-10.63537,43.22013],[-10.68298,42.99985],[-10.6003,42.83312],[-10.66665,42.49968],[-10.66688,42.43715],[-10.66613,42.2243],[-10.66628,42.14262],[-10.66643,42.06722],[-10.66662,41.74155],[-10.87375,41.3369],[-10.90123,41.28127],[-10.91705,41.24978],[-10.91557,41.23327],[-10.90728,41.11618],[-10.90175,41.04237],[-10.90148,41.01723],[-10.83395,39.99973],[-10.84007,39.93932],[-10.84585,39.89895],[-10.8466,39.89187],[-10.85492,39.83157],[-10.87175,39.69497],[-10.88608,39.58632],[-10.91665,39.33332],[-10.92098,39.26833],[-10.9344,38.99987],[-10.9848,38.82928],[-11.00095,38.7769],[-10.99973,38.77527],[-10.89615,38.68963],[-10.73943,38.66],[-10.59612,38.57158],[-10.21327,38.33428],[-10.1673,38.30427],[-10.14082,38.29395],[-9.9852,38.23287],[-9.79833,38.15997],[-9.77493,38.1518],[-9.7584,38.15968],[-9.73338,38.1712],[-9.69043,38.1847],[-9.65485,38.21667],[-9.6432,38.24965],[-9.41695,38.344],[-9.3183,38.32177],[-9.32983,38.34127],[-9.22625,38.35823],[-9.13332,38.40382],[-9.11228,38.41938],[-9.11182,38.4197],[-9.10798,38.42318],[-9.10137,38.42663],[-9.09905,38.42782],[-9.09672,38.43428],[-9.09538,38.43717],[-9.09355,38.44113]]}},{"type":"Feature","properties":{"osm_id":"way/761201715","name":"F-ALGER 4","operator":null,"source_date":"2026-09-05T15:20:55Z"},"geometry":{"type":"LineString","coordinates":[[5.05475,43.32842],[5.05832,43.32633],[5.06043,43.32467],[5.06068,43.32358],[5.06123,43.32318],[5.06237,43.32088],[5.06332,43.31988],[5.06488,43.31888],[5.06665,43.31802],[5.06938,43.31715],[5.0704,43.31668],[5.07125,43.31608],[5.07225,43.31465],[5.07288,43.31318],[5.07322,43.31173],[5.0732,43.3103],[5.0726,43.30835],[5.07065,43.30322],[5.07053,43.30258],[5.06447,43.29053],[5.05875,43.26562],[5.0595,43.22482],[5.04708,43.20562],[5.04542,43.20228],[5.01708,43.13062],[4.99042,43.08895],[4.98875,43.06062],[4.98208,42.98562],[4.99498,42.96517],[4.988,42.96133],[4.98933,42.95767],[5.0155,42.91067],[5.02583,42.899],[5.02593,42.89883],[5.0245,42.89317],[5.02043,42.87562],[4.99043,42.7956],[4.9771,42.71727],[4.98543,42.6356],[4.99043,42.55227],[4.98877,42.4706],[4.98377,42.38393],[4.9821,42.3006],[4.97712,42.21727],[4.96543,42.13893],[4.94712,42.05058],[4.93878,41.97558],[4.94878,41.89392],[4.94212,41.83558],[4.94712,41.81392],[4.95545,41.72725],[4.95378,41.64225],[4.96045,41.55892],[4.95878,41.52392],[4.95545,41.44058],[4.95712,41.35558],[4.95378,41.27057],[4.95547,41.18392],[4.95547,41.16392],[4.93378,41.0989],[4.91547,41.0189],[4.90213,40.93223],[4.87047,40.8689],[4.8788,40.8489],[4.8838,40.76557],[4.90047,40.68223],[4.91547,40.60057],[4.92713,40.51557],[4.9388,40.42722],[4.95382,40.34388],[4.96882,40.26057],[4.98713,40.17055],[4.99213,40.14055],[5.00715,40.05722],[5.02715,40.01055],[5.01548,39.97222],[4.99548,39.88888],[4.98048,39.80555],[4.96882,39.77722],[4.94882,39.72388],[4.92215,39.64388],[4.90215,39.55887],[4.86048,39.48222],[4.82882,39.40053],[4.81548,39.32387],[4.79717,39.23887],[4.77882,39.15887],[4.74548,39.07887],[4.72217,38.99387],[4.69717,38.91053],[4.66383,38.83218],[4.65217,38.80053],[4.62548,38.73552],[4.61383,38.71552],[4.53883,38.66218],[4.46217,38.60218],[4.39217,38.54218],[4.32048,38.47885],[4.25048,38.41385],[4.17883,38.35218],[4.11548,38.28885],[4.05717,38.21883],[4.00548,38.16552],[3.99217,38.15383],[3.92717,38.08883],[3.85883,38.02383],[3.79217,37.95883],[3.72548,37.89217],[3.65882,37.8255],[3.60048,37.75717],[3.57548,37.72717],[3.50717,37.66217],[3.44717,37.59548],[3.37882,37.53217],[3.31382,37.46717],[3.24717,37.40217],[3.18048,37.33715],[3.11548,37.27382],[3.05217,37.20882],[2.99548,37.13882],[2.98048,37.11882],[2.93548,37.06715],[2.88717,36.99048],[2.84548,36.94048],[2.84717,36.91713],[2.84217,36.88382],[2.83217,36.85382],[2.82883,36.82882],[2.83717,36.81882],[2.86883,36.78882],[2.88123,36.78443],[2.89217,36.77963]]}},{"type":"Feature","properties":{"osm_id":"way/761201716","name":"RUPPIONE - PROPRIANO","operator":null,"source_date":"2026-09-05T15:20:55Z"},"geometry":{"type":"LineString","coordinates":[[8.785,41.83],[8.7735,41.82918],[8.75063,41.82567],[8.73338,41.82873],[8.723,41.83258],[8.7153,41.83028],[8.66667,41.8295],[8.64207,41.80948],[8.5862,41.7544],[8.58858,41.71038],[8.59607,41.70305],[8.66667,41.67293],[8.68722,41.66238],[8.75858,41.67187],[8.80253,41.67052],[8.83347,41.67312],[8.85617,41.68337],[8.88057,41.6827],[8.90467,41.68192],[8.9095455,41.6778011]]}},{"type":"Feature","properties":{"osm_id":"way/761201717","name":"F-LYBIE","operator":null,"source_date":"2026-09-05T15:20:55Z"},"geometry":{"type":"LineString","coordinates":[[5.89477,43.07897],[5.89243,43.07687],[5.89117,43.07553],[5.89003,43.07418],[5.88947,43.07327],[5.88902,43.07223],[5.88898,43.07177],[5.88922,43.07072],[5.88952,43.07007],[5.88962,43.06802],[5.88948,43.06663],[5.88897,43.06562],[5.88723,43.06322],[5.88597,43.06132],[5.88507,43.05948],[5.88423,43.05717],[5.88393,43.05475],[5.88407,43.05252],[5.88458,43.04982],[5.88488,43.04802],[5.88417,43.04155],[5.88452,43.03657],[5.88343,43.03978],[5.88242,43.03918],[5.88228,43.03893],[5.88352,43.0364],[5.88447,43.03372],[5.88467,43.0332],[5.88488,43.03228],[5.88487,43.03198],[5.88512,43.0291],[5.88212,43.01728],[5.87712,42.99562],[5.87642,42.9927],[5.87043,42.98228],[5.81878,42.91562],[5.81043,42.88395],[5.78212,42.77395],[5.85545,42.70562],[5.91045,42.60895],[5.89878,42.52228],[5.86935,42.37392],[5.85212,42.33227],[5.75878,42.14893],[5.73547,42.1206],[5.79378,41.96227],[5.86213,41.77058],[5.87218,41.74593],[5.9583,41.58592],[5.97547,41.53892],[5.88882,41.40475],[5.87047,41.36892],[5.93798,41.22058],[6.02215,41.03808],[6.06882,40.93392],[6.13882,40.74892],[6.20717,40.56392],[6.29717,40.39057],[6.3655,40.20223],[6.45552,40.01473],[6.53218,39.8339],[6.59218,39.64388],[6.66218,39.45888],[6.72387,39.31222],[6.74218,39.27222],[6.80553,39.08388],[6.84053,38.89055],[6.87553,38.78555],[6.91553,38.68222],[7.00887,38.62888],[7.21888,38.52222],[7.42388,38.41222],[7.62557,38.29055],[7.83223,38.18222],[8.0389,38.07222],[8.18223,38.00222],[8.25892,38.00388],[8.50892,37.99388],[8.76225,37.98722],[8.83225,37.98222],[8.99892,38.01888],[9.08558,38.05057],[9.23727,38.02057],[9.3206,37.99222],[9.4756,37.95222],[9.62227,37.89222],[9.77393,37.83888],[9.92893,37.78557],[10.08895,37.74888],[10.24428,37.70223],[10.32895,37.66557],[10.37395,37.62223],[10.47228,37.51557],[10.56397,37.43138],[10.57847,37.41857],[10.5773,37.41222],[10.60697,37.38407],[10.6098,37.37722],[10.61897,37.36557],[10.70563,37.35557],[10.78897,37.34557],[10.80897,37.34388],[10.8623,37.33888],[10.9423,37.35057],[11.03397,37.36888],[11.03397,37.36557],[11.11397,37.31388],[11.24398,37.23057],[11.24232,37.22438],[11.24813,37.22088],[11.31982,37.16423],[11.34565,37.13223],[11.44065,37.02388],[11.53732,36.91557],[11.58898,36.86557],[11.64232,36.81222],[11.75898,36.71557],[11.824,36.65722],[11.85067,36.61222],[11.94567,36.50222],[12.029,36.38722],[12.12902,36.28222],[12.16902,36.21888],[12.24568,36.11222],[12.25402,36.10555],[12.39068,36.03555],[12.48902,35.97888],[12.52735,35.95555],[12.62002,35.86855],[12.61918,35.85222],[12.63602,35.85205],[12.74237,35.75222],[12.8507,35.65222],[12.92403,35.58555],[12.96403,35.55555],[13.08737,35.46888],[13.18572,35.40555],[13.19903,35.37555],[13.23738,35.24555],[13.28072,35.11553],[13.31072,35.04553],[13.34072,34.95553],[13.33905,34.91553],[13.29572,34.79053],[13.26072,34.66387],[13.23738,34.5322],[13.22905,34.47053],[13.22072,34.39887],[13.20405,34.26387],[13.18072,34.13053],[13.15407,33.99718],[13.12907,33.86552],[13.11072,33.79387],[13.10238,33.76552],[13.09907,33.73387],[13.07907,33.60218],[13.09073,33.56218],[13.08073,33.53552],[13.07907,33.52718],[13.07407,33.39552],[13.03907,33.26552],[13.0174,33.13385],[13.0024,33.05218],[13.03573,33.01218],[13.12123,32.95218],[13.13173,32.92685],[13.1424,32.91052],[13.1394,32.90185],[13.1394,32.89252],[13.14657,32.89218],[13.1540632,32.8922823],[13.1571054,32.8901877],[13.1564574,32.8843331],[13.16007,32.88452]]}},{"type":"Feature","properties":{"osm_id":"way/761201718","name":"OLERON","operator":null,"source_date":"2026-09-05T15:20:55Z"},"geometry":{"type":"LineString","coordinates":[[-1.20007,45.79072],[-1.199964,45.7909153],[-1.19982,45.7911],[-1.19898,45.79177],[-1.19863,45.7929],[-1.2049,45.79573],[-1.21145,45.7988],[-1.21462,45.80547],[-1.21395,45.81013],[-1.21737,45.81182],[-1.21952,45.81287],[-1.21962,45.81308],[-1.22032,45.81318],[-1.22033,45.8133]]}},{"type":"Feature","properties":{"osm_id":"way/761201719","name":"SEA ME WE-H","operator":null,"source_date":"2026-09-05T15:20:55Z"},"geometry":{"type":"LineString","coordinates":[[5.92558,42.93063],[5.95225,42.88147],[5.97725,42.81563],[6.00475,42.8023],[6.09892,42.7523],[6.19893,42.69897],[6.3006,42.64563],[6.4006,42.5923],[6.5006,42.53897],[6.6006,42.48563],[6.70227,42.4323],[6.79895,42.37897],[6.90228,42.32897],[7.01228,42.27897],[7.10562,42.22397],[7.11562,42.2123],[7.14895,42.1423],[7.16562,42.1023],[7.20562,42.01563],[7.21397,41.99897],[7.29397,41.95563],[7.3923,41.90063],[7.48397,41.8423],[7.58563,41.79563],[7.67897,41.73897],[7.76898,41.68063],[7.86732,41.62063],[7.96732,41.5673],[8.06065,41.5123],[8.15065,41.45563],[8.16565,41.4473],[8.26065,41.4223],[8.33482,41.3923],[8.3715,41.39397],[8.49067,41.39563],[8.60567,41.3973],[8.699,41.39897],[8.69983,41.39897],[8.71983,41.39313],[8.76733,41.3873],[8.869,41.3673],[8.97317,41.34813],[9.044,41.3323],[9.11485,41.3173],[9.18535,41.30513],[9.24902,41.29313],[9.25702,41.29313],[9.29668,41.29497],[9.31952,41.31197],[9.32702,41.31763],[9.38902,41.32863],[9.39152,41.32863],[9.45902,41.3273],[9.53402,41.32397],[9.60568,41.32063],[9.62568,41.32063],[9.70235,41.3198],[9.78902,41.3123],[9.80402,41.31147],[9.9057,41.28897],[10.00903,41.26315],[10.12403,41.23565],[10.1757,41.22398],[10.24903,41.20565],[10.28737,41.18898],[10.3857,41.14065],[10.4857,41.09065],[10.48737,41.09065],[10.56405,41.0223],[10.57405,41.01563],[10.61238,40.93897],[10.65572,40.85563],[10.68738,40.79397],[10.70738,40.7823],[10.79572,40.7223],[10.87905,40.65897],[10.95923,40.5958],[11.04907,40.54063],[11.1374,40.4823],[11.2224,40.42063],[11.3124,40.36063],[11.40073,40.30063],[11.48908,40.24063],[11.52908,40.2123],[11.56908,40.18563],[11.62075,40.16063],[11.72408,40.11063],[11.82575,40.06063],[11.91742,40.00897],[12.00242,39.9423],[12.07743,39.8823],[12.0991,39.86563],[12.16743,39.81563],[12.25243,39.75563],[12.33743,39.69397],[12.42243,39.63063],[12.5091,39.56897],[12.57577,39.51397],[12.58912,39.50397],[12.66578,39.4323],[12.74578,39.3623],[12.80728,39.30228],[12.88078,39.23728],[12.91245,39.20395],[12.98745,39.13395],[13.05912,39.05895],[13.09413,39.03228],[13.13413,38.99895],[13.23247,38.94895],[13.31747,38.89062],[13.3908,38.84595],[13.3908,38.82728],[13.3908,38.73728],[13.3908,38.64728],[13.39247,38.57395],[13.39913,38.55895],[13.42747,38.47228],[13.45413,38.38478],[13.48415,38.30228],[13.47832,38.29562],[13.45582,38.28228],[13.46582,38.26895],[13.42998,38.24728],[13.41415,38.23928],[13.38347,38.22478],[13.35697,38.21327],[13.33613,38.2051],[13.33333,38.2]]}},{"type":"Feature","properties":{"osm_id":"way/761201720","name":"SEA ME WE2-S5","operator":null,"source_date":"2026-09-05T15:20:55Z"},"geometry":{"type":"LineString","coordinates":[[5.33975,42.9466],[5.37383,42.923],[5.52133,42.82102],[5.59995,42.76635],[5.6394,42.66615],[5.64047,42.66377],[5.66218,42.62322],[5.99998,41.97155],[6.05462,41.89867],[6.1143,41.80287],[6.11583,41.80058],[6.14813,41.75212],[6.1807,41.70402],[6.25063,41.48665],[6.3027,41.38555],[6.58897,40.83068],[6.59938,40.80767],[6.58565,40.76832],[6.47673,40.474],[6.70578,39.97975],[6.76397,39.8542],[7.03848,39.25837],[7.1223,38.86542],[7.15195,38.73343],[7.23853,38.69173],[7.22353,38.69263],[7.22152,38.69265],[7.22842,38.68972],[7.28692,38.6647],[7.29867,38.65952],[7.44532,38.58553],[7.87167,38.37132],[8.62618,37.99167],[8.7083,37.94918],[8.74382,37.94877],[8.94183,37.9413],[8.95293,37.95537],[8.96803,37.9656],[8.9782,37.96535],[8.99543,37.94635],[9.03987,37.93368],[9.06027,37.92797],[9.0912,37.92205],[9.10835,37.91935],[9.28873,37.92232],[9.32835,37.9228],[9.34712,37.92105],[9.3667,37.91918],[9.66325,37.82803],[9.7001,37.8166],[9.72772,37.80598],[9.73657,37.8026],[9.85003,37.75897],[9.85297,37.75718],[9.92297,37.71302],[9.92938,37.70772],[9.93812,37.7075],[9.94073,37.70798],[9.9414,37.70803],[9.95667,37.71],[9.96047,37.71403],[9.96673,37.70953],[10.03388,37.74472],[10.0764,37.76677],[10.23342,37.84057],[10.27908,37.85162],[10.5097,37.85137],[10.53457,37.8503],[10.64998,37.89142],[10.89445,37.8939],[11.17683,37.94997],[11.2291,37.9392],[11.23633,37.9377],[11.27742,37.94168],[11.38395,37.97352],[11.3914,37.98043],[11.39375,37.98252],[11.39585,37.98247],[11.39767,37.98035],[11.40333,37.9747],[11.4057,37.975],[11.40675,37.97225],[11.40865,37.97053],[11.40865,37.97003],[11.40985,37.96953],[11.41368,37.9662],[11.41695,37.96242],[11.42435,37.95987],[11.42,37.95667],[11.42023,37.9564],[11.4498,37.92347],[11.48182,37.89783],[11.52358,37.86695],[11.52872,37.86317],[11.55865,37.86135],[11.76042,37.7331],[11.78357,37.71023],[11.84025,37.67343],[12.32533,37.35623],[12.39603,37.30965],[12.41588,37.29657],[12.61673,37.16473],[12.68337,37.11332],[12.80198,37.03262],[12.91803,37.06485],[12.92837,37.06772],[12.93317,37.06907],[12.93773,37.07035],[12.95182,37.07178],[12.9553,37.07322],[12.95975,37.07403],[12.96395,37.07292],[12.96748,37.07108],[12.97707,37.05998],[13.01593,37.02845],[13.05125,37.00987],[13.0658,36.98867],[13.0967,36.9501],[13.11343,36.93333],[13.12857,36.9182],[13.13333,36.91343],[13.13808,36.91193],[13.15922,36.90582],[13.23812,36.90625],[13.2417,36.9062],[13.27783,36.90577],[13.29255,36.90572],[13.3502,36.8858],[13.42217,36.86043],[13.4863,36.83782],[13.5191,36.82623],[13.90013,36.69168],[14.1177,36.43828],[14.16052,36.38827],[14.22338,36.31478],[14.22902,36.30848],[14.25563,36.29513],[14.26435,36.29308],[14.2746,36.29053],[14.27585,36.29022],[14.30832,36.28213],[14.56667,36.18667],[14.6321,36.16737],[14.65003,36.16207],[14.78508,36.1222],[14.79997,36.1178],[14.88488,36.09272],[14.88767,36.09202],[14.88862,36.09177],[15.15122,36.00738],[15.15767,36.00635],[15.16,36.00597],[15.2049,35.99807],[15.20607,35.99912],[15.28327,35.96662],[15.39505,35.93732],[15.39995,35.93603],[15.40985,35.93338],[15.47917,35.93325],[15.58683,35.88662],[15.67047,35.8907],[15.69275,35.89958],[15.90307,35.95808],[16.21873,35.90327],[16.75345,35.80813],[16.8096,35.79833],[17.4728,35.68007],[17.66033,35.64642],[17.73328,35.63337],[18.07972,35.43152],[18.5612,35.14987],[19.10013,34.83345],[19.65723,34.62315],[20.29987,34.38013],[20.56673,34.29528],[20.8179,34.18908],[21.27698,33.99513],[21.6934,33.8196],[21.92943,33.71887],[22.36628,33.53368],[23.16252,33.3016],[23.16675,33.30097],[23.53418,33.27712],[23.5836,33.26005],[23.99325,33.13578],[24.03322,33.12385],[24.42498,32.96025],[24.5345,32.91488],[25.23337,32.70002],[25.59977,32.56672],[25.66443,32.55202],[25.93332,32.49168],[26.4042,32.34653],[26.92248,32.18663],[27.3327,32.06018],[27.36743,32.04485],[27.73327,31.88493],[28.05732,31.80387],[28.1397,31.79078],[28.42733,31.72438],[28.48115,31.70775],[29.02278,31.53942],[29.301,31.45387],[29.44688,31.40847],[29.60015,31.36083],[29.78957,31.33347],[29.79333,31.33333],[29.8334,31.3083],[29.90305,31.23335],[29.91,31.21]]}},{"type":"Feature","properties":{"osm_id":"way/761201721","name":"SEA ME WE2-S5.2","operator":null,"source_date":"2026-09-05T15:20:55Z"},"geometry":{"type":"LineString","coordinates":[[13.23165,38.19283],[13.23082,38.1931],[13.22493,38.19472],[13.19248,38.19973],[13.16333,38.20377],[13.14632,38.20625],[13.1226,38.21975],[13.11848,38.2222],[13.1102,38.22653],[13.08313,38.2417],[12.83228,38.3025],[12.75635,38.34717],[12.7404,38.35645],[12.71532,38.37137],[12.66652,38.40005],[12.59152,38.46163],[12.52443,38.4953],[12.10312,38.39147],[12.08327,38.38648],[11.97282,38.34068],[11.92493,38.32072],[11.86788,38.26037],[11.81735,38.20682],[11.77688,38.16355],[11.77562,38.1622],[11.66665,38.09995],[11.59353,38.06115],[11.58657,38.0581],[11.5505,38.0455],[11.53003,38.03913],[11.50843,38.03247],[11.4833,38.0242],[11.45563,38.00888],[11.41332,37.98542],[11.41122,37.98488],[11.39858,37.98153],[11.40348,37.97455],[11.40572,37.9722]]}},{"type":"Feature","properties":{"osm_id":"way/761201722","name":"SEA ME WE2-S5.4","operator":null,"source_date":"2026-09-05T15:20:55Z"},"geometry":{"type":"LineString","coordinates":[[9.87667,37.28833],[9.89033,37.2855],[9.89215,37.28605],[9.91017,37.2954],[9.91433,37.30068],[9.9608,37.32415],[9.96125,37.32468],[9.97048,37.37465],[9.95518,37.41683],[9.93567,37.44338],[9.89423,37.5014],[9.8828,37.5166],[9.91658,37.63338],[9.93123,37.69787],[9.92947,37.7055],[9.94072,37.70568],[9.94073,37.70798]]}},{"type":"Feature","properties":{"osm_id":"way/761201723","name":"SEA ME WE2-S5.6","operator":null,"source_date":"2026-09-05T15:20:55Z"},"geometry":{"type":"LineString","coordinates":[[2.89167,36.78333],[2.86902,36.80082],[2.87283,36.83207],[2.8749,36.84163],[2.87603,36.84583],[2.8788,36.8626],[2.8865,36.8916],[2.8931,36.91808],[2.8954,36.92643],[2.90048,36.94337],[3.16748,37.19978],[3.28768,37.22828],[4.16668,37.43363],[4.53657,37.55763],[4.80112,37.64753],[5.74475,37.96432],[6.00023,38.05007],[6.80573,38.48127],[6.86347,38.51303],[7.08333,38.62973],[7.17075,38.67728],[7.21828,38.69177],[7.22152,38.69265]]}},{"type":"Feature","properties":{"osm_id":"way/761201727","name":"SEA ME WE3-S10.2","operator":null,"source_date":"2026-09-05T15:20:55Z"},"geometry":{"type":"LineString","coordinates":[[2.49132,51.34883],[2.47758,51.33627],[2.4664,51.32313],[2.46433,51.32082],[2.45223,51.31922],[2.42157,51.31517],[2.40303,51.28963],[2.39372,51.28142],[2.379,51.2684],[2.3431,51.25923],[2.31482,51.252],[2.31222,51.25133],[2.29398,51.24333],[2.29302,51.24292],[2.24533,51.23293],[2.18658,51.21492],[2.18243,51.2139],[2.17837,51.21287],[2.16703,51.20997],[2.1595,51.2063],[2.156,51.2046],[2.14927,51.20137],[2.10222,51.1857],[1.96477,51.13968],[1.96343,51.13923],[1.95393,51.1373],[1.94862,51.13622],[1.88887,51.12408],[1.88887,51.12282],[1.8853,51.1205],[1.87963,51.11682],[1.87075,51.11103],[1.8621,51.10813],[1.83652,51.09958],[1.81917,51.09378],[1.81585,51.09268],[1.7842,51.0823],[1.69407,51.01822],[1.69115,51.01612],[1.68285,51.01022],[1.65817,50.99265],[1.58422,50.94002],[1.51767,50.89263],[1.4808,50.7798],[1.47968,50.7764],[1.47848,50.77283],[1.4628,50.7249],[1.40688,50.66098],[1.35552,50.60215],[1.34295,50.58772],[1.23435,50.51125],[1.19572,50.48398],[1.16842,50.46135],[1.1004,50.41447],[0.9847,50.38725],[0.90973,50.37398],[0.90367,50.37305],[0.89828,50.3722],[0.8977,50.3721],[0.82123,50.35828],[0.81948,50.35797],[0.81682,50.35752],[0.81208,50.35668],[0.51463,50.30315],[0.50452,50.30128],[0.49202,50.29898],[0.4917,50.29892],[0.4881,50.29825],[0.4863,50.2979],[0.37495,50.27603],[0.36982,50.27735],[0.36332,50.27605],[0.36007,50.27317],[-0.10645,50.18028],[-0.1685,50.16753],[-0.1686,50.16752],[-0.20915,50.15918],[-0.21225,50.15647],[-0.21893,50.15513],[-0.22907,50.15783],[-0.23552,50.15645],[-0.2387,50.15355],[-0.31682,50.13755],[-0.43465,50.11497],[-0.50142,50.10145],[-0.58632,50.08425],[-0.99895,50.00088],[-1.12882,49.98437],[-1.13308,49.98387],[-1.14617,49.98218],[-1.36693,49.95373],[-1.47188,49.94],[-1.54822,49.9465],[-1.55872,49.94735],[-1.70248,49.95948],[-1.75757,49.96412],[-1.77058,49.9652],[-1.91705,49.97698],[-1.9564,49.98018],[-2.09885,49.99143],[-2.17802,49.97763],[-2.38255,49.94172],[-2.64307,49.89538],[-2.8011,49.8443],[-2.91242,49.80812],[-2.92713,49.80333],[-2.9279,49.80312],[-3.00238,49.77885],[-3.00273,49.77872],[-3.30473,49.6793],[-3.3326,49.67012],[-3.37147,49.67352],[-3.3826,49.6758],[-3.40462,49.68027],[-3.4688,49.68788],[-3.60223,49.7032],[-3.69953,49.71435],[-3.7432,49.7236],[-3.81997,49.73962],[-3.82142,49.73993],[-3.85478,49.74697],[-3.88533,49.75335],[-3.89035,49.75577],[-3.90097,49.76088],[-3.91505,49.76767],[-3.91667,49.76845],[-3.93215,49.7759],[-3.93438,49.77697],[-3.95897,49.78878],[-3.97062,49.79662],[-3.98077,49.79657],[-3.98482,49.79662],[-4.26708,49.82682],[-4.45822,49.84712],[-4.47302,49.84822],[-4.50233,49.85038],[-4.8135,49.88207],[-4.89038,49.90932],[-5.0954,49.9814],[-5.12395,49.99138],[-5.14623,49.99707],[-5.15833,50.00667]]}},{"type":"Feature","properties":{"osm_id":"way/761201728","name":"SEA ME WE3-S10.3","operator":null,"source_date":"2026-09-05T15:20:55Z"},"geometry":{"type":"LineString","coordinates":[[2.48595,51.34808],[2.5186,51.35167],[2.55367,51.34417],[2.66515,51.34043],[2.722,51.33833],[2.75283,51.32583],[2.79033,51.2775],[2.86993,51.2277],[2.8774,51.22542],[2.88127,51.22187],[2.88417,51.2185]]}},{"type":"Feature","properties":{"osm_id":"way/761201730","name":"SEA ME WE3-S9","operator":null,"source_date":"2026-09-05T15:20:55Z"},"geometry":{"type":"LineString","coordinates":[[-4.34665,47.83228],[-4.3761,47.8365218],[-4.38,47.83708],[-4.41657,47.8308],[-4.44692,47.82972],[-4.45962,47.83],[-4.46068,47.83007],[-4.46217,47.83017],[-4.463,47.8313],[-4.47203,47.83247],[-4.47692,47.83067],[-4.47813,47.83103],[-4.47887,47.831],[-4.482,47.83103],[-4.53002,47.83267],[-4.53488,47.8329],[-4.54633,47.83333],[-4.54695,47.83307],[-4.5966,47.81818],[-4.62305,47.80977],[-4.625,47.80862],[-4.63317,47.8048],[-4.64693,47.79842],[-4.65417,47.79713],[-4.65908,47.79705],[-4.82133,47.79433],[-4.82233,47.79408],[-4.82297,47.79395],[-4.83007,47.7925],[-4.84228,47.7942],[-4.88118,47.78655],[-4.90993,47.76185],[-4.91378,47.75775],[-4.9163,47.75548],[-4.91707,47.75428],[-4.91988,47.7499],[-4.95032,47.7209],[-4.97765,47.70287],[-4.98135,47.70067],[-4.99078,47.69452],[-5.01582,47.67848],[-5.0377,47.66453],[-5.04202,47.66167],[-5.32412,47.48012],[-5.32785,47.47788],[-5.4666,47.38832],[-5.7485,47.31053],[-5.87503,47.27545],[-5.93373,47.19612],[-5.93357,47.19477],[-5.9757,47.13807],[-5.97632,47.13723],[-5.97778,47.13583],[-5.98458,47.12275],[-5.99132,47.1163],[-6.07185,47.05227],[-6.10537,46.9953],[-6.2044,46.87442],[-6.2057,46.8733],[-6.211,46.86958],[-6.71628,46.45955],[-6.91775,46.29757],[-6.95213,46.27757],[-7.54838,45.92768],[-7.65692,45.9154],[-8.07382,45.86617],[-8.68725,45.49552],[-9.28397,45.13283],[-9.57185,44.90417],[-9.82422,44.70358],[-10.37243,44.26415],[-10.55627,44.11628],[-10.70007,43.99998],[-10.88122,43.5081],[-11.00442,43.16652],[-11.31998,42.71255],[-11.52522,42.4164],[-11.51863,42.36427],[-11.50922,42.29213],[-11.4967,42.19277],[-11.4733,41.99847],[-11.4609,41.89983],[-11.37002,41.20007],[-11.38402,41.18575],[-11.48913,41.06697],[-11.5292,41.02488],[-11.48313,40.91662],[-11.5275,40.22505],[-11.54168,39.99977],[-11.41673,39.36983],[-11.39993,39.28317],[-11.54208,38.86672],[-11.2404,38.60622],[-10.92462,38.33323],[-10.73298,38.21678],[-10.53457,38.22305],[-10.48292,38.22485],[-10.38608,38.15925],[-10.21562,38.04465],[-10.12455,37.98353],[-10.11777,37.98313],[-9.86823,37.98343],[-9.74972,37.98312],[-9.71917,37.96542],[-9.64167,37.94187],[-9.54263,37.99488],[-9.5334,37.99987],[-9.49145,38.04112],[-9.31665,38.21665],[-9.1695,38.31437],[-9.1693,38.31448],[-9.16295,38.31812],[-9.14085,38.333],[-9.13052,38.34875],[-9.12065,38.36103],[-9.11847,38.36447],[-9.11512,38.37323],[-9.1019,38.39423],[-9.09378,38.41152],[-9.08882,38.4188],[-9.08775,38.42475],[-9.08763,38.42768],[-9.08748,38.42823],[-9.08765,38.43058],[-9.08778,38.43097],[-9.09355,38.44113]]}},{"type":"Feature","properties":{"osm_id":"way/761201731","name":"TAGIDE","operator":null,"source_date":"2026-09-05T15:20:55Z"},"geometry":{"type":"LineString","coordinates":[[-4.34793,47.8322],[-4.34822,47.83223],[-4.34858,47.83227],[-4.3584,47.83285],[-4.36243,47.83305],[-4.3647,47.83328],[-4.36953,47.83362],[-4.37987,47.83328],[-4.4312,47.82362],[-4.44237,47.81878],[-4.51153,47.79393],[-4.55837,47.77227],[-4.5782,47.76727],[-4.6282,47.72643],[-4.67153,47.70227],[-4.67653,47.69893],[-4.6982,47.69227],[-4.7982,47.65727],[-4.8132,47.65227],[-4.86987,47.59893],[-4.90487,47.5656],[-4.94987,47.5556],[-5.00367,47.53933],[-5.00617,47.54067],[-5.025,47.53833],[-5.01817,47.53517],[-5.04653,47.52727],[-5.05153,47.52393],[-5.12487,47.46558],[-5.14987,47.44558],[-5.21487,47.42892],[-5.29487,47.41225],[-5.30987,47.39558],[-5.3232,47.38225],[-5.33653,47.36725],[-5.38487,47.32392],[-5.40987,47.31558],[-5.51653,47.29558],[-5.5382,47.29225],[-5.5682,47.23558],[-5.58667,47.1895],[-5.583,47.18883],[-5.59122,47.18192],[-5.59833,47.16868],[-5.62232,47.12697],[-5.62562,47.12105],[-5.63133,47.1105],[-5.63167,47.1085],[-5.63333,47.109],[-5.63683,47.1],[-5.67153,47.0439],[-5.69237,47.0364],[-5.75487,47.01973],[-5.79987,47.0089],[-5.84153,46.9989],[-5.89237,46.96057],[-5.9332,46.93057],[-5.9832,46.91223],[-6.08653,46.8789],[-6.15153,46.85723],[-6.18153,46.83723],[-6.24653,46.7689],[-6.32487,46.70555],[-6.40153,46.63888],[-6.48153,46.57222],[-6.50153,46.55722],[-6.5182,46.54222],[-6.59487,46.47888],[-6.67153,46.41222],[-6.74987,46.34722],[-6.7582,46.34222],[-6.83153,46.28553],[-6.92153,46.22887],[-7.0132,46.17553],[-7.10653,46.1222],[-7.20153,46.07053],[-7.29153,46.01387],[-7.37987,45.9572],[-7.4432,45.91552],[-7.4682,45.90218],[-7.55487,45.84718],[-7.63487,45.78552],[-7.7132,45.72552],[-7.79653,45.66552],[-7.87987,45.60383],[-7.8982,45.58883],[-7.91653,45.57552],[-8.00153,45.51552],[-8.08487,45.45552],[-8.1732,45.39717],[-8.26153,45.33883],[-8.34487,45.27883],[-8.43487,45.2255],[-8.52818,45.17217],[-8.62318,45.11717],[-8.69653,45.05382],[-8.79318,45.00215],[-8.87487,44.94215],[-8.95818,44.88048],[-9.04318,44.81882],[-9.12818,44.76213],[-9.22818,44.71213],[-9.32153,44.65213],[-9.33487,44.63547],[-9.34818,44.6188],[-9.40487,44.5488],[-9.44318,44.4988],[-9.47152,44.4788],[-9.54818,44.4138],[-9.62818,44.35047],[-9.78987,44.28878],[-9.78985,44.22547],[-9.87985,44.16378],[-9.96652,44.10545],[-10.05818,44.04545],[-10.14318,43.98545],[-10.22818,43.92545],[-10.31985,43.86878],[-10.33152,43.85212],[-10.36985,43.79212],[-10.39152,43.70877],[-10.39068,43.69627],[-10.40152,43.6521],[-10.43985,43.5671],[-10.44485,43.5521],[-10.44818,43.53377],[-10.47818,43.4521],[-10.49483,43.37043],[-10.51317,43.2871],[-10.52983,43.20377],[-10.55483,43.11877],[-10.5815,43.03377],[-10.60483,42.95542],[-10.60817,42.95208],[-10.69817,42.90208],[-10.79317,42.85542],[-10.88817,42.80542],[-10.98483,42.75708],[-10.98817,42.75042],[-11.0165,42.67542],[-11.05483,42.59708],[-11.09317,42.51873],[-11.12483,42.45707],[-11.12648,42.43542],[-11.15317,42.3554],[-11.15817,42.33373],[-11.16148,42.31873],[-11.17648,42.2304],[-11.18982,42.1454],[-11.19815,42.06207],[-11.21815,41.97873],[-11.22982,41.91707],[-11.22982,41.90207],[-11.21815,41.81707],[-11.20482,41.73207],[-11.18813,41.64538],[-11.18482,41.56207],[-11.19647,41.47707],[-11.21813,41.39372],[-11.23313,41.31372],[-11.22313,41.23205],[-11.21813,41.15038],[-11.2148,41.06538],[-11.20647,40.98538],[-11.20478,40.96872],[-11.20313,40.94872],[-11.20313,40.86705],[-11.20647,40.78372],[-11.20812,40.73372],[-11.20647,40.69872],[-11.21145,40.61372],[-11.22145,40.52703],[-11.22478,40.44203],[-11.23312,40.35703],[-11.23478,40.2737],[-11.23812,40.1887],[-11.24143,40.10537],[-11.24477,40.0187],[-11.24477,39.9387],[-11.25143,39.85203],[-11.25143,39.83203],[-11.2481,39.7687],[-11.2481,39.68037],[-11.25143,39.59537],[-11.25143,39.57868],[-11.2481,39.56037],[-11.23643,39.48537],[-11.22143,39.40368],[-11.22477,39.31868],[-11.22643,39.23702],[-11.22977,39.15535],[-11.21142,39.07535],[-11.20808,39.06535],[-11.15475,39.00368],[-11.08225,38.94285],[-11.08142,38.94202],[-11.01808,38.87368],[-10.93475,38.82535],[-10.80808,38.80368],[-10.71142,38.77368],[-10.62473,38.72368],[-10.53642,38.67202],[-10.44473,38.62368],[-10.35307,38.57202],[-10.33807,38.56368],[-10.31807,38.55202],[-10.23473,38.50202],[-10.1514,38.44368],[-10.1014,38.41537],[-10.05973,38.39868],[-9.96473,38.35368],[-9.87557,38.31868],[-9.79472,38.28203],[-9.70722,38.24287],[-9.61472,38.23703],[-9.52138,38.25787],[-9.51022,38.26253],[-9.46805,38.29203],[-9.36472,38.31787],[-9.33638,38.3287],[-9.31555,38.35537],[-9.30305,38.37453],[-9.26972,38.41703],[-9.26722,38.4212],[-9.25805,38.43287],[-9.23638,38.4587],[-9.21422,38.47137],[-9.20072,38.4772],[-9.185,38.48583]]}},{"type":"Feature","properties":{"osm_id":"way/761201732","name":"TAT11F4","operator":null,"source_date":"2026-09-05T15:20:55Z"},"geometry":{"type":"LineString","coordinates":[[-2.5415,46.535],[-2.78662,46.60912],[-3.06,46.69167],[-3.36718,46.71425],[-4.05123,46.76417],[-4.35695,46.78655],[-4.54167,46.8],[-4.86733,46.763],[-4.893,46.75423],[-5.01667,46.71167],[-5.0525,46.69417],[-5.1675,46.65617],[-5.21533,46.63783],[-5.255,46.62417],[-5.26567,46.6205],[-5.29635,46.60468],[-5.37167,46.56917],[-5.4564,46.56192],[-5.53425,46.57105],[-5.5575,46.55917],[-5.62353,46.57887],[-5.7,46.60167],[-5.82333,46.60167],[-5.98333,46.68],[-6.00667,46.68318],[-6.00668,46.68318],[-6.3075,46.72417],[-6.44022,46.76682],[-6.445,46.76833],[-6.55442,46.78455],[-6.55445,46.78455],[-6.60418,46.79192],[-6.79935,46.82113],[-6.86542,46.83102],[-6.93333,46.84167],[-7.04398,46.91295],[-7.28333,47.06667],[-7.55833,47.0975],[-7.83925,47.14668],[-8.05833,47.185],[-8.24118,47.29577],[-8.3341,47.3395],[-8.33517,47.34]]}},{"type":"Feature","properties":{"osm_id":"way/761201734","name":"TAT9F5","operator":null,"source_date":"2026-09-05T15:20:55Z"},"geometry":{"type":"LineString","coordinates":[[-2.56217,46.52337],[-2.62967,46.5238],[-2.71838,46.52195],[-2.73783,46.52333],[-2.73798,46.52333],[-2.73818,46.52338],[-2.77542,46.52343],[-2.77735,46.52343],[-2.7967,46.52343],[-3.08298,46.64193],[-3.23935,46.65343],[-3.25187,46.65432],[-3.25817,46.65478],[-3.2624,46.65508],[-3.76365,46.6903],[-3.76455,46.69032],[-3.76535,46.6904],[-3.76997,46.69085],[-3.77623,46.69132],[-3.89998,46.70032],[-4.15578,46.68103],[-4.15823,46.68085],[-4.1675,46.68013],[-4.16758,46.68008],[-4.17203,46.67977],[-4.37917,46.66493],[-4.38023,46.66485],[-4.38658,46.66438],[-4.3969,46.66363],[-4.76953,46.6359],[-4.77412,46.63555],[-4.80005,46.63357],[-4.8068,46.63122],[-4.86467,46.6121],[-4.87295,46.60937],[-5.01978,46.56087],[-5.0232,46.55968],[-5.07087,46.54698],[-5.10325,46.53273],[-5.16703,46.49478],[-5.25952,46.46365],[-5.40073,46.4434],[-5.58328,46.41832],[-5.66513,46.34832],[-5.85372,46.33332],[-5.89332,46.33028],[-5.91298,46.32165],[-6.07665,46.27198],[-6.20115,46.23117],[-6.33365,46.23288],[-6.8769,46.6197],[-6.90572,46.64245],[-6.99938,46.667],[-7.34028,46.76232],[-7.41982,46.76145],[-7.47348,46.80008],[-7.53283,46.82883]]}},{"type":"Feature","properties":{"osm_id":"way/761201736","name":"UK-FR4","operator":null,"source_date":"2026-09-05T15:20:55Z"},"geometry":{"type":"LineString","coordinates":[[2.04167,51.0],[2.03307,51.004],[2.03265,51.00432],[2.03248,51.00582],[2.01748,51.02582],[2.01482,51.02882],[2.00898,51.03798],[1.99065,51.05182],[1.98715,51.05915],[1.97832,51.06915],[1.96365,51.07932],[1.95682,51.08582],[1.92665,51.10582],[1.91098,51.11815],[1.88265,51.11582],[1.86998,51.11482],[1.83442,51.11208],[1.83028,51.11177],[1.82647,51.11148],[1.7438,51.10465],[1.7258,51.10532],[1.72327,51.10415],[1.72067,51.10297],[1.71813,51.10182],[1.70147,51.10165],[1.69947,51.09982],[1.69297,51.10048],[1.6778,51.09882],[1.6428,51.09715],[1.6338,51.09665],[1.6203,51.09615],[1.54213,51.1008],[1.51213,51.10047],[1.5088,51.09713],[1.50247,51.09813],[1.47292,51.10102],[1.4655,51.1055],[1.4288,51.12413],[1.4123,51.12963],[1.4048,51.13463],[1.3953,51.14013],[1.39027,51.14502],[1.38463,51.15047]]}},{"type":"Feature","properties":{"osm_id":"way/761201743","name":"CALVI-ST-FLORENT","operator":null,"source_date":"2026-09-05T15:20:55Z"},"geometry":{"type":"LineString","coordinates":[[8.75612,42.5703],[8.75778,42.57125],[8.75792,42.5715],[8.75832,42.5721],[8.75852,42.57283],[8.75882,42.57312],[8.75953,42.57607],[8.75932,42.5764],[8.75865,42.57673],[8.76003,42.5785],[8.76432,42.58672],[8.77468,42.60958],[8.78372,42.62922],[8.78433,42.63023],[8.80082,42.64577],[8.80677,42.65117],[8.83805,42.6767],[8.86598,42.68747],[8.8759,42.69067],[8.88195,42.6928],[8.88465,42.69372],[8.90935,42.70292],[8.92568,42.70927],[8.94557,42.71663],[8.9472,42.71733],[8.95412,42.71967],[8.9629,42.72298],[8.9861,42.73195],[8.98962,42.73247],[8.99403,42.73487],[9.00258,42.73787],[9.01152,42.74135],[9.02062,42.74438],[9.04633,42.75378],[9.05512,42.75677],[9.06782,42.76138],[9.08333,42.7672],[9.15618,42.79385],[9.16562,42.79735],[9.17437,42.80062],[9.18158,42.80275],[9.18347,42.80282],[9.1921,42.79937],[9.20112,42.79577],[9.21008,42.79253],[9.2258,42.78647],[9.26742,42.7705],[9.27187,42.76818],[9.27568,42.76067],[9.27787,42.75455],[9.27837,42.75318],[9.28375,42.7382],[9.28635,42.73092],[9.2891,42.72337],[9.29048,42.71955],[9.29177,42.71587],[9.29442,42.7086],[9.29608,42.7037],[9.29855,42.69707],[9.2931,42.69257],[9.30057,42.68552],[9.30217,42.68495],[9.3027,42.6848],[9.302,42.6835]]}},{"type":"Feature","properties":{"osm_id":"way/761201744","name":"SEA ME WE4-S4.7","operator":null,"source_date":"2026-09-05T15:20:55Z"},"geometry":{"type":"LineString","coordinates":[[5.3727865,43.2618788],[5.37261,43.26197],[5.37157,43.26144],[5.36927,43.26026],[5.36907,43.26016],[5.36718,43.25919],[5.36658,43.25888],[5.366,43.25859],[5.366,43.25858],[5.36522,43.2584],[5.3648,43.2583],[5.36443,43.25821],[5.36365,43.25802],[5.36302,43.25786],[5.36287,43.25783],[5.3622,43.25767],[5.36208,43.25764],[5.36129,43.25745],[5.36103,43.25738],[5.3605,43.25726],[5.35972,43.25707],[5.35913,43.25692],[5.35894,43.25688],[5.35815,43.25669],[5.35737,43.2565],[5.35659,43.25631],[5.35628,43.25624],[5.3558,43.25624],[5.35502,43.25593],[5.35424,43.25574],[5.35345,43.25555],[5.35277,43.25526],[5.35207,43.25496],[5.35138,43.25467],[5.33761,43.24879],[5.33565,43.24795],[5.33299,43.24681],[5.32351,43.24276],[5.32312,43.24259],[5.31537,43.23928],[5.31181,43.23776],[5.30901,43.23657],[5.30292,43.23084],[5.29895,43.22711],[5.29814,43.22635],[5.29494,43.21862],[5.29461,43.21782],[5.28872,43.20353],[5.28838,43.20278],[5.28666,43.19138],[5.28506,43.18082],[5.28151,43.15729],[5.2822,43.14314],[5.28439,43.14815],[5.28332,43.06357],[5.28273,43.04457],[5.28126,43.04165],[5.27113,43.02151],[5.2682,43.01568],[5.26789,43.00702],[5.26731,42.99028],[5.26732,42.99017],[5.26915,42.96165],[5.26946,42.95054],[5.27132,42.94108],[5.27421,42.93317],[5.27662,42.92674],[5.28111,42.91243],[5.28485,42.90474],[5.31231,42.87114],[5.31281,42.87052]]}},{"type":"Feature","properties":{"osm_id":"way/761201745","name":"HYERES FESTOON 1","operator":null,"source_date":"2026-09-05T15:20:55Z"},"geometry":{"type":"LineString","coordinates":[[6.15758,43.02958],[6.16105,43.02637],[6.18167,43.02733],[6.19433,43.01117],[6.1995,43.00507],[6.20083,43.00532],[6.20215,43.00522],[6.20355,43.00477],[6.20432,43.00438]]}},{"type":"Feature","properties":{"osm_id":"way/761201746","name":"HYERES FESTOON 2","operator":null,"source_date":"2026-09-05T15:20:55Z"},"geometry":{"type":"LineString","coordinates":[[6.2047,43.0027],[6.205,43.004],[6.19503,43.01018],[6.19203,43.01202],[6.18915,43.01505],[6.19013,43.01747],[6.19185,43.02188],[6.19135,43.02267],[6.22333,43.02842],[6.2315,43.03422],[6.3711,43.02553],[6.37738,43.01985],[6.37712,43.00997],[6.37967,43.00947],[6.38045,43.00933],[6.38085,43.00925],[6.38093,43.00928],[6.38103,43.00933],[6.38113,43.0095],[6.38113,43.00972],[6.38103,43.01013]]}},{"type":"Feature","properties":{"osm_id":"way/761201747","name":"HYERES FESTOON 3","operator":null,"source_date":"2026-09-05T15:20:55Z"},"geometry":{"type":"LineString","coordinates":[[6.4340211,43.020209],[6.43408,43.02033],[6.43408,43.02072],[6.43405,43.02077],[6.43398,43.02087],[6.43388,43.02093],[6.43382,43.02097],[6.43375,43.02113],[6.43362,43.02135],[6.43345,43.02147],[6.43325,43.02212],[6.4308,43.02335],[6.40733,43.02862],[6.38295,43.02535],[6.37783,43.01033],[6.37963,43.0096],[6.38045,43.00932],[6.38085,43.00922],[6.38093,43.00923],[6.38103,43.0093],[6.38113,43.00947],[6.38113,43.00968],[6.38103,43.01013]]}},{"type":"Feature","properties":{"osm_id":"way/761201748","name":"HYERES FESTOON 4","operator":null,"source_date":"2026-09-05T15:20:55Z"},"geometry":{"type":"LineString","coordinates":[[6.4353,43.02137],[6.4354,43.02155],[6.4357,43.0222],[6.436,43.02363],[6.43598,43.02487],[6.4355,43.02577],[6.43537,43.02663],[6.3998,43.06705],[6.39337,43.1085],[6.37725,43.11845],[6.37333,43.12535],[6.37223,43.12805],[6.37128,43.12763],[6.3701,43.12837],[6.36972,43.12845],[6.36907,43.12877],[6.36738,43.12932],[6.3657,43.12963],[6.36493,43.12972]]}},{"type":"Feature","properties":{"osm_id":"way/761201749","name":"CORSICA HD","operator":null,"source_date":"2026-09-05T15:20:55Z"},"geometry":{"type":"LineString","coordinates":[[8.9097473,41.6778578],[8.90917,41.67833],[8.90915,41.67842],[8.90912,41.6785],[8.90907,41.67862],[8.90902,41.67873],[8.90897,41.6789],[8.90875,41.67935],[8.90838,41.67973],[8.90817,41.67995],[8.90777,41.6803],[8.9072,41.6805],[8.90673,41.68062],[8.90603,41.68077],[8.90532,41.68092],[8.90463,41.68107],[8.90403,41.68118],[8.90338,41.68133],[8.90167,41.6817],[8.90073,41.68192],[8.90017,41.68202],[8.89772,41.68255],[8.89058,41.68408],[8.8614,41.68622],[8.85835,41.68645],[8.85672,41.68642],[8.85487,41.68612],[8.83173,41.67888],[8.80918,41.67828],[8.7982,41.67842],[8.75207,41.68163],[8.74993,41.68163],[8.71643,41.67962],[8.70475,41.67978],[8.68968,41.6809],[8.672,41.68313],[8.66838,41.68268],[8.65437,41.67822],[8.64123,41.67402],[8.6387,41.67378],[8.6167,41.67523],[8.60338,41.67612],[8.59927,41.6772],[8.59475,41.67973],[8.57205,41.6989],[8.57012,41.70127],[8.55662,41.72582],[8.55413,41.7336],[8.55318,41.74598],[8.55457,41.7548],[8.56312,41.77548],[8.56947,41.78352],[8.58747,41.79977],[8.59167,41.8024],[8.61912,41.81557],[8.62768,41.81812],[8.63662,41.8194],[8.64253,41.81992],[8.6557,41.82055],[8.67108,41.8213],[8.70835,41.82312],[8.73813,41.825],[8.74105,41.82605],[8.74262,41.82708],[8.74457,41.82838],[8.74573,41.82878],[8.7468,41.82888],[8.75638,41.82835],[8.77287,41.83067],[8.7802,41.83113],[8.78135,41.83125],[8.7825,41.83125],[8.78372,41.83133],[8.78498,41.83145]]}},{"type":"Feature","properties":{"osm_id":"way/761201752","name":"ACE S1.1","operator":null,"source_date":"2026-09-05T15:20:55Z"},"geometry":{"type":"LineString","coordinates":[[-4.35378,47.8263],[-4.35457,47.82712],[-4.35465,47.82718],[-4.35472,47.82717],[-4.35497,47.82708],[-4.35492,47.82715],[-4.355,47.82728],[-4.35555,47.82763],[-4.35603,47.82793],[-4.35653,47.8282],[-4.3588,47.82913],[-4.3594,47.82933],[-4.35995,47.82958],[-4.36055,47.82997],[-4.36087,47.83048],[-4.36093,47.83057],[-4.361,47.83068],[-4.36112,47.8309],[-4.36122,47.83105],[-4.36127,47.8311],[-4.36148,47.83127],[-4.3615,47.83128],[-4.36165,47.83145],[-4.36182,47.83165],[-4.36193,47.83175],[-4.36208,47.83178],[-4.3624,47.8318],[-4.3627,47.83188],[-4.3633,47.83208],[-4.36422,47.83233],[-4.36452,47.83243],[-4.36708,47.83348],[-4.36738,47.83355],[-4.36802,47.83368],[-4.36897,47.83393],[-4.37188,47.83483],[-4.37232,47.83492],[-4.37413,47.83519],[-4.37509,47.83524],[-4.37527,47.83525],[-4.37657,47.83527],[-4.38036,47.83555],[-4.40778,47.8306],[-4.43498,47.82724],[-4.44635,47.82584],[-4.44718,47.82559],[-4.4612,47.8214],[-4.46705,47.81965],[-4.57847,47.78632],[-4.58957,47.78121],[-4.62475,47.75145],[-4.63834,47.73928],[-4.6408,47.73736],[-4.64102,47.73725],[-4.64313,47.73616],[-4.64606,47.73465],[-4.65049,47.73341],[-4.65407,47.73192],[-4.65572,47.73123],[-4.66409,47.72559],[-4.6642,47.72551],[-4.66791,47.72317],[-4.66808,47.72305],[-4.6706,47.72133],[-4.67124,47.72089],[-4.67502,47.7175],[-4.67675,47.7167],[-4.67685,47.71665],[-4.69154,47.70985],[-4.70677,47.70575],[-4.72379,47.70167],[-4.72939,47.70033],[-4.73523,47.69892],[-4.7353,47.6989],[-4.73599,47.69873],[-4.73787,47.69828],[-4.74123,47.69746],[-4.74126,47.69745],[-4.74411,47.69676],[-4.75625,47.69382],[-4.75685,47.69369],[-4.76331,47.69233],[-4.82182,47.67998],[-4.8349,47.67722],[-4.84289,47.67553],[-4.85702,47.67213],[-4.88958,47.66605],[-4.89133,47.66572],[-4.91182,47.66185],[-4.99029,47.64484],[-4.99241,47.64442],[-4.99684,47.64355]]}},{"type":"Feature","properties":{"osm_id":"way/761201753","name":"IMEWE Seg3.4","operator":null,"source_date":"2026-09-05T15:20:55Z"},"geometry":{"type":"LineString","coordinates":[[5.3757307,43.2584829],[5.37571,43.25849],[5.37565,43.25851],[5.3756,43.25851],[5.37554,43.25851],[5.37542,43.2585],[5.37505,43.25842],[5.37315,43.25814],[5.37298,43.25811],[5.3727,43.2581],[5.3725,43.25805],[5.37061,43.25778],[5.37002,43.25774],[5.36952,43.25764],[5.36917,43.25759],[5.36906,43.25758],[5.36905,43.25758],[5.36856,43.25756],[5.36836,43.25749],[5.36809,43.25739],[5.36795,43.25737],[5.36761,43.25734],[5.3671,43.25726],[5.36658,43.25716],[5.36619,43.2571],[5.36615,43.25709],[5.3661,43.25709],[5.36597,43.25708],[5.36551,43.25701],[5.36547,43.257],[5.36507,43.25694],[5.36496,43.25691],[5.36452,43.25684],[5.36451,43.25684],[5.3645,43.25684],[5.36443,43.25681],[5.36384,43.25677],[5.36332,43.25662],[5.36323,43.25661],[5.36317,43.2566],[5.3629,43.25657],[5.36276,43.25656],[5.36272,43.25656],[5.36248,43.25649],[5.36196,43.2563],[5.36183,43.25626],[5.3615,43.25612],[5.36102,43.25591],[5.36052,43.25572],[5.35998,43.25545],[5.3595,43.25526],[5.35946,43.25525],[5.35941,43.25519],[5.35879,43.25494],[5.35835,43.25475],[5.3578,43.25451],[5.35695,43.2541],[5.35651,43.25389],[5.35588,43.25358],[5.35525,43.25333],[5.3552,43.25331],[5.35463,43.25306],[5.35406,43.25281],[5.35338,43.25254],[5.35306,43.25236],[5.35237,43.2521],[5.3448,43.24878],[5.33919,43.24641],[5.32938,43.24225],[5.32775,43.24156],[5.31759,43.23691],[5.31747,43.23682],[5.31485,43.2348],[5.31101,43.23172],[5.30814,43.22942],[5.30622,43.22788],[5.30228,43.22401],[5.29997,43.22174],[5.29942,43.22102],[5.29918,43.22044],[5.2991,43.22024],[5.29838,43.21749],[5.29814,43.21659],[5.29782,43.21542],[5.29723,43.21332],[5.2963,43.20999],[5.29701,43.18976],[5.29732,43.18534],[5.29807,43.17467],[5.29864,43.16659],[5.30208,43.15539],[5.30666,43.14051],[5.30692,43.139],[5.31083,43.11654],[5.31162,43.1107],[5.3155,43.08183],[5.321,43.0695],[5.32203,43.05965],[5.32217,43.05833],[5.32367,43.05484],[5.3268,43.04759],[5.32792,43.045],[5.32861,43.02917],[5.32877,43.02547],[5.32818,43.02024],[5.32156,43.00981],[5.31987,43.00469],[5.32039,42.99659],[5.32925,42.9797],[5.33035,42.97467],[5.33005,42.97387],[5.32641,42.96438],[5.32533,42.95833],[5.32672,42.9531],[5.3306,42.9476],[5.33845,42.94216],[5.35461,42.93342],[5.37416,42.92071],[5.38305,42.91493],[5.39726,42.89273],[5.3924,42.88486],[5.38487,42.87266],[5.38389,42.87106]]}},{"type":"Feature","properties":{"osm_id":"way/761201757","name":"AMITIE","operator":null,"source_date":"2026-09-05T15:20:55Z"},"geometry":{"type":"LineString","coordinates":[[5.05475,43.32847],[5.05545,43.32788],[5.05633,43.32692],[5.05685,43.32307],[5.05892,43.32132],[5.06012,43.31868],[5.06028,43.31857],[5.06183,43.31805],[5.06315,43.31747],[5.06453,43.31668],[5.06588,43.31582],[5.06725,43.31473],[5.06208,43.29895],[5.06042,43.29728],[5.05402,43.29048],[5.04787,43.28257],[5.03237,43.25537],[5.02542,43.23395],[5.02333,43.23083],[5.02317,43.2305],[5.0175,43.22083],[5.01017,43.20723],[4.97708,43.16062],[4.92375,43.09562],[4.88042,43.02562],[4.87375,43.01228],[4.85708,42.99895],[4.84832,42.98938],[4.85377,42.95728],[4.85377,42.87893],[4.85208,42.85393],[4.85202,42.83122],[4.84742,42.83098],[4.85467,42.81167],[4.85308,42.79693],[4.85208,42.7106],[4.85043,42.62727],[4.8521,42.54393],[4.8571,42.46143],[4.85043,42.37893],[4.8521,42.29893],[4.8521,42.21393],[4.8521,42.12892],[4.85212,42.04558],[4.85212,42.02892],[4.85212,42.01227],[4.85043,41.93058],[4.85043,41.84392],[4.84878,41.75725],[4.84878,41.71392],[4.85545,41.67558],[4.83045,41.59558],[4.79212,41.51558],[4.77212,41.43558],[4.75212,41.35557],[4.72712,41.27392],[4.70378,41.19057],[4.69878,41.16557],[4.70378,41.10723],[4.71212,41.02223],[4.71547,40.93557],[4.72547,40.85057],[4.72878,40.76388],[4.73212,40.67723],[4.7338,40.65888],[4.73547,40.64057],[4.74213,40.55557],[4.7488,40.47057],[4.7538,40.38722],[4.7588,40.30055],[4.76713,40.21555],[4.77213,40.12888],[4.77713,40.04388],[4.78548,39.95888],[4.79048,39.87388],[4.79548,39.79053],[4.80548,39.73388],[4.79882,39.70553],[4.77715,39.62387],[4.75382,39.54053],[4.72882,39.4572],[4.71215,39.37387],[4.68882,39.29053],[4.68548,39.2722],[4.68215,39.25387],[4.66215,39.1722],[4.64048,39.08887],[4.63382,39.06887],[4.56215,39.0272],[4.46548,38.98218],[4.37215,38.93718],[4.28048,38.88887],[4.18882,38.84385],[4.10217,38.79885],[4.01215,38.75552],[3.92215,38.70718],[3.82548,38.66385],[3.74048,38.61885],[3.65048,38.57052],[3.55882,38.52718],[3.52382,38.50718],[3.48713,38.46383],[3.43213,38.39552],[3.41882,38.37883],[3.40548,38.36383],[3.34382,38.29383],[3.29548,38.2205],[3.24882,38.16883],[3.23048,38.15883],[3.13382,38.12217],[3.04048,38.07883],[2.94548,38.03717],[2.85213,37.99548],[2.76047,37.95548],[2.67547,37.90882],[2.59213,37.86548],[2.50047,37.83048],[2.40047,37.79882],[2.30213,37.76382],[2.21263,37.72598],[2.15683,37.697],[2.1248,37.68748],[2.02313,37.64382],[2.00463,37.63465],[1.9838,37.62632],[1.88963,37.58632],[1.7988,37.54548],[1.7088,37.50382],[1.61213,37.46882],[1.52378,37.42047],[1.43547,37.37713],[1.34878,37.33547],[1.26378,37.2888],[1.17378,37.25213],[1.08047,37.21547],[0.99047,37.18213],[0.90045,37.14713],[0.80878,37.11378],[0.71628,37.07878],[0.62712,37.04212],[0.60628,37.03297],[0.52378,37.03212],[0.50295,37.03212],[0.48045,37.03212],[0.37795,37.03128],[0.29712,37.03128],[0.26878,37.02545],[0.18578,36.98295],[0.09593,36.94412],[0.00493,36.90545],[-0.08507,36.86478],[-0.17788,36.82378],[-0.26957,36.78543],[-0.35623,36.74543],[-0.44623,36.70543],[-0.53623,36.66712],[-0.62373,36.62462],[-0.71623,36.58543],[-0.8079,36.54793],[-0.8979,36.50877],[-0.9829,36.4621],[-0.99623,36.45543],[-1.01457,36.4421],[-1.1079,36.40877],[-1.19457,36.36877],[-1.29457,36.34208],[-1.38957,36.31208],[-1.4779,36.27208],[-1.5679,36.23208],[-1.6529,36.19042],[-1.73457,36.14208],[-1.83123,36.10708],[-1.92707,36.07792],[-2.03042,36.08125],[-2.13292,36.08625],[-2.23458,36.09125],[-2.33792,36.09542],[-2.43625,36.09675],[-2.54208,36.10592],[-2.56442,36.10775],[-2.58658,36.10925],[-2.69192,36.11558],[-2.78458,36.12707],[-2.79558,36.11858],[-2.89792,36.12542],[-2.99792,36.11373],[-3.09292,36.08373],[-3.18793,36.05373],[-3.2846,36.02457],[-3.3746,35.99207],[-3.46627,35.95957],[-3.52127,35.93957],[-3.5671,35.93623],[-3.65877,35.91623],[-3.77127,35.90873],[-3.87293,35.90373],[-3.96293,35.88873],[-4.0646,35.88207],[-4.17127,35.8754],[-4.19127,35.87373],[-4.21127,35.87207],[-4.31293,35.86538],[-4.41793,35.85538],[-4.45127,35.85205],[-4.51293,35.83205],[-4.59795,35.80538],[-4.61295,35.80372],[-4.71712,35.79205],[-4.74645,35.80772],[-4.75245,35.74872],[-4.80128,35.73205],[-4.83612,35.71538],[-4.93462,35.69872],[-5.01828,35.66538],[-5.08612,35.63205],[-5.18378,35.63288],[-5.18528,35.63205],[-5.23545,35.63088],[-5.25545,35.62388],[-5.37297,35.62]]}},{"type":"Feature","properties":{"osm_id":"way/761228534","name":"Yellow","operator":"Level 3 Global Submarine","source_date":"2026-09-05T15:20:55Z"},"geometry":{"type":"LineString","coordinates":[[-4.5525,50.83555],[-4.5538692,50.8355551]]}},{"type":"Feature","properties":{"osm_id":"way/761228536","name":"TAT 11","operator":"Cable & Wireless","source_date":"2026-09-05T15:20:55Z"},"geometry":{"type":"LineString","coordinates":[[-25.205983,47.609233],[-74.1384901,39.6723144]]}},{"type":"Feature","properties":{"osm_id":"way/804551747","name":"Baltic Sea Submarine Cable","operator":"CITIC Telecom","source_date":"2026-09-05T15:20:55Z"},"geometry":{"type":"LineString","coordinates":[[19.654869,59.7940694],[19.665443,59.7934481],[19.7000098,59.7844982],[19.75716,59.7809817],[19.8069601,59.7850316],[19.8129899,59.784669],[20.0005519,59.7732288],[20.2550812,59.7573147],[20.2916616,59.7549828],[20.3392375,59.7552889],[20.4203333,59.7566667],[20.5,59.7391667],[20.6496667,59.7418333],[20.7833333,59.7198333],[20.8663333,59.7318333],[21.0,59.7366667],[21.0166667,59.7427778],[21.0376667,59.7503333],[21.15,59.7277778],[21.176,59.7226667],[21.2401667,59.7388333],[21.3083333,59.77525],[21.3131667,59.7779167],[21.3605,59.7844167]]}},{"type":"Feature","properties":{"osm_id":"way/804551782","name":"Eastern Light Sweden-Finland I","operator":"Eastern Light","source_date":"2026-09-05T15:20:55Z"},"geometry":{"type":"LineString","coordinates":[[21.3659121,59.7852737],[21.3649852,59.7851053],[21.3640689,59.7848489],[21.3626729,59.7848233],[21.3612195,59.7848399],[21.3597078,59.7848283],[21.3569044,59.7845849],[21.3498761,59.7839033],[21.3471361,59.7836967],[21.3415812,59.7831916],[21.3352011,59.7831733],[21.3258895,59.7822883],[21.3230745,59.7822832],[21.3199144,59.7822132],[21.3127944,59.78093],[21.3127112,59.78086],[21.3066111,59.7788483],[21.3029545,59.778935],[21.3003693,59.7778034],[21.298056,59.7766301],[21.2979011,59.7765233],[21.2962528,59.7756883],[21.2950512,59.7736933],[21.2857178,59.7705434],[21.2851128,59.770325],[21.2795328,59.7674367],[21.2729777,59.7645683],[21.2705727,59.7634933],[21.2622327,59.7600734],[21.2598827,59.7586367],[21.2575944,59.7571033],[21.2462044,59.7530517],[21.2441494,59.7522666],[21.2356443,59.7470499],[21.2343843,59.7463916],[21.2312511,59.7449799],[21.226951,59.7430933],[21.223086,59.7397117],[21.2222961,59.7390267],[21.2184493,59.7367416],[21.2144527,59.7336116],[21.2139544,59.7322333],[21.213946,59.7321366],[21.2091077,59.72622],[21.2068826,59.7240734],[21.2038944,59.72108],[21.1983259,59.71626],[21.1977428,59.7157416],[21.1924926,59.7098066],[21.190901,59.7081583],[21.1846727,59.7019149],[21.183031,59.7001934],[21.1776643,59.6948832],[21.1758894,59.6920716],[21.174141,59.6895434],[21.1686627,59.6839366],[21.1681877,59.6834267],[21.1520294,59.6817266],[21.1503877,59.6815516],[21.1433843,59.6812267],[21.1383359,59.6807699],[21.134551,59.6808917],[21.1327993,59.6809416],[21.1239327,59.6803099],[21.1171293,59.6798549],[21.114176,59.6796084],[21.1094243,59.6792951],[21.0996326,59.6785767],[21.0984376,59.6785284],[21.0845676,59.6784383],[21.0818975,59.6783183],[21.0767525,59.6778782],[21.0643308,59.677005],[21.060321,59.6767416],[21.0541041,59.6764166],[21.0469691,59.67567],[21.0466125,59.675685],[21.0438909,59.675355],[21.0408275,59.6751916],[21.0357059,59.6750449],[21.0313842,59.6751651],[21.0293809,59.6750566],[21.0266758,59.6748517],[21.0228875,59.6744549],[21.0195408,59.674085],[21.0118708,59.6736782],[21.0096993,59.673525],[20.9943041,59.6725334],[20.9917458,59.6723633],[20.9769875,59.670925],[20.9766491,59.6708417],[20.9682274,59.669665],[20.9595291,59.6694283],[20.9541075,59.6691899],[20.9443708,59.6687266],[20.9418858,59.668595],[20.9370441,59.6683799],[20.9243925,59.6673133],[20.9196557,59.6669067],[20.9071808,59.6656034],[20.9070691,59.6655617],[20.8928857,59.6646433],[20.8894657,59.6646267],[20.8836524,59.6647916],[20.8787541,59.6646533],[20.8731457,59.6641984],[20.8718741,59.6640933],[20.8704823,59.6638916],[20.868514,59.6638317],[20.8654957,59.6631667],[20.8592223,59.6625583],[20.8561007,59.6629617],[20.8546006,59.6629366],[20.8515124,59.66273],[20.8403123,59.6618132],[20.8385523,59.661335],[20.837264,59.66121],[20.8285356,59.6606634],[20.8233123,59.6606216],[20.819809,59.6600216],[20.8188439,59.6597183],[20.8102772,59.65962],[20.8027223,59.6582866],[20.802539,59.6582716],[20.7948323,59.6583167],[20.7875239,59.6578301],[20.7849323,59.6577651],[20.781754,59.6576549],[20.7717373,59.6567651],[20.7674872,59.6563733],[20.7674473,59.6563916],[20.7559522,59.6561416],[20.7522539,59.6552084],[20.7503189,59.6549883],[20.7453889,59.6547966],[20.7326372,59.6543667],[20.7263056,59.6541049],[20.7183323,59.6536],[20.7150622,59.653465],[20.7113505,59.65322],[20.7064988,59.6526967],[20.7025056,59.6524766],[20.7003005,59.65261],[20.6992055,59.6524684],[20.6976289,59.6521384],[20.6958488,59.6515266],[20.6866488,59.6506084],[20.6803438,59.6507183],[20.6769438,59.6507017],[20.6717671,59.65023],[20.6655254,59.6489516],[20.6632505,59.6489133],[20.6606888,59.6490232],[20.6442722,59.6474166],[20.641817,59.6473717],[20.6340521,59.6467099],[20.6285037,59.6464016],[20.6255921,59.64621],[20.6240838,59.6460684],[20.6187754,59.6465767],[20.611227,59.6457049],[20.6054354,59.6450333],[20.6031287,59.6444349],[20.5991638,59.644195],[20.5940254,59.6439434],[20.5928354,59.6438782],[20.5888721,59.643825],[20.5861804,59.6428832],[20.5831786,59.6428166],[20.5768703,59.6424216],[20.569042,59.6419083],[20.564132,59.6413849],[20.5594887,59.64096],[20.5594319,59.6411233],[20.557522,59.6414533],[20.5524504,59.6418],[20.542322,59.6409482],[20.5384002,59.6406599],[20.5337587,59.6409516],[20.5282435,59.6405717],[20.5249336,59.6399933],[20.5208052,59.63936],[20.5076136,59.6383001],[20.4983169,59.6376],[20.4902318,59.6367616],[20.4826152,59.6359966],[20.4768785,59.6355783],[20.4728601,59.63522],[20.4677552,59.6348433],[20.4626252,59.6346417],[20.4593134,59.6342],[20.4553585,59.6340533],[20.4546568,59.6341249],[20.4460019,59.6344549],[20.4413968,59.634075],[20.4378235,59.6338166],[20.4336518,59.6334616],[20.4263818,59.6327183],[20.4229517,59.6325033],[20.4206185,59.6320349],[20.4188618,59.6316633],[20.4140317,59.63114],[20.4111033,59.63116],[20.4069601,59.6310467],[20.4035567,59.63082],[20.4031667,59.6307749],[20.39006,59.6299699],[20.3856549,59.6296932],[20.3853368,59.6297033],[20.37655,59.6294316],[20.36801,59.6288816],[20.3649133,59.6286716],[20.360625,59.6283482],[20.35895,59.628215],[20.355415,59.6274016],[20.3507349,59.6270583],[20.33572,59.6259233],[20.3332183,59.6257384],[20.3309565,59.6255867],[20.3249682,59.6247067],[20.3185565,59.6243],[20.31592,59.6239582],[20.3153383,59.6239033],[20.2973599,59.6230483],[20.2807382,59.6220483],[20.2790764,59.6219683],[20.2632164,59.6207749],[20.2579731,59.6203983],[20.2500998,59.6199149],[20.2455814,59.6199017],[20.2446781,59.6199217],[20.2402998,59.6189466],[20.2360131,59.6185867],[20.2283798,59.6181899],[20.2280597,59.6181566],[20.218973,59.6178433],[20.210708,59.617695],[20.208198,59.6176467],[20.2006281,59.6162583],[20.1935946,59.6156615],[20.1847113,59.6149083],[20.1760762,59.6143016],[20.1741346,59.6142316],[20.1632946,59.6133699],[20.1586079,59.6129466],[20.1510312,59.6123067],[20.1442412,59.6120734],[20.1410512,59.6120467],[20.1386229,59.6120367],[20.1329529,59.6116565],[20.1309629,59.6109434],[20.1238412,59.6104882],[20.1095761,59.6093384],[20.1063629,59.6092816],[20.1056995,59.6092683],[20.1003978,59.6092417],[20.0961795,59.6079249],[20.0894228,59.6074316],[20.0884662,59.6073117],[20.0819145,59.6070966],[20.0718477,59.606545],[20.0689795,59.6063666],[20.0623494,59.6054399],[20.054361,59.6055315],[20.0488227,59.6055632],[20.0448677,59.6051899],[20.0397126,59.6031117],[20.0381593,59.6029867],[20.0270827,59.6027717],[20.0204592,59.6028982],[20.0200959,59.6029283],[20.0077709,59.6017149],[20.0030692,59.6013383],[19.9937843,59.6007349],[19.9854108,59.6006565],[19.9834758,59.6006467],[19.9764509,59.5994399],[19.9740125,59.5985999],[19.9708226,59.5981632],[19.9687425,59.598145],[19.9685409,59.5982832],[19.9661959,59.5987299],[19.9649174,59.5987032],[19.9617275,59.5985833],[19.9513491,59.5974282],[19.9446191,59.5966449],[19.938664,59.5966665],[19.938465,59.5965742]]}},{"type":"Feature","properties":{"osm_id":"way/823270845","name":"Solveig Umbilical","operator":"Lundin Energy Norway AS","source_date":"2026-09-05T15:20:55Z"},"geometry":{"type":"LineString","coordinates":[[2.20264,58.686429],[2.2026976,58.6862034],[2.2026944,58.686186]]}},{"type":"Feature","properties":{"osm_id":"way/823270846","name":"TAMPNET 3","operator":"Tampnet AS","source_date":"2026-09-05T15:20:55Z"},"geometry":{"type":"LineString","coordinates":[[1.9061333,58.3663],[1.90555,58.3657],[1.9086,58.3642333],[1.9089833,58.3638667],[1.9096,58.3625333],[1.9096,58.3622],[1.909,58.3612],[1.9081167,58.3606167],[1.9047667,58.3593667],[1.898,58.35825],[1.8968,58.35825],[1.8952333,58.3585333],[1.88815,58.3610667],[1.8809333,58.3641167],[1.8760333,58.3659833],[1.87145,58.36705],[1.8432333,58.37225],[1.8339333,58.37375],[1.71515,58.3950667],[1.7062167,58.396],[1.68725,58.4001667],[1.6848167,58.4009833],[1.68195,58.40255],[1.67975,58.40465],[1.6785833,58.4066833],[1.6658833,58.446],[1.6634167,58.4577833],[1.66055,58.4625167],[1.65035,58.4941167],[1.6486833,58.4969667],[1.647,58.50195],[1.6465333,58.5063833],[1.6455,58.5666333],[1.6462667,58.5687833],[1.64825,58.57085],[1.6581667,58.5771167],[1.6625333,58.5787333],[1.6657,58.57895],[1.6665,58.5791833],[1.6696667,58.5810833],[1.674,58.5852333],[1.6760167,58.58695],[1.6775,58.5879],[1.68745,58.5925],[1.7052333,58.5978667],[1.7255167,58.6032667],[1.87185,58.6377667],[2.0855333,58.6874333],[2.0986667,58.6892667],[2.11615,58.6902333],[2.1259667,58.69105],[2.1424,58.6921333],[2.2098667,58.6993],[2.21845,58.70045],[2.2261333,58.70335],[2.22775,58.7042],[2.2284667,58.7048],[2.2320333,58.7082],[2.2349,58.7121833],[2.23635,58.7156333],[2.2361333,58.7242167],[2.2366833,58.725],[2.2405833,58.7265333],[2.24025,58.7268167],[2.2366,58.72815],[2.2356667,58.7293167],[2.2302333,58.7998167],[2.2302333,58.8031333],[2.2293,58.8113],[2.2281667,58.8255167],[2.23,58.8306333],[2.2308333,58.8374833],[2.2316167,58.8389167],[2.232,58.8393167],[2.2324106,58.8394811],[2.2326761,58.8395269],[2.23335,58.8395667],[2.2368953,58.8393812],[2.2372046,58.839369],[2.2345617,58.8402007],[2.23345,58.84065],[2.2330543,58.840948],[2.2329167,58.8411333],[2.2328746,58.8413297],[2.23295,58.8415833],[2.2337705,58.842798],[2.2339,58.8429333],[2.2343203,58.8432233],[2.234838,58.8434322],[2.2352,58.8435333],[2.2366405,58.8437034],[2.2368833,58.8437],[2.2383289,58.8435529],[2.2389807,58.8435355],[2.2410167,58.8433333],[2.2428846,58.8429971],[2.2460833,58.8424]]}},{"type":"Feature","properties":{"osm_id":"way/823270852","name":"TAMPNET (BU4-BU5)","operator":"Tampnet AS","source_date":"2026-09-05T15:20:55Z"},"geometry":{"type":"LineString","coordinates":[[2.5449894,58.8359441],[2.5431331,58.8370586],[2.542086,58.8377425],[2.541902,58.8377969],[2.5414656,58.8378247],[2.5409563,58.8377793],[2.5405788,58.8376636],[2.5403543,58.8375552],[2.5401657,58.8372522],[2.5401882,58.8370442],[2.5408434,58.8363232],[2.5408482,58.8361258],[2.5407251,58.8359903],[2.5405185,58.8358736],[2.5399177,58.8356754],[2.5386096,58.8353636],[2.5356594,58.8345114],[2.5277494,58.8323382],[2.5272185,58.8322056],[2.5255244,58.8319443],[2.52014,58.8312485],[2.5131129,58.8302953],[2.5119928,58.829961],[2.5010021,58.826902],[2.4913572,58.8241482],[2.4896343,58.8239017],[2.4874904,58.8236492],[2.4864914,58.8235804],[2.4827728,58.8236582],[2.4822793,58.8236947],[2.4724264,58.8254564],[2.466788,58.8261466],[2.466238,58.8263462],[2.4653291,58.8267471],[2.4650085,58.8269564],[2.4647837,58.8271688],[2.4645435,58.8275246],[2.4643183,58.82806],[2.4641607,58.8289398]]}},{"type":"Feature","properties":{"osm_id":"way/823270857","name":"Sleipnir-Grane FOC","operator":"Equinor","source_date":"2026-09-05T15:20:55Z"},"geometry":{"type":"LineString","coordinates":[[2.4289745,59.1060632],[2.3959767,59.0142452],[2.3888749,59.0070273],[2.3864359,59.0],[2.3834111,58.9912849],[2.3847701,58.9833882],[2.3818394,58.9750849],[2.3788193,58.9708674],[2.3409653,58.9440608],[2.3340136,58.9413758],[2.3259487,58.9397085],[2.2914302,58.9375752],[2.2833698,58.9359052],[2.2764225,58.9332171],[2.2710611,58.9296844],[2.2676901,58.9255521],[2.1632686,58.7538436],[2.1591627,58.7498921],[2.1486737,58.7428536],[2.1445724,58.7388927],[2.0174942,58.5281514],[2.0,58.4989232],[1.9949313,58.4904549],[1.9702452,58.4491126],[1.9696946,58.4483271],[1.9691729,58.4474116],[1.9689507,58.4470753],[1.9687714,58.4468498],[1.9684311,58.4462155],[1.9682995,58.4459564],[1.9679303,58.4453824],[1.9677195,58.4450973],[1.9536482,58.4212641],[1.9340233,58.3882682],[1.9302985,58.3842311],[1.9182725,58.3753365],[1.913465,58.372197],[1.9122709,58.3713964],[1.9118499,58.3711368],[1.9117801,58.3711139],[1.9116773,58.3710186],[1.9112404,58.3708218],[1.9111032,58.3706769],[1.911195,58.3704037],[1.9112975,58.3702025],[1.9115768,58.3699399],[1.9120336,58.3693375],[1.9123059,58.3689222],[1.9125348,58.368704],[1.9126325,58.3685297],[1.9127083,58.3682923],[1.912823,58.3681227],[1.9128169,58.3680956],[1.9127719,58.3680458],[1.9126027,58.3679905],[1.912505,58.3679044],[1.9113879,58.3674188],[1.9106327,58.3670127],[1.9095637,58.3665993],[1.9090201,58.3662669],[1.9088838,58.3661102],[1.9088707,58.3660191],[1.908893,58.3657808],[1.909021,58.3654091],[1.9089715,58.3649685],[1.908891,58.3648062],[1.908773,58.3646839],[1.9086926,58.3646383],[1.90845,58.3645734],[1.9082156,58.3645848],[1.9080518,58.3646329],[1.9075954,58.364849],[1.9071189,58.3651099],[1.9067102,58.3652861],[1.9063037,58.3653365],[1.9057835,58.3655252],[1.9056213,58.365672],[1.9056035,58.3657438],[1.90564,58.3658427],[1.9056401,58.365843],[1.9057454,58.365974],[1.9058964,58.3660852],[1.9061819,58.3662337]]}},{"type":"Feature","properties":{"osm_id":"way/823270876","name":"TAMPNET (BU4-BU5)","operator":"Tampnet AS","source_date":"2026-09-05T15:20:55Z"},"geometry":{"type":"LineString","coordinates":[[2.2372046,58.839369],[2.2389322,58.8390516],[2.2397145,58.8388528],[2.2399257,58.8387802],[2.2414558,58.8379684],[2.2425207,58.8374952],[2.2429411,58.8373329],[2.2440247,58.8370326],[2.2449455,58.8368337],[2.2457028,58.836721],[2.2502034,58.836307],[2.2530912,58.8362237],[2.2572987,58.8362754],[2.2711542,58.8356869],[2.2862919,58.8348839],[2.2921052,58.8346054],[2.3177063,58.8334097],[2.3249378,58.8330424],[2.3338215,58.832662],[2.3382347,58.8324265],[2.3452974,58.8321101],[2.3477645,58.8319444],[2.3546247,58.8316063],[2.3613042,58.8313284],[2.3681562,58.8309695],[2.3819172,58.8303372],[2.4366865,58.8276733],[2.4540541,58.8268834],[2.4592872,58.8270378],[2.4601774,58.8271067],[2.4612557,58.8272371],[2.4616269,58.8273105],[2.4622421,58.827526],[2.462813,58.8278134],[2.4634267,58.8282024],[2.4638778,58.8285535],[2.4641607,58.8289398],[2.4641877,58.828988],[2.4647282,58.8299612],[2.4650612,58.8301741],[2.4654946,58.8303304],[2.4660443,58.8304603],[2.4675049,58.8306668],[2.4724047,58.8312007],[2.5449894,58.8359441]]}},{"type":"Feature","properties":{"osm_id":"way/904093057","name":"CNS FIBRE OPTIC","operator":"BP (Central North Sea Fibre Telecommunications Company Limited)","source_date":"2026-09-05T15:20:55Z"},"geometry":{"type":"LineString","coordinates":[[-1.862683,57.399167],[-1.8612,57.399817],[-1.839133,57.40595],[-1.83885,57.406433],[-1.838433,57.406283],[-1.830867,57.407217],[-1.8259,57.407283],[-1.821767,57.407033],[-1.815583,57.4059],[-1.809083,57.40515],[-1.805833,57.405067],[-1.799717,57.40535],[-1.793833,57.404067],[-1.787633,57.404467],[-1.716783,57.406983],[-1.643533,57.410383],[-1.60455,57.410167],[-1.5415,57.408317],[-1.536009,57.4081193],[-1.513733,57.407317],[-1.502283,57.4084],[-1.495683,57.40975],[-1.462217,57.420583],[-1.45635,57.423017],[-1.44845,57.425917],[-1.3946,57.444183]]}},{"type":"Feature","properties":{"osm_id":"way/904093058","name":"SHEFA-2 Seg 9","operator":"FOROYA TELE","source_date":"2026-09-05T15:20:55Z"},"geometry":{"type":"LineString","coordinates":[[-2.552633,57.6704],[-2.5486,57.681267],[-2.5387,57.72505],[-2.543317,57.758883],[-2.547683,57.866717],[-2.542383,57.893433]]}},{"type":"Feature","properties":{"osm_id":"way/904093620","name":"Pangea North UK/Denmark","operator":"ASN","source_date":"2026-09-05T15:20:55Z"},"geometry":{"type":"LineString","coordinates":[[-1.0335,54.604083],[-1.031117,54.605867],[-0.9901,54.617683],[-0.975433,54.617683],[-0.903133,54.639917],[-0.875267,54.64835],[-0.8312,54.661367],[-0.790767,54.6748],[-0.7418,54.693617],[-0.70965,54.704217],[-0.666633,54.723867],[-0.639167,54.72745],[-0.5851045,54.7451325]]}},{"type":"Feature","properties":{"osm_id":"way/904093621","name":"CANTAT 3 F4","operator":"BT","source_date":"2026-09-05T15:20:55Z"},"geometry":{"type":"LineString","coordinates":[[-1.0352,54.60495],[-0.985217,54.62905],[-0.983683,54.6294],[-0.979417,54.629933],[-0.97985,54.630533],[-0.978717,54.631333],[-0.968717,54.634083],[-0.946567,54.644017],[-0.889133,54.6667],[-0.8203,54.68995],[-0.813933,54.692567],[-0.81035,54.6934],[-0.7974,54.697633],[-0.794867,54.697333],[-0.793117,54.696833],[-0.792517,54.699333],[-0.766033,54.708167],[-0.7614,54.709833],[-0.760483,54.709383],[-0.7606,54.709567],[-0.760817,54.710033],[-0.6222947,54.7567504]]}},{"type":"Feature","properties":{"osm_id":"way/904093756","name":"UK-Germany 6","operator":"BT","source_date":"2026-09-05T15:20:55Z"},"geometry":{"type":"LineString","coordinates":[[0.0504366,54.3198317],[-0.043467,54.286183],[-0.176317,54.214983],[-0.190617,54.207483],[-0.234317,54.195017],[-0.239233,54.195367],[-0.2619,54.1989],[-0.28475,54.208717]]}},{"type":"Feature","properties":{"osm_id":"way/904093757","name":"Tata North Europe","operator":"Tata Telecoms","source_date":"2026-09-05T15:20:55Z"},"geometry":{"type":"LineString","coordinates":[[-0.270217,54.17995],[-0.25165,54.18115],[-0.216017,54.182783],[-0.114783,54.191183],[-0.095867,54.1944],[-0.064167,54.202433],[-0.041533,54.211333],[-0.023767,54.2227],[0.020783,54.25885],[0.040067,54.27365],[0.0641,54.303733],[0.068517,54.319133]]}},{"type":"Feature","properties":{"osm_id":"way/904208455","name":"STRATOS 1","operator":"Bae/BT","source_date":"2026-09-05T15:20:55Z"},"geometry":{"type":"LineString","coordinates":[[1.140233,52.9487],[1.140067,52.94925],[1.146067,52.959367],[1.166983,52.968933],[1.1939,52.980033],[1.459117,53.10705],[1.466867,53.110417]]}},{"type":"Feature","properties":{"osm_id":"way/967781385","name":"Baltika (Kingisepp - Kaliningrad)","operator":"Rostelecom","source_date":"2026-09-05T15:20:55Z"},"geometry":{"type":"LineString","coordinates":[[26.4748151,59.9473283],[26.4451028,59.9635667],[26.4244444,59.9733333],[26.3886556,59.9903],[26.3622389,59.9992694],[26.3557222,60.0026194],[26.35,60.0041667],[26.3376667,60.0076667],[26.3033333,60.0005556],[26.2795,59.9956667],[26.1491667,59.9808333],[26.0753333,59.9516667],[26.0,59.9105556],[25.9695,59.8938333],[25.9248333,59.8791667],[25.6776667,59.879],[25.6301667,59.8828333],[25.5501667,59.8798333],[25.4008333,59.8866667],[25.2965,59.886],[25.2166667,59.8916667],[25.1833333,59.894],[25.0133333,59.8797222],[24.9813333,59.877],[24.885,59.8575],[24.8688333,59.8596667],[24.8135,59.8501667],[24.789,59.8395],[24.7631667,59.8383333],[24.73,59.8283333],[24.6166667,59.795],[24.5741667,59.7816667],[24.5591667,59.7771667],[24.4531667,59.7606667],[24.3991667,59.7365],[24.0833333,59.6611111],[24.0086667,59.6431667],[24.0,59.6419444],[23.4575,59.56],[23.2175,59.5333333],[23.201,59.5315],[23.1708333,59.5318333],[23.1085,59.5151667],[23.0721667,59.5116667],[23.0,59.4955556],[22.9526667,59.4851667],[22.7833333,59.4663889],[22.7471667,59.4625],[22.579,59.4355],[22.5666667,59.4311111],[22.5635,59.4298333],[22.3261667,59.394],[22.2905,59.3975],[22.2336667,59.4485],[22.1948333,59.4515],[22.1191667,59.433],[22.0,59.4122222],[21.9375,59.4015],[21.7633333,59.3766667],[21.75,59.375],[21.7385,59.3731667],[21.7063333,59.3648333],[21.15,59.2872222],[21.1375,59.2853333],[21.0827778,59.2666667],[21.0201667,59.2453333],[20.9831667,59.223],[20.9371667,59.1695],[20.7746667,59.1111667],[20.726,59.0876667],[20.5,58.965],[20.4806667,58.9545],[20.4406667,58.9196667],[20.2365,58.7418333],[20.2455,58.7155],[20.3335,58.6796667],[20.343,58.6563333],[20.2886111,58.55],[20.2630556,58.5],[20.2208333,58.4166667],[20.0018333,57.9833333],[19.7519444,57.7166667],[19.75,57.7144444],[19.6281667,57.5838333],[19.6277778,57.5833333],[19.5263333,57.4401667],[19.5116667,57.3666667],[19.475,57.1668333],[19.5075,57.1333333],[19.5561111,57.0833333],[19.5594444,57.08],[19.6233333,57.0141667],[19.5533333,56.8833333],[19.5077778,56.8],[19.4986111,56.7833333],[19.479,56.7466667],[19.4166667,56.7036111],[19.3,56.6225],[19.0881667,56.4751667],[19.0833333,56.4730556],[18.6647222,56.3],[18.6128333,56.2785],[18.6108333,55.9206667],[18.8333333,55.9022222],[18.9485639,55.8926806],[18.9997139,55.8884278],[19.0312778,55.8786278],[19.0662278,55.8665778],[19.0759944,55.8636611],[19.0833333,55.8611111],[19.0904111,55.8587278],[19.1199444,55.8516111],[19.1648583,55.8340444],[19.2808389,55.7976583],[19.3,55.7913889],[19.4752778,55.7333333],[19.5255556,55.7166667],[19.5980639,55.6926194],[19.6504472,55.6796694],[19.6791639,55.6768361],[19.7217639,55.68625],[19.7468972,55.6866667],[19.8008333,55.6666667],[19.8166111,55.66085],[19.8317833,55.6567167],[19.8522222,55.65],[19.95,55.6180556],[19.9541667,55.6166667],[19.9705083,55.6112972],[20.0,55.6013889],[20.0166667,55.5958333],[20.1454556,55.5526278],[20.1592528,55.5480611],[20.2375361,55.5191778],[20.2574194,55.5149444],[20.2739167,55.508275],[20.2796167,55.4821278],[20.2925833,55.4672944],[20.3169472,55.4603417],[20.3355806,55.4546583],[20.3474306,55.4515583],[20.3540139,55.449075],[20.4025139,55.4334917],[20.5103778,55.3949556],[20.5323583,55.3859389],[20.5522417,55.3807389],[20.5680917,55.3727889],[20.6076478,55.3589145]]}},{"type":"Feature","properties":{"osm_id":"way/986395654","name":"CeltixConnect-1","operator":null,"source_date":"2026-09-05T15:20:55Z"},"geometry":{"type":"LineString","coordinates":[[-6.1651111,53.3527799],[-6.1533523,53.3478359],[-6.1256075,53.3489118],[-6.0922624,53.3505514],[-6.0663416,53.3518835],[-6.0416223,53.3568015],[-6.0294344,53.3635628],[-5.8459284,53.4935607],[-5.8388043,53.4961136],[-5.8279896,53.4989217],[-5.7843877,53.5053543],[-5.7685948,53.5059668],[-5.7509137,53.5088254],[-5.7409573,53.5112243],[-5.5711842,53.5361758],[-5.5660344,53.5368389],[-5.5612279,53.5368389],[-5.2581598,53.5075493],[-5.2231409,53.5034655],[-5.1731874,53.4974412],[-5.1553346,53.4888627],[-5.1398851,53.4793631],[-5.1256372,53.4578023],[-5.111046,53.4384803],[-5.1024629,53.4250826],[-5.0686456,53.4027779],[-5.0511362,53.3895737],[-5.013714,53.337536],[-4.9986078,53.3289253],[-4.8691751,53.270757],[-4.8260881,53.2529932],[-4.7807695,53.246728],[-4.7327043,53.2433382],[-4.7079851,53.244879],[-4.6959688,53.2485768],[-4.6817209,53.2563823],[-4.6614647,53.2776859],[-4.6530104,53.2856913]]}},{"type":"Feature","properties":{"osm_id":"way/986395655","name":null,"operator":null,"source_date":"2026-09-05T15:20:55Z"},"geometry":{"type":"LineString","coordinates":[[-4.6369815,53.2844982],[-4.6400929,53.2834591],[-4.6518517,53.2795334],[-4.6734811,53.2565876],[-4.6921922,53.2426704],[-4.722233,53.2367632],[-4.7673799,53.2406672],[-4.8188783,53.2455981],[-4.8801615,53.2592576],[-5.0552561,53.3199026],[-5.0825504,53.3329234],[-5.1237491,53.3884477],[-5.171471,53.4655697],[-5.2112964,53.4868201],[-5.2514652,53.4962159],[-5.4375461,53.5188799],[-5.5587391,53.5286767],[-5.63736,53.5182675],[-5.7070545,53.5084682],[-5.8014682,53.4956032],[-5.8447695,53.4856453],[-5.8534384,53.4846494],[-5.8638668,53.4855942],[-5.8694461,53.4851858],[-5.9109882,53.4757875],[-6.0580159,53.4428259],[-6.1159087,53.4322677],[-6.1243951,53.4320983]]}},{"type":"Feature","properties":{"osm_id":"way/1099304313","name":"EllaLink","operator":"EllaLink","source_date":"2026-09-05T15:20:55Z"},"geometry":{"type":"LineString","coordinates":[[-8.8306102,37.9949364],[-8.8336054,37.9960304],[-8.837627,37.9900213],[-8.8377129,37.9899364],[-8.8379041,37.989838],[-8.8382191,37.9897017],[-8.8384345,37.9895717],[-8.8385765,37.9894607],[-8.8387288,37.9893054],[-8.8388502,37.9891204],[-8.8389499,37.9889154],[-8.8390152,37.9887204],[-8.8390484,37.9885318],[-8.8390553,37.9883422],[-8.8398135,37.9887313],[-8.8407299,37.9892549],[-8.8412086,37.9893632],[-8.8429565,37.9896918],[-8.8444982,37.9899933],[-8.8458292,37.9902316],[-8.8474832,37.9905421],[-8.8490936,37.9908599],[-8.8515287,37.9912932],[-8.8560369,37.9921646]]}},{"type":"Feature","properties":{"osm_id":"way/1100730579","name":"Aurora","operator":"GlobalConnect","source_date":"2026-09-05T15:20:55Z"},"geometry":{"type":"LineString","coordinates":[[14.2362642,55.4354052],[14.2438167,55.4335333],[14.35,55.39],[14.45285,55.3076167],[14.47295,55.2914667],[14.702,55.175],[14.7042131,55.1750324]]}},{"type":"Feature","properties":{"osm_id":"way/1117725666","name":"HAVSIL Fiber Cable System","operator":"Bulk Infrastructure","source_date":"2026-09-05T15:20:55Z"},"geometry":{"type":"LineString","coordinates":[[8.6193511,57.1262388],[8.6192304,57.126562],[8.6172294,57.1493713],[8.6086678,57.1690197],[8.6082494,57.1695781],[8.6080456,57.1699271],[8.6079383,57.1707589],[8.6020374,57.1841577],[8.6017263,57.1855531],[8.6005568,57.1875299],[8.599602,57.1897275],[8.5995161,57.1919249],[8.599087,57.1934014],[8.5986793,57.1942966],[8.5981214,57.1948953],[8.5974026,57.1955056],[8.5964799,57.196796],[8.5890341,57.213927],[8.5892486,57.2145893],[8.5894203,57.2150657],[8.5891628,57.2155769],[8.5880255,57.2163903],[8.5798073,57.2353238],[8.5747433,57.2470797],[8.5744643,57.2474396],[8.5742497,57.2480723],[8.5738313,57.2487282],[8.5735631,57.249593],[8.5702801,57.257184],[8.5662675,57.2665022],[8.5598087,57.2811769],[8.5565472,57.2884773],[8.5565042,57.2888483],[8.556751,57.2894861],[8.5566866,57.2900659],[8.5564291,57.2906572],[8.556,57.2912138],[8.5553241,57.2924371],[8.5553133,57.293011],[8.5550451,57.2941443],[8.5547394,57.2948139],[8.5541224,57.2955559],[8.5535324,57.2963617],[8.5529101,57.2969819],[8.5525882,57.2975442],[8.5512257,57.300564],[8.5502815,57.3023202],[8.5490799,57.3050267],[8.548919,57.3055338],[8.5488117,57.3064813],[8.5485864,57.3071768],[8.548007,57.3080054],[8.5475671,57.3088457],[8.5473955,57.3089674],[8.5469556,57.3090601],[8.5465586,57.3092513],[8.5462904,57.3095816],[8.54599,57.3102885],[8.5456359,57.311488],[8.5457647,57.3122818],[8.5457754,57.3131162],[8.5456467,57.313429],[8.5456145,57.3136434],[8.5454321,57.3139795],[8.5448849,57.3143039],[8.544563,57.3149355],[8.5442734,57.315341],[8.5443377,57.3155206],[8.5440373,57.3160189],[8.5431361,57.3165287],[8.5421705,57.3186491],[8.54231,57.3189272],[8.543458,57.3199757],[8.543458,57.3202016],[8.5426962,57.3216962],[8.542192,57.3220322],[8.5414624,57.3226925],[8.5394239,57.3275175],[8.5274935,57.3485704],[8.5266137,57.3495429],[8.5255193,57.3510015],[8.5253048,57.3514877],[8.5253262,57.3525296],[8.5137981,57.3728307],[8.5132509,57.373386],[8.5129023,57.373788],[8.512634,57.3740107],[8.5121512,57.3742479],[8.5119849,57.3743838],[8.5118884,57.3746094],[8.5122746,57.3752746],[8.5122049,57.3755725],[8.5083532,57.3821746],[8.5066366,57.3838402],[8.5051344,57.3876336],[8.4423062,57.4861246],[8.3787917,57.586835],[8.369522,57.6020601],[8.3593082,57.6178305],[8.3533,57.629964],[8.342142,57.6464572],[8.3368205,57.6499478],[8.3373355,57.6535759],[8.3351896,57.6590862],[8.27219,57.7630734],[8.2526207,57.7949707],[8.2472562,57.8008025],[8.2457113,57.8029063],[8.2447671,57.8078909],[8.208847,57.8667394],[8.1999635,57.8780366],[8.1981611,57.8808889],[8.1969166,57.8853722],[8.1965303,57.8862391],[8.1951999,57.8878589],[8.1938266,57.8914062],[8.1770896,57.9181302],[8.1731414,57.9209565],[8.1715106,57.9264262],[8.1685924,57.9301633],[8.1672191,57.9340367],[8.1645583,57.9370896],[8.1590652,57.9474309],[8.1504821,57.9616397],[8.123703,58.0050965],[8.1118583,58.0195779],[8.1079959,58.0239417],[8.1063223,58.0273959],[8.1032967,58.0342466],[8.101902,58.0389607],[8.0973959,58.0471379],[8.0873966,58.0568231],[8.086828,58.0572034],[8.0852079,58.0578618],[8.0847037,58.0584465],[8.0847466,58.0589289],[8.082912,58.0611425],[8.0820429,58.0630893],[8.0807125,58.0673626],[8.0786204,58.0709261],[8.0707991,58.0771161],[8.0693829,58.0782847],[8.0678058,58.0797427],[8.0665719,58.0810587],[8.0655312,58.0824882],[8.0649197,58.0842238],[8.0643511,58.0868102],[8.0640721,58.0875078],[8.0632031,58.0888973],[8.0619693,58.0902414],[8.0600166,58.0917272],[8.0583966,58.0928216],[8.0558967,58.0950728],[8.0536008,58.0971197],[8.0504358,58.0992402],[8.0471206,58.1015647],[8.0463749,58.1019899],[8.0457741,58.1024406],[8.0448836,58.1033392],[8.0437303,58.1047762],[8.0403292,58.1086223],[8.0349326,58.114647],[8.0302548,58.1207217],[8.0284095,58.1249145],[8.0277336,58.1278605],[8.0268109,58.1296733],[8.0255449,58.1316729],[8.0250835,58.1321204],[8.024075,58.1326358],[8.0223584,58.1332646],[8.0166614,58.1352073],[8.0126595,58.136493],[8.0093068,58.1370566],[8.0037117,58.1379627]]}},{"type":"Feature","properties":{"osm_id":"way/1117749478","name":"Skagen Fiber West","operator":"Skagenfiber","source_date":"2026-09-05T15:20:55Z"},"geometry":{"type":"LineString","coordinates":[[9.9870551,57.6071442],[9.9863899,57.6084116],[9.9863362,57.6087564],[9.986524,57.6092334],[9.9932778,57.6177213],[9.9942326,57.6228176],[9.9945545,57.6238517],[9.9812829,57.6572724],[9.9748993,57.6733229],[9.9730968,57.6755087],[9.9719703,57.6794784],[9.9704361,57.6823751],[9.9697924,57.6845087],[9.9693847,57.6855124],[9.9688911,57.6872157],[9.9682689,57.6885978],[9.9674749,57.691035],[9.9670887,57.6914709],[9.9661124,57.6921303],[9.9656188,57.6926808],[9.9627971,57.6987126],[9.9620246,57.7019918],[9.9596214,57.7117131],[9.9288511,57.7884974],[9.9148177,57.8435176],[9.8775672,57.9874016],[9.8559379,58.0710226],[9.8422908,58.1230052],[9.8283004,58.1769713],[9.8177433,58.212504],[9.8100185,58.2384919],[9.8011778,58.248385],[9.8003195,58.265093],[9.7977446,58.2833274],[9.8001909,58.3119687],[9.8072719,58.3279257],[9.8572253,58.425359],[9.8642634,58.4333577],[9.8698424,58.4475981],[9.8859786,58.4542447],[9.9295806,58.4719776],[9.9582481,58.486337],[9.9814223,58.4994796],[9.9894904,58.5058922],[9.9936533,58.5133122],[9.9934387,58.5203497],[9.9908208,58.5257501],[9.988203,58.5285061],[9.9870014,58.5322251],[9.9884176,58.5354285],[9.9908208,58.5405131],[9.9905633,58.5417897],[9.9874734,58.5435814],[9.9831819,58.5450595],[9.9805641,58.5468286],[9.97859,58.5485528],[9.9785471,58.5500531],[9.9830531,58.5558967],[9.9806499,58.569998],[9.9948119,58.5873594],[10.0001334,58.5888356],[10.0045966,58.5926824],[10.0088882,58.6080207],[10.0087165,58.6129383],[10.0108623,58.6217435],[10.0160121,58.6300103],[10.0178146,58.6346568],[10.0255393,58.6462702],[10.030775,58.6585493],[10.069828,58.7220195],[10.0805568,58.7584414],[10.0896656,58.8046904],[10.0944614,58.8158084],[10.1051044,58.8410702],[10.1059306,58.843002],[10.1060164,58.8434571],[10.10607,58.8514439],[10.1067459,58.8559721],[10.1066923,58.8563827],[10.1073468,58.8599892],[10.1076364,58.8604109],[10.1080227,58.8607715],[10.1082158,58.8611821],[10.1081943,58.861637],[10.1077974,58.8628797],[10.1082587,58.8660806],[10.1131832,58.879214],[10.1145565,58.8818367],[10.1170564,58.8851191],[10.1178664,58.88625],[10.1182741,58.8876166],[10.1188159,58.8897869],[10.1180112,58.8930352],[10.1180327,58.893462],[10.1198566,58.8959784],[10.1212621,58.8981288],[10.1219916,58.8994367],[10.1243305,58.9040805],[10.1245665,58.9052885],[10.1250386,58.9142249],[10.1252746,58.9147954],[10.1251888,58.9163243],[10.1254892,58.9206335],[10.1256394,58.925208],[10.1249313,58.9296988],[10.1247167,58.9309003],[10.12447,58.931454],[10.1240194,58.9321627],[10.1236224,58.9324285],[10.1226461,58.9329102],[10.121187,58.9335081],[10.1197278,58.9342001],[10.1175928,58.9357171],[10.1179898,58.9371785],[10.1177859,58.9376491],[10.1167238,58.9389112],[10.1154148,58.9400405],[10.1147175,58.9411032],[10.1137626,58.9425313],[10.1126575,58.9434944],[10.111767,58.9444242],[10.1115525,58.9450718],[10.1111555,58.9455367],[10.1104045,58.9461067],[10.1100719,58.9472689],[10.1091492,58.9479275],[10.1084733,58.9499363],[10.1085806,58.9508162],[10.1069713,58.9527861],[10.1055872,58.9546674],[10.103817,58.9565485],[10.1029694,58.9572291],[10.1021755,58.9582028],[10.0988173,58.9616272],[10.0931847,58.967568],[10.0907063,58.9701951],[10.0879598,58.9734746],[10.0823915,58.9797616],[10.0756484,58.9861498],[10.0742564,58.9878095],[10.0734356,58.9888017],[10.0715768,58.990909],[10.0712442,58.9914093],[10.0699085,58.9937748],[10.0681892,58.9968392],[10.0675857,58.9977676],[10.0668991,58.999069],[10.0652736,59.001492],[10.0619852,59.0065337],[10.0575435,59.010003],[10.0565994,59.010793],[10.0543678,59.0130854],[10.0511169,59.0164547],[10.0501889,59.0174598],[10.0500333,59.0177029],[10.0496632,59.0185561],[10.0494754,59.0188847],[10.0489229,59.0194922],[10.0478125,59.0207182],[10.0474155,59.0210689],[10.0459564,59.0219193],[10.0455916,59.0222037],[10.0447172,59.022963],[10.0381404,59.0291748],[10.0320142,59.0349438],[10.0307858,59.0368565],[10.0304639,59.0372374],[10.030185,59.0378335],[10.0296271,59.038678],[10.029324,59.0392327],[10.0247991,59.0466059],[10.0238013,59.0479413]]}},{"type":"Feature","properties":{"osm_id":"way/1117764495","name":"Havfrue/AEC-2","operator":null,"source_date":"2026-09-05T15:20:55Z"},"geometry":{"type":"LineString","coordinates":[[8.003705,58.1379542],[8.0043997,58.1378396],[8.0056804,58.1374997],[8.0082285,58.1370028],[8.0103958,58.1366629],[8.0122948,58.136207],[8.0204058,58.1332023],[8.0215537,58.1328454],[8.0226588,58.1323073],[8.0241609,58.1314916],[8.0252337,58.1307269],[8.0259204,58.1301208],[8.0263603,58.1295656],[8.0265641,58.1291408],[8.0268752,58.1283477],[8.0270576,58.1274922],[8.027122,58.1255944],[8.0274653,58.1244726],[8.0287743,58.121396],[8.0293965,58.1202004],[8.0305767,58.1183418],[8.0320895,58.1160751],[8.035351,58.1112975],[8.0381083,58.1081178],[8.0407369,58.1053006],[8.0457687,58.1013663],[8.0510044,58.097528],[8.0548882,58.0945908],[8.0632567,58.0863111],[8.0643833,58.0832482],[8.0661213,58.0811268],[8.0673337,58.0797029],[8.0698979,58.0770934],[8.0778479,58.0701601],[8.0797255,58.0637419],[8.0810237,58.0619712],[8.0832016,58.0590936],[8.0895531,58.0515607],[8.0923641,58.0413175],[8.0963874,58.0355416],[8.0983615,58.0304067],[8.0988765,58.0240439],[8.1009793,58.018396],[8.1029749,58.0104282],[8.1042409,58.0031636],[8.1061721,57.9969211],[8.1075239,57.9913029],[8.1065583,57.9778113],[8.1112146,57.9407116],[8.1051635,57.9192015],[8.103919,57.917492],[8.0982542,57.9107215],[8.0928039,57.9046795],[8.0832767,57.8960136],[8.0727195,57.8891706],[8.0637931,57.8803641],[8.0520343,57.8736095],[8.035469,57.8680405],[8.0230235,57.8611466],[8.012123,57.857311],[7.9953002,57.854023],[7.9687785,57.8507803],[7.9455184,57.8510544],[7.9154777,57.8485423],[7.9008864,57.8482226],[7.8846644,57.8466696],[7.8330802,57.8384009],[7.764244,57.8333291],[7.7266502,57.8293078],[7.666397,57.8189781],[7.6343822,57.8138121],[7.5173091,57.8010541],[7.2956083,57.7765314],[7.2611044,57.7769891],[7.1851443,57.768384],[7.1273802,57.7567547],[6.9800947,57.7232195],[6.8762396,57.7037805],[6.86491,57.7005702],[6.8547819,57.6962588],[6.8444823,57.694057],[6.8264578,57.6923139],[6.734104,57.6701961],[6.6760824,57.6533922],[6.6408919,57.6483403],[6.6093921,57.6386939],[6.5632152,57.6314804],[6.5542888,57.6314344],[6.5081119,57.6252765],[6.4912032,57.6256901],[6.4625358,57.6229326],[6.4288043,57.6149804],[6.3829707,57.6090036],[6.3678645,57.6082219],[6.35396,57.6057849],[6.3266658,57.6028419],[6.3106155,57.6030258],[6.2943076,57.6011863],[6.2833213,57.6011403],[6.2326812,57.5958512],[6.2244414,57.5936894],[6.2083053,57.5883072],[6.1995505,57.5865129],[6.1885642,57.5855467],[6.1810969,57.5858228],[6.1585235,57.5840744],[6.1412715,57.5817738],[6.1305427,57.5793811],[6.1043643,57.5768501],[6.0785293,57.5756075],[6.0471152,57.5722938],[6.0313224,57.5682894],[5.9638595,57.5588519],[5.9424876,57.556872],[5.9247207,57.552958],[5.859189,57.5444147],[5.8548545,57.5443226],[5.8491468,57.544576],[5.8407783,57.5463723],[5.8313798,57.5465335],[5.8178615,57.5449905],[5.7831859,57.5378966],[5.7540034,57.5355931],[5.7000159,57.5293729],[5.6334112,57.5215385],[5.5995939,57.5143478],[5.5829428,57.5129648],[5.5547903,57.5093688],[5.544319,57.5097377],[5.5297278,57.5088156],[5.5158232,57.5067869],[5.4971121,57.5049425],[5.4823492,57.5011612],[5.4663847,57.4994088],[5.4413222,57.4972873],[5.2921484,57.4794806],[5.1749037,57.4649889],[5.1374815,57.4589875],[5.0882147,57.4541856],[5.0403212,57.4476282],[4.9814308,57.4406539],[4.9793923,57.4403594],[4.9499953,57.4358496],[4.9395776,57.4343077],[4.9380219,57.4341633],[4.9363696,57.4340767],[4.9327755,57.4340421],[4.9310481,57.4339612],[4.9131685,57.4320641],[4.911688,57.4318879],[4.9095368,57.4315385],[4.893111,57.4285467],[4.8913407,57.4282522],[4.8893613,57.4281482],[4.8871726,57.428206],[4.8821729,57.4284514],[4.8806924,57.4284716],[4.8798662,57.4284023],[4.8462581,57.4238825],[4.8344994,57.4227126],[4.8326111,57.4225624],[4.831624,57.4224469],[4.8313451,57.4223891],[4.8311037,57.4222938],[4.8307389,57.4220281],[4.8305136,57.421719],[4.8304652,57.4212944],[4.8303634,57.4208611],[4.8300791,57.4205549],[4.8295748,57.4202343],[4.8289418,57.4199454],[4.8280728,57.4196826],[4.8246484,57.4189534],[4.8139466,57.41781],[4.81071,57.4176317],[4.80794,57.4176184],[4.7994583,57.417885],[4.7979683,57.4180367],[4.7948617,57.41833],[4.7942717,57.4182467],[4.7937783,57.4180567],[4.7934233,57.4177784],[4.7932433,57.4174367],[4.79315,57.4165417],[4.79306,57.4161951],[4.7925866,57.415055],[4.7933166,57.4121584],[4.7939483,57.4080267],[4.7941649,57.4056434],[4.7947766,57.4035467],[4.7971317,57.397625],[4.8004983,57.39085],[4.8010651,57.3897451],[4.80706,57.37779],[4.8113717,57.3705733],[4.8141533,57.36449],[4.81486,57.3628917],[4.8151067,57.3624134],[4.823975,57.3489833],[4.8326017,57.3303684],[4.8340883,57.3272084],[4.8345199,57.32618],[4.8344634,57.3250167],[4.8335333,57.322875],[4.8330467,57.3191133],[4.8330267,57.318495],[4.8328,57.3162934],[4.83299,57.3030867],[4.8331366,57.29116],[4.833535,57.261135],[4.8339667,57.23773],[4.8346516,57.1884867],[4.8347866,57.17504],[4.83488,57.1712001],[4.8359334,57.1579384],[4.8364634,57.1517767],[4.8367051,57.1272784],[4.8367517,57.1256734],[4.8365916,57.1242567],[4.83503,57.107565],[4.8350233,57.1057217],[4.8353616,57.1043434],[4.8375217,57.09339],[4.838745,57.0871101],[4.838815,57.0862534],[4.838645,57.08346],[4.83843,57.0778484],[4.8384267,57.0768751],[4.8383617,57.073475],[4.8384467,57.0723167],[4.8384417,57.0678017],[4.8385717,57.06675],[4.8403917,57.06274],[4.8406166,57.06153],[4.8406666,57.05896],[4.8414166,57.0495551],[4.8412866,57.0405384],[4.8412716,57.0371067],[4.8389233,57.027475],[4.837655,57.0143983],[4.83781,57.01376],[4.8413034,57.005005],[4.8472483,56.994665],[4.8504884,56.9890734],[4.8532984,56.981815],[4.8535684,56.98136],[4.8555233,56.9788217],[4.8574517,56.9763834],[4.858315,56.9756301],[4.8608784,56.973885],[4.8725967,56.965265],[4.8731866,56.9646733],[4.8790749,56.95679],[4.8822451,56.9522017],[4.8828884,56.95158],[4.892805,56.9427684],[4.8960417,56.9398434],[4.9002367,56.9368351],[4.9292733,56.9160367],[4.9298266,56.9156467],[4.93169,56.91431],[4.9335601,56.9132417],[4.9495316,56.9043567],[4.9524416,56.9017717],[4.9878483,56.8706634],[5.0096716,56.8559017],[5.0575666,56.8151733],[5.0672317,56.80412],[5.0902234,56.7860101],[5.0996799,56.7785784],[5.10957,56.7707817],[5.136265,56.757045],[5.162795,56.7493617],[5.1741666,56.7460617],[5.1757817,56.745755],[5.1865784,56.7443334],[5.1947267,56.74323],[5.2195317,56.7423117],[5.2198717,56.7423017],[5.23867,56.7428534],[5.2466966,56.74322],[5.2546917,56.7435784],[5.2632917,56.7439683],[5.3018067,56.7457283],[5.3071666,56.745495],[5.343355,56.7440233],[5.364815,56.7431233],[5.4093633,56.7359317],[5.4140067,56.73458],[5.4147266,56.7340534],[5.4152066,56.733095],[5.4151583,56.7324401],[5.414665,56.731115],[5.4149567,56.731045],[5.416605,56.7320067],[5.4174883,56.7323817],[5.4182467,56.7325734],[5.4196833,56.7326633],[5.42099,56.7324117],[5.4240799,56.7316417],[5.4255201,56.7312067],[5.4360417,56.7281284],[5.436785,56.7278367],[5.4483396,56.722729]]}},{"type":"Feature","properties":{"osm_id":"way/1117775082","name":"Tampnet","operator":"Tampnet","source_date":"2026-09-05T15:20:55Z"},"geometry":{"type":"LineString","coordinates":[[2.8612947,57.2405839],[2.8406524,57.2358231],[2.8375196,57.2339418],[2.8367471,57.2313404],[2.8381204,57.2281348],[2.8439998,57.2239068],[2.8495787,57.2038052],[2.8516386,57.1775753],[2.848892,57.1679902],[2.8513813,57.1227067],[2.8488063,57.1166492]]}},{"type":"Feature","properties":{"osm_id":"way/1117775083","name":"Tampnet","operator":"Tampnet","source_date":"2026-09-05T15:20:55Z"},"geometry":{"type":"LineString","coordinates":[[4.5503997,57.8086911],[4.5473098,57.8080052],[4.5455074,57.8061761],[4.5450353,57.8036838],[4.5477389,57.8018316],[4.551301,57.8010083],[4.5555925,57.8001622],[4.5615577,57.800208],[4.5675659,57.8016486],[4.5797538,57.8063133],[4.6403502,57.8315927],[4.6563147,57.8401828],[4.6666144,57.8431066],[4.6964834,57.8481313],[4.7064398,57.8519679],[4.7400854,57.8716011],[4.7819708,57.8966066],[4.7872923,57.9031745],[4.8255728,57.9263351],[4.8466871,57.9361783],[4.8801611,57.9533975],[5.083923,58.0597181],[5.2978131,58.1743238],[5.4747104,58.2687948],[5.4799461,58.2709615],[5.4856109,58.2720899],[5.5165099,58.2757459],[5.5222606,58.2771901],[5.5298137,58.2797624],[5.5348777,58.2826505],[5.5601119,58.2983951],[5.7535743,58.4169763],[5.7580804,58.4193363],[5.7610631,58.4209094],[5.7660413,58.4234714],[5.7946658,58.4374687],[5.806489,58.4425225],[5.8120036,58.4448919],[5.8141064,58.4456555],[5.8166384,58.4463629],[5.8195352,58.4469356],[5.8239984,58.4475868],[5.8331394,58.4487995],[5.8373451,58.4491251],[5.8446836,58.4496977],[5.8634376,58.4517804],[5.8708727,58.4515783],[5.8745956,58.4515783],[5.8801559,58.4523684],[5.8811188,58.4525157],[5.8844662,58.4535205],[5.8864617,58.4542222],[5.8886853,58.4552185],[5.8905199,58.4561264],[5.8923438,58.4569458],[5.8954525,58.4578635],[5.8960292,58.458262],[5.8965093,58.4587979],[5.8971718,58.4597436],[5.8971047,58.4599471],[5.8977163,58.4608226],[5.8985987,58.4614343],[5.8995429,58.4618229],[5.9002188,58.4620109],[5.901812,58.4621722],[5.9032148,58.4621582],[5.904167,58.4619997],[5.9058782,58.4612659],[5.9069216,58.4610835],[5.9079087,58.4610176],[5.9095341,58.4610386],[5.9134072,58.461134],[5.9143138,58.4614146],[5.9167224,58.4629186],[5.9186858,58.4640493],[5.9197319,58.464386],[5.9207135,58.4645965],[5.9232563,58.4648798],[5.9279394,58.4657384],[5.9311473,58.4663247],[5.9354228,58.4668382],[5.9391403,58.467172],[5.9413558,58.4672786],[5.9422356,58.4673824],[5.9436357,58.4677724],[5.9447622,58.4683223],[5.9457439,58.4688946],[5.9470957,58.4693182],[5.9500676,58.4696885],[5.9539515,58.4697684],[5.956741,58.4699185],[5.9571192,58.4698947],[5.9583583,58.4696759],[5.9606865,58.4690671],[5.964734,58.4681455],[5.9670165,58.4677626],[5.9680854,58.4675157],[5.971359,58.4664089],[5.9753609,58.466162],[5.9784776,58.4666979],[5.9817767,58.4672057],[5.9824231,58.4673782],[5.9830615,58.4675788],[5.98407,58.4677836],[5.9850571,58.4677275],[5.9874523,58.4671243],[5.9907675,58.4659488],[5.9921086,58.4653526],[5.9924962,58.4651057],[5.9935033,58.4645782],[5.9945118,58.4640479],[5.995456,58.4634321],[5.9966952,58.4626366],[5.997296,58.4623041],[5.9974569,58.4621884],[5.9978726,58.4620502],[5.9984842,58.4620039]]}},{"type":"Feature","properties":{"osm_id":"way/1117775084","name":"Tampnet","operator":"Tampnet","source_date":"2026-09-05T15:20:55Z"},"geometry":{"type":"LineString","coordinates":[[4.5477389,57.8018316],[4.5442199,57.8016029],[4.5404433,57.7999107],[4.5368384,57.7962058],[4.5354651,57.7918143],[4.5310019,57.7484196],[4.5311735,57.7379751],[4.5310019,57.7294524],[4.5267103,57.7177189],[4.5210455,57.6695534],[4.5241354,57.6582597],[4.525852,57.6455845],[4.525337,57.637867],[4.5231054,57.6317102],[4.5143507,57.623622],[4.5088576,57.6167273],[4.504051,57.6112106],[4.4985577,57.6079002],[4.4027707,57.5803015],[4.3680951,57.5725701],[4.3485257,57.5648371],[4.2668148,57.5416281],[4.0917202,57.4957193],[4.0148159,57.4719125],[3.9578244,57.4576948],[3.8263317,57.4309063],[3.6752697,57.3981792],[3.4122845,57.3433838],[3.0332564,57.2641004],[2.9506872,57.2468302],[2.9039953,57.2372631],[2.8799627,57.2338258],[2.8439998,57.2239068]]}},{"type":"Feature","properties":{"osm_id":"way/1117789003","name":"Tampnet","operator":"Tampnet","source_date":"2026-09-05T15:20:55Z"},"geometry":{"type":"LineString","coordinates":[[2.4706149,58.1896301],[2.4699014,58.189992],[2.4694884,58.190139],[2.4686998,58.1901701],[2.4680346,58.1900288],[2.465964,58.1897714],[2.4651325,58.1897686],[2.4648052,58.1898223],[2.4595213,58.1911343],[2.2899626,58.2360974],[2.2194098,58.255882],[2.136669,58.2829664],[2.0232009,58.3207595],[1.9998979,58.3286242],[1.9858217,58.3343695],[1.9661665,58.3425916],[1.920644,58.3618103],[1.9179296,58.363054],[1.9167924,58.3638081],[1.9156229,58.3639657],[1.9150114,58.364354],[1.9145179,58.3647592],[1.9119966,58.3660928],[1.9106555,58.3664136],[1.9101512,58.3664023],[1.9092607,58.3662222],[1.9075227,58.3655864],[1.906659,58.3653613],[1.906364,58.3653585],[1.9057524,58.3657242],[1.9061333,58.3663]]}},{"type":"Feature","properties":{"osm_id":"way/1117789004","name":"Tampnet","operator":"Tampnet","source_date":"2026-09-05T15:20:55Z"},"geometry":{"type":"LineString","coordinates":[[5.1836586,59.3322263],[5.1794529,59.3322154],[5.174303,59.3323358],[5.1709771,59.3325656],[5.1560426,59.334656],[5.1511502,59.3352141],[5.1484895,59.3354111],[5.1368594,59.3356518],[5.1306796,59.3353892],[5.1249933,59.3349733],[5.1196718,59.3343386],[5.1137066,59.3332879],[5.1081276,59.3321278],[5.1017332,59.330092],[5.0957036,59.3279576],[5.0893736,59.3250458],[5.086391,59.3232833],[5.0827217,59.3209076],[5.0756836,59.3151264],[5.0495481,59.2934053],[5.0281333,59.2755952],[5.0147867,59.264477],[5.0111389,59.2619107],[4.9844884,59.2438318],[4.9523878,59.216893],[4.9463796,59.2114236],[4.9426889,59.2072716],[4.9401998,59.2033168],[4.912219,59.1555815],[4.9025201,59.1461409],[4.8883152,59.1381506],[4.5514941,59.0142343],[4.3536329,58.9406881],[4.2316675,58.8957789],[4.1169548,58.8582914],[4.0788459,58.8362681],[4.0657996,58.8305379],[3.9712142,58.7998721],[3.9405727,58.7894663],[3.8782596,58.7641502],[3.8659,58.7603667],[3.8392066,58.7550247],[3.8073634,58.746832],[3.7833308,58.7377466],[3.7653064,58.7297726],[3.7323474,58.7156911],[3.7238502,58.7110109],[3.6969852,58.6846562],[3.6801623,58.6716275],[3.6145448,58.6287593],[3.538413,58.5976692],[3.5267829,58.595366],[3.5168695,58.593152],[3.3807849,58.5450147],[3.0433631,58.4120312],[2.5851344,58.2482043],[2.4760222,58.1898337],[2.4748206,58.189155],[2.4741769,58.189008],[2.4735331,58.1892342],[2.4730181,58.189664],[2.4723315,58.1902408],[2.4718809,58.1904897],[2.4713444,58.1906593],[2.4706793,58.1906028],[2.4701214,58.1903539],[2.4701643,58.1900599],[2.4706149,58.1896301]]}},{"type":"Feature","properties":{"osm_id":"way/1117983485","name":"Tampnet","operator":"Tampnet","source_date":"2026-09-05T15:20:55Z"},"geometry":{"type":"LineString","coordinates":[[2.8243945,60.4914625],[2.8196623,60.4900133],[2.8191934,60.4898698],[2.8162373,60.4889644],[2.8110235,60.4874398],[2.8106946,60.4865836],[2.8103253,60.4854636],[2.8079802,60.4789597],[2.7826995,60.4644564],[2.7734406,60.4544926],[2.7618821,60.444174],[2.7343522,60.4105866],[2.7213233,60.3844857],[2.7160344,60.3773365],[2.7136575,60.3692056],[2.7096859,60.361152],[2.6999265,60.2494691],[2.698454,60.2328009],[2.6984553,60.2326663],[2.7001643,60.2214823],[2.7076407,60.2108858],[2.7203681,60.201611],[2.7319347,60.1966605],[2.7339987,60.195686],[2.7403533,60.1926008],[2.75537,60.1860118],[2.7596359,60.1820509],[2.7616867,60.1776818],[2.7614128,60.1732009],[2.7231971,60.109824],[2.7193724,60.1047967],[2.7168114,60.0993409],[2.6859202,60.0480629],[2.6835512,60.0423375],[2.6798777,60.0379378],[2.6570898,60.0],[2.6567639,59.9994575],[2.6502806,59.9886205],[2.5997406,59.9217511],[2.597907,59.9180729],[2.5946367,59.9149201],[2.5633508,59.8734158],[2.5584996,59.868865],[2.5521055,59.8596304],[2.5494902,59.8549969],[2.5034065,59.7934645],[2.5000001,59.7912261],[2.4973725,59.7894995],[2.4946591,59.7863283],[2.4840159,59.7776305],[2.47758,59.7735104],[2.4714472,59.767209],[2.4519468,59.751226],[2.4435802,59.7460454],[2.4357851,59.7387746],[2.4325526,59.7353393],[2.3883068,59.6988711],[2.3830489,59.6949403],[2.3669713,59.6808102],[2.357206,59.6760931],[2.3422921,59.6624596],[2.3368225,59.6563256],[2.3290543,59.6499013],[2.3248508,59.6471857],[2.3218118,59.6439373],[2.3150078,59.6383343],[2.3124037,59.6355908],[2.3076835,59.6322882],[2.2919982,59.6192732],[2.2861475,59.6151555],[2.2797,59.6100015],[2.2455031,59.5861016],[2.2358066,59.580298],[2.2334575,59.577716],[2.2328111,59.5757724],[2.227027,59.5747956]]}},{"type":"Feature","properties":{"osm_id":"way/1117983486","name":"Tampnet","operator":"Tampnet","source_date":"2026-09-05T15:20:55Z"},"geometry":{"type":"LineString","coordinates":[[2.2270306,59.5747938],[2.2328792,59.5756516],[2.2342,59.5741206],[2.2502947,59.5739018],[2.2593283,59.573652],[2.2667951,59.5721187],[2.2747455,59.5684853],[2.3238865,59.535963],[2.3289155,59.5326346],[2.3332325,59.5289679],[2.3532837,59.515201],[2.3611342,59.5112342],[2.3780869,59.5],[2.4032366,59.4833338],[2.4059369,59.4806504],[2.4162875,59.4737836],[2.4216379,59.4710669],[2.4435726,59.4564999],[2.5,59.397694],[2.5091277,59.3881816],[2.5131448,59.3847815],[2.5227954,59.3745312],[2.525129,59.3713978],[2.5492474,59.3462639],[2.5535982,59.3348468],[2.5533818,59.3305466],[2.5522818,59.3271298],[2.5450003,59.287145],[2.5436337,59.2834614],[2.5438508,59.2742111],[2.5410344,59.2688108],[2.531018,59.2556435],[2.5259346,59.2519933],[2.5191513,59.2491432],[2.5111678,59.2472763],[2.5,59.2465945],[2.494784,59.2462761],[2.4810505,59.2446758],[2.4727836,59.2432256],[2.4655002,59.2407088],[2.4597501,59.2373086],[2.4559337,59.2332751],[2.4542671,59.2288583],[2.4524008,59.2213246],[2.4547178,59.2165578],[2.4634519,59.2045741],[2.4657021,59.2004574],[2.4663945,59.199933]]}},{"type":"Feature","properties":{"osm_id":"way/1117983528","name":"Havfrue/AEC-2","operator":null,"source_date":"2026-09-05T15:20:55Z"},"geometry":{"type":"LineString","coordinates":[[-9.1718675,58.9176759],[-9.1531565,58.9228157],[-9.1275789,58.9314984],[-9.0935901,58.9445185],[-9.0056995,58.9813375],[-8.870087,59.0393185],[-8.6325077,59.1548115],[-8.588219,59.1697707],[-8.5439304,59.188944],[-8.3890918,59.2430638],[-8.1056787,59.3433444],[-7.9345323,59.4120724],[-7.8560831,59.447344],[-7.7043344,59.4991371],[-7.6845934,59.5035803],[-7.6610758,59.5075874],[-7.6195337,59.5128133],[-7.52306,59.517603],[-7.4736215,59.5216955],[-7.4264147,59.5234368],[-7.3489954,59.5286603],[-7.308655,59.5295308],[-7.2653963,59.5343181],[-7.1907236,59.5391047],[-7.1469499,59.5394528],[-7.0726206,59.5451958],[-6.9680788,59.5506769],[-6.863537,59.5578097],[-6.7972756,59.56468],[-6.7371941,59.5688102],[-6.6983128,59.5688102],[-6.6896439,59.5692884],[-6.6610623,59.573592],[-6.6499902,59.5749394],[-6.6261292,59.5768953],[-6.60244,59.5771126],[-6.5820981,59.5780905],[-6.5686226,59.5782861],[-6.562872,59.5785903],[-6.5381957,59.5814803],[-6.5254498,59.5816759],[-6.5087557,59.5828275],[-6.4633942,59.5893886],[-6.4440823,59.591865],[-6.4381171,59.592017],[-6.4294482,59.5916695],[-6.4220239,59.5922343],[-6.3727571,59.5978815],[-6.3509561,59.5983158],[-6.3243486,59.6015299],[-6.2874414,59.6024854],[-6.1556055,59.6155987],[-6.1085703,59.6187243],[-6.0708048,59.6233253],[-6.0405924,59.6288804],[-5.9822275,59.6318312],[-5.9485819,59.6364305],[-5.9199144,59.6387733],[-5.8919336,59.6418967],[-5.8268741,59.6457139],[-5.7626728,59.6512654],[-5.6462864,59.6623655],[-5.6143573,59.6644463],[-5.5738453,59.6654867],[-5.4722217,59.6660069],[-5.4444126,59.6639261],[-5.4063037,59.6640995],[-5.3578952,59.6679141],[-5.3009037,59.6758888],[-5.2504352,59.6790087],[-5.141945,59.6913557],[-5.1171399,59.6952538],[-5.0893308,59.6985885],[-5.0591184,59.7034384],[-5.0238419,59.7077681],[-5.0076199,59.7090669],[-4.9902821,59.7108418],[-4.9745751,59.712963],[-4.9678803,59.7133093],[-4.9592114,59.7133526],[-4.9521733,59.7140018],[-4.8638535,59.7255139],[-4.8016263,59.7329557],[-4.7634745,59.7383845],[-4.7048521,59.744245],[-4.6991015,59.7450666],[-4.6868706,59.746991],[-4.6409083,59.7544064],[-4.631939,59.7553143],[-4.6009112,59.7576271],[-4.5293713,59.7662503],[-4.5211316,59.7669634],[-4.5003605,59.7709607],[-4.494567,59.7717169],[-4.4368029,59.7769829],[-4.4331014,59.7774689],[-4.3505001,59.7905625],[-4.3429899,59.7911887],[-4.3311024,59.7920416],[-4.321189,59.7925598],[-4.263897,59.8001162],[-4.2048455,59.8078867],[-4.1977215,59.8087068],[-4.1565657,59.8122892],[-4.1519309,59.8128286],[-4.145794,59.8141881],[-4.1393567,59.8165616],[-4.1359663,59.8185034],[-4.1305161,59.8229692],[-4.1194869,59.8351985],[-4.1141224,59.8420014],[-4.1117192,59.8442112],[-4.1063977,59.847391],[-4.0979219,59.8502148],[-4.093051,59.8513141],[-4.0862489,59.8523055],[-4.0777946,59.8531569],[-4.0712714,59.8537172],[-4.0680099,59.8538142],[-4.0616262,59.8544392],[-4.0579677,59.8545632],[-4.0547168,59.8543638],[-4.0540516,59.8538034],[-4.0539873,59.8532215],[-4.052732,59.8520145],[-4.0523458,59.8520415],[-4.050715,59.8540675],[-4.0496421,59.8547571],[-4.0484619,59.8553175],[-4.0468526,59.8557323],[-4.0210391,59.857812],[-3.9730168,59.8606133],[-3.9330626,59.8643625],[-3.9019061,59.868262],[-3.8459015,59.8741858],[-3.8378334,59.8761458],[-3.8229847,59.8787734],[-3.8171912,59.8795917],[-3.7695981,59.8842001],[-3.7471104,59.8855997],[-3.7332058,59.8864179],[-3.7246228,59.8867193],[-3.7225199,59.88687],[-3.7087012,59.8890446],[-3.698659,59.8912405],[-3.6926938,59.8920801],[-3.6820507,59.8928766],[-3.6655713,59.8945987],[-3.6504221,59.8949216],[-3.5963488,59.8931134],[-3.5875512,59.8923384],[-3.5632182,59.8894321],[-3.550601,59.8870207],[-3.5427475,59.8846953],[-3.532877,59.8830157],[-3.5024071,59.879021],[-3.490305,59.8767489],[-3.4794045,59.8760058],[-3.4690619,59.8741643],[-3.4609938,59.8723334],[-3.4503937,59.8708255],[-3.4397936,59.86991],[-3.4291506,59.8686498],[-3.416276,59.8665816],[-3.4059173,59.8655515],[-3.4030741,59.8650788],[-3.3942711,59.8634683],[-3.3882952,59.8625526],[-3.3820725,59.8618631],[-3.3755923,59.8616476],[-3.3604861,59.8614106],[-3.3565379,59.861152],[-3.3420754,59.8595359],[-3.3151675,59.8579197],[-3.2889462,59.8548164],[-3.27487,59.8503549],[-3.2519103,59.8464317],[-3.2377482,59.8457634],[-3.2248736,59.8438447],[-3.2168913,59.8419906],[-3.1932021,59.8403305],[-3.1376267,59.834681],[-3.1146241,59.8340772],[-3.0170131,59.8246626],[-3.0055547,59.8230016],[-3.0020249,59.8219283],[-3.0005336,59.8216694],[-2.9979694,59.82154],[-2.9967034,59.8210168],[-2.9963279,59.820731],[-2.9960168,59.8201754],[-2.9960168,59.8180072],[-2.9962957,59.8176889],[-2.9959953,59.817608],[-2.9957271,59.817759],[-2.9947078,59.8190428],[-2.9934526,59.8199543],[-2.9926157,59.8202294],[-2.991693,59.8202995],[-2.9861033,59.818827],[-2.974248,59.8170578],[-2.9463959,59.814447],[-2.9263115,59.8112749],[-2.8753281,59.8060953],[-2.8634406,59.8055126],[-2.8265548,59.8015679],[-2.8248274,59.8027011],[-2.8232825,59.8044603],[-2.8230894,59.8043254],[-2.8229284,59.8041312],[-2.8224027,59.8022047],[-2.8214371,59.8012819],[-2.8194952,59.8008339],[-2.789197,59.7976768],[-2.6695919,59.7873557],[-2.657125,59.7873233],[-2.6410962,59.7851961],[-2.615304,59.7807685],[-2.5904561,59.7771827],[-2.5790406,59.7763186],[-2.5584841,59.7736398],[-2.5475836,59.7725812],[-2.5242377,59.7723867],[-2.5084019,59.771328],[-2.4942828,59.7710256],[-2.4790479,59.7694051],[-2.4616242,59.7678709],[-2.4482346,59.7655372],[-2.4421406,59.7643486],[-2.4355746,59.7635923],[-2.4164772,59.76316],[-2.4105549,59.7624469],[-2.3730469,59.758589],[-2.3682189,59.7582269],[-2.3671782,59.7584971],[-2.3662341,59.7597939],[-2.3657727,59.7598155],[-2.3650539,59.7583296],[-2.3638737,59.7576217],[-2.3623717,59.7573569],[-2.3579407,59.7569355],[-2.3424054,59.754147],[-2.3187161,59.7512502],[-2.3094464,59.7483964],[-2.3024941,59.7480072],[-2.2828389,59.7459316],[-2.2706509,59.7451531],[-2.2585488,59.7456721],[-2.2375203,59.7443315],[-2.2046472,59.740439],[-2.1948625,59.7386224],[-2.1681691,59.7362001],[-2.1496297,59.7363299],[-2.1298028,59.7346428],[-2.1055985,59.7335181],[-2.0609666,59.727288],[-2.037964,59.7261197],[-2.025776,59.7246485],[-1.9993401,59.7240859],[-1.9653512,59.7224415],[-1.9423486,59.7201912],[-1.9181443,59.7202777],[-1.8881894,59.7169019],[-1.8567753,59.714413],[-1.8472052,59.7144996],[-1.8283654,59.7136556],[-1.8117143,59.7120106],[-1.8035603,59.7109717],[-1.7697431,59.7087206],[-1.7546368,59.7064909],[-1.7410326,59.7024209],[-1.7313767,59.7013816],[-1.6709519,59.6903594],[-1.6466618,59.686699],[-1.6119433,59.6792631],[-1.610586,59.6789097],[-1.6094595,59.6795434],[-1.6077054,59.6809042],[-1.6070643,59.681257],[-1.6067049,59.6814086],[-1.6067518,59.6814919],[-1.6066968,59.6815508],[-1.6065024,59.6815284],[-1.6067424,59.6812495],[-1.6069061,59.6809909],[-1.6077241,59.6793904],[-1.6073647,59.6787499],[-1.6061685,59.678387],[-1.6013753,59.677668],[-1.6002166,59.6776599],[-1.5871167,59.6759048],[-1.5393734,59.666982],[-1.5164137,59.6646846],[-1.4945698,59.6635575],[-1.4500238,59.6505714],[-1.3756946,59.6372115],[-1.3605884,59.6359967],[-1.3118366,59.6267975],[-1.2341596,59.613645],[-1.2015439,59.6089992],[-1.1800004,59.6049607],[-1.1587146,59.5983159],[-1.0955433,59.5856304],[-0.8706668,59.5431947],[-0.8129886,59.5346663],[-0.7892994,59.5322292],[-0.7432941,59.5231757],[-0.7110218,59.5135972],[-0.5721475,59.4863271],[-0.5371286,59.4842351],[-0.4892353,59.4749072],[-0.4796222,59.4714195],[-0.4624561,59.4679314],[-0.454903,59.4649662],[-0.4319004,59.4599073],[-0.400658,59.456418],[-0.3725055,59.4513579],[-0.3532795,59.4457734],[-0.3100208,59.4391406],[-0.2801517,59.4321574],[-0.1768116,59.412946],[-0.1349262,59.4070057],[-0.0885776,59.3984429],[-0.0508121,59.3890038],[0.0657461,59.3673188],[0.145912,59.3507835],[0.2411841,59.3338899],[0.2947425,59.3220682],[0.3063296,59.3183019],[0.3167152,59.3167251],[0.349245,59.3116441],[0.3849506,59.304284],[0.4035758,59.3019618],[0.4300117,59.2952132],[0.4595374,59.2890331],[0.4791926,59.2872358],[0.501337,59.2839479],[0.5277728,59.2785112],[0.5699157,59.2712755],[0.5796146,59.2702668],[0.5893134,59.2676352],[0.6070804,59.2622836],[0.6181525,59.259432],[0.626049,59.2586862],[0.6376361,59.2588617],[0.6460475,59.2576332],[0.6833838,59.2475405],[0.7123945,59.2415713],[0.7390021,59.2383229],[0.7681845,59.2301565],[0.8729838,59.2092928],[0.9043979,59.2054701],[0.9345245,59.1994934],[0.9492015,59.1947465],[0.9726333,59.191098],[1.0109138,59.1836679],[1.0280799,59.1823048],[1.0372638,59.180282],[1.046276,59.176588],[1.0572623,59.1738612],[1.0936975,59.1682749],[1.10713,59.1639416],[1.1175584,59.1624238],[1.1232662,59.1622038],[1.1310768,59.1629297],[1.1387586,59.1624678],[1.1457538,59.1612798],[1.1571693,59.1583098],[1.1752581,59.1553284],[1.1854934,59.1526219],[1.1927461,59.1519948],[1.1979818,59.1510926],[1.2044191,59.1510045],[1.2126159,59.1518408],[1.2178516,59.1532711],[1.2222719,59.1551634],[1.2269926,59.1562196],[1.2468195,59.1579137],[1.2514543,59.1588598],[1.2586641,59.1623358],[1.2669897,59.1644696],[1.2811088,59.1660533],[1.2839841,59.1662513],[1.3227796,59.1661193],[1.3565111,59.1667132],[1.3921737,59.1631937],[1.4174509,59.1576717],[1.4678764,59.1482757],[1.5387725,59.1378644],[1.5498018,59.1350905],[1.5530204,59.1345181],[1.556797,59.1342319],[1.5856361,59.1333292],[1.5924596,59.1320521],[1.6393018,59.1221645],[1.6646131,59.1181388],[1.66554,59.1179934],[1.6721333,59.1170322],[1.6752984,59.1164484],[1.6867783,59.11462],[1.7317817,59.1093934],[1.7681151,59.1036334],[1.7705233,59.1033467],[1.784525,59.1024517],[1.8116551,59.0982017],[1.8363183,59.0943383],[1.9983767,59.0706983],[2.025245,59.0667783],[2.048115,59.0627633],[2.1117216,59.05362],[2.141605,59.0500684],[2.1696834,59.0459],[2.172585,59.0453667],[2.1822533,59.0428566],[2.19794,59.04009],[2.20798,59.0391484],[2.214855,59.0376784],[2.2199217,59.0360433],[2.2256651,59.0350884],[2.2314567,59.0346083],[2.2445201,59.0326134],[2.2705333,59.0286683],[2.2811701,59.026855],[2.2898867,59.026885],[2.3003317,59.0269717],[2.3055667,59.0270033],[2.3263116,59.0246334],[2.3531733,59.019565],[2.3633517,59.0176533],[2.373265,59.0157733],[2.377435,59.0149867],[2.3866484,59.0136484],[2.3951251,59.0124383],[2.4034701,59.0112067],[2.4095167,59.0103267],[2.411355,59.01005],[2.41994,59.007865],[2.4424366,59.0024484],[2.4633951,58.9988283],[2.4689401,58.997865],[2.4735766,58.9970417],[2.4833884,58.995375],[2.494995,58.99337],[2.514755,58.9892083],[2.5402218,58.9845717],[2.5469351,58.9836384],[2.5681433,58.97866],[2.57305,58.9779434],[2.5857616,58.9761017],[2.5926717,58.9746617],[2.6004433,58.9734783],[2.6286333,58.9684566],[2.6349051,58.9675183],[2.657035,58.9636001],[2.6659599,58.9618933],[2.67616,58.9599583],[2.6818451,58.9588483],[2.6876483,58.9577467],[2.6952367,58.9570984],[2.7122566,58.9540867],[2.713515,58.9539317],[2.7175917,58.95384],[2.7491883,58.95238],[2.7547316,58.9515634],[2.8142217,58.9444334],[2.81694,58.9441767],[2.81925,58.944215],[2.8258451,58.9445183],[2.8327016,58.9447134],[2.8477417,58.944915],[2.8494551,58.9447867],[2.8646001,58.9431434],[2.8923633,58.9405317],[2.905205,58.938605],[2.9114634,58.936545],[2.9152751,58.9352484],[2.9199633,58.932535],[2.9276817,58.928485],[2.9348884,58.9246217],[2.9401566,58.9230017],[2.9460483,58.9221517],[2.9503734,58.92216],[2.9570967,58.9210883],[2.9615233,58.9194817],[2.9704483,58.91377],[2.981115,58.906815],[2.98297,58.9057001],[2.986645,58.904425],[2.9906716,58.9028684],[3.0394367,58.8872917],[3.0638017,58.8781417],[3.0724633,58.8748584],[3.0741916,58.8742384],[3.0866667,58.86955],[3.1197566,58.8571167],[3.1538484,58.8443],[3.1727516,58.8359367],[3.1822734,58.8295733],[3.1905534,58.8225867],[3.19202,58.8213867],[3.21051,58.8103617],[3.24026,58.7908483],[3.3063484,58.7465467],[3.3115,58.7404534],[3.3198266,58.7351851],[3.3245883,58.73165],[3.32861,58.7295701],[3.3335249,58.7257033],[3.33686,58.7241417],[3.34292,58.71932],[3.35718,58.7100084],[3.3686633,58.7023367],[3.3771417,58.69632],[3.3907633,58.6879033],[3.397665,58.6826134],[3.40543,58.6780917],[3.4076716,58.6759967],[3.4111333,58.6741267],[3.413655,58.6720566],[3.4190784,58.6689667],[3.42995,58.660995],[3.4336167,58.6589117],[3.43708,58.656005],[3.4413583,58.65379],[3.4477751,58.6495567],[3.4522051,58.6461584],[3.4575767,58.6421633],[3.463,58.6391234],[3.4678133,58.6355784],[3.4721934,58.6329233],[3.478355,58.6286083],[3.4855017,58.6248684],[3.4942517,58.61642],[3.495965,58.6151567],[3.5028684,58.61123],[3.5069134,58.6075934],[3.5093934,58.6026817],[3.5107384,58.6001883],[3.5151033,58.59589],[3.5166416,58.5943033],[3.5215651,58.5895234],[3.5307367,58.5804867],[3.5314917,58.5793916],[3.5334249,58.5741517],[3.5336934,58.57352],[3.5453767,58.5617033],[3.556945,58.5513067],[3.5646734,58.5416117],[3.5694983,58.5377334],[3.5731083,58.53385],[3.578505,58.5302917],[3.5804101,58.5278334],[3.5884566,58.518755],[3.5955634,58.5141967],[3.5998433,58.5095684],[3.6086616,58.4988433],[3.6099583,58.4944183],[3.6105933,58.4932984],[3.6174283,58.4859167],[3.6233667,58.4787167],[3.6284251,58.4734733],[3.6322884,58.4683633],[3.635065,58.4656334],[3.6436234,58.4597883],[3.6445666,58.4590034],[3.6489783,58.4529217],[3.6504733,58.4508417],[3.6498983,58.4499301],[3.6465916,58.4488701],[3.646065,58.4486567],[3.6461033,58.4484951],[3.6483034,58.4488684],[3.6504899,58.4490633],[3.65225,58.448995],[3.6541783,58.44667],[3.659625,58.440945],[3.6700516,58.4294517],[3.6813083,58.4157084],[3.6869367,58.4111083],[3.6901,58.4058817],[3.7009683,58.395575],[3.7059066,58.3875684],[3.7140717,58.379575],[3.715795,58.3774117],[3.7224783,58.3671833],[3.7228834,58.366585],[3.7410816,58.3474717],[3.7458883,58.3442467],[3.7525533,58.3362884],[3.7579149,58.3302667],[3.7584417,58.3294101],[3.7605866,58.3230501],[3.7658784,58.3172917],[3.7707533,58.3119417],[3.7740217,58.3038467],[3.7814917,58.2953534],[3.7911917,58.2876101],[3.7965867,58.2819],[3.8063634,58.2666633],[3.8069283,58.2659667],[3.8155716,58.2591867],[3.820525,58.2561534],[3.8279684,58.2490833],[3.8350734,58.23729],[3.845995,58.2270617],[3.8615667,58.2093117],[3.8680867,58.203245],[3.8719334,58.1959517],[3.87833,58.1894217],[3.8828516,58.1790817],[3.89014,58.1716783],[3.8921217,58.1686],[3.8966517,58.1649583],[3.9022783,58.16204],[3.9065833,58.1563433],[3.9083534,58.150395],[3.9111834,58.1470017],[3.9213517,58.1399301],[3.9489417,58.1083501],[3.9646316,58.09038],[4.0059949,58.04296],[4.0103116,58.03409],[4.0226034,58.0224134],[4.0296567,58.0138267],[4.0316616,58.0095684],[4.035295,58.0060634],[4.0417816,57.9985867],[4.0479633,57.9936251],[4.0531533,57.9879633],[4.0580833,57.9849434],[4.0618816,57.9799684],[4.063415,57.9769734],[4.0688634,57.9717467],[4.0732983,57.9682251],[4.0773334,57.9662567],[4.0855251,57.95594],[4.0955133,57.9452934],[4.099665,57.9393583],[4.101705,57.9311267],[4.1044033,57.92774],[4.1097333,57.923925],[4.16074,57.866525],[4.1660683,57.8549784],[4.1726083,57.8474933],[4.1783401,57.8404634],[4.2110317,57.8037617],[4.2260934,57.790835],[4.2349066,57.7818867],[4.2559383,57.7595733],[4.2808967,57.7393951],[4.2920584,57.733115],[4.3282383,57.7127601],[4.3654583,57.6990717],[4.3832617,57.6940967],[4.4177317,57.68136],[4.4347333,57.6708734],[4.4428234,57.6643834],[4.4437918,57.6637467],[4.4471783,57.662135],[4.4588067,57.6561284],[4.4729984,57.65024],[4.4849666,57.6469917],[4.4981234,57.6416967],[4.5084499,57.6349534],[4.5166066,57.6266767],[4.5428167,57.6073551],[4.5503617,57.5984551],[4.566755,57.5870484],[4.5870267,57.5706417],[4.59551,57.5659684],[4.602485,57.5608283],[4.607,57.5547484],[4.6094833,57.5532984],[4.6176034,57.5478967],[4.6220616,57.5435983],[4.62489,57.54009],[4.6418299,57.5284484],[4.6576284,57.52191],[4.67223,57.5110534],[4.6786466,57.5050967],[4.6902583,57.4972067],[4.6939101,57.4926817],[4.69951,57.4888117],[4.7059516,57.4856217],[4.7193199,57.4745517],[4.7217149,57.4721967],[4.7281568,57.468535],[4.7358817,57.4621834],[4.7393883,57.45993],[4.7454634,57.4533517],[4.7539634,57.4476984],[4.7581033,57.4455517],[4.7660434,57.4388],[4.7708067,57.4344051],[4.7766867,57.4310217],[4.7791,57.4285883],[4.7864133,57.4231834],[4.7890984,57.4200967],[4.79003,57.4192584],[4.7911366,57.41776],[4.7919999,57.4161851],[4.7925866,57.415055]]}},{"type":"Feature","properties":{"osm_id":"way/1117993896","name":"NO-UK Cable System","operator":"Altibox Carrier","source_date":"2026-09-05T15:20:55Z"},"geometry":{"type":"LineString","coordinates":[[5.7423413,59.0704807],[5.7416975,59.0693806],[5.7413542,59.0689422],[5.7406086,59.0684845],[5.7393211,59.0682721],[5.7379961,59.0683107],[5.7367945,59.0685617],[5.730164,59.0707317],[5.7251966,59.0718345],[5.7039535,59.077205],[5.6992865,59.0799284],[5.6920445,59.0875024],[5.6832361,59.0901148],[5.675742,59.0919528],[5.6661451,59.0934876],[5.6584418,59.0971189],[5.6463182,59.1004745],[5.6419086,59.1022375],[5.637145,59.1050086],[5.6312656,59.1064133],[5.6260836,59.1066337],[5.620569,59.1078345],[5.6156874,59.1098451],[5.6043684,59.1116737],[5.5922556,59.1113598],[5.5858612,59.1117949],[5.5775142,59.1119546],[5.5673861,59.1133646],[5.5578589,59.1139594],[5.5476665,59.1148185],[5.5312514,59.1139704],[5.5176258,59.1131333],[5.503571,59.1121088],[5.4983675,59.111167],[5.4871988,59.1074379],[5.4658699,59.1020006],[5.4619968,59.1002376],[5.4575336,59.0970749],[5.4534459,59.0956202],[5.4506242,59.0950636],[5.4503453,59.0931183],[5.4508924,59.0906963],[5.4485965,59.0927656],[5.4457211,59.0941268],[5.4431891,59.0937521],[5.4325032,59.0930247],[5.4204655,59.0928042],[5.4116356,59.0923578],[5.4005956,59.0902912],[5.3797281,59.0842117],[5.3722715,59.0807223],[5.3670573,59.0778445],[5.3636884,59.0751539],[5.3609633,59.0717132],[5.3589248,59.0657242],[5.3560924,59.0577042],[5.3540754,59.0519665],[5.3517151,59.0454112],[5.3512001,59.0437667],[5.3500843,59.03838],[5.3493976,59.0349908],[5.3484428,59.0304308],[5.3481102,59.0291058],[5.34693,59.0255611],[5.3456855,59.0224854],[5.3425956,59.0172224],[5.337789,59.0091799],[5.3308368,59.0030916],[5.3272962,58.9999089],[5.3260517,58.9986712],[5.3172969,58.9888335],[5.3111171,58.9830623],[5.3003454,58.9733308],[5.2988004,58.9706763],[5.2981138,58.968818],[5.2981138,58.966672],[5.3012037,58.9593259],[5.3021907,58.9570686],[5.3027057,58.9543243],[5.3027486,58.9510486],[5.3021478,58.9478389],[5.3013753,58.9445404],[5.2972126,58.9368353],[5.2954959,58.934178],[5.2931356,58.9316977],[5.2911615,58.9301695],[5.2873849,58.9281983],[5.2835655,58.9265813],[5.2775359,58.9249533],[5.2739954,58.9242112],[5.2688241,58.9239232],[5.2510786,58.9234912],[5.2427745,58.9231368],[5.230844,58.92142],[5.2185273,58.9176924],[5.2103948,58.9135657],[5.1890874,58.8989823],[5.1528883,58.8729585],[5.0697612,58.8146751],[4.9416159,58.727233],[4.8714064,58.6778302],[4.8587034,58.6653346],[4.7920988,58.6178106],[4.7517584,58.5918773],[4.7111606,58.5622989],[4.6587179,58.5261535],[4.6103953,58.4928865],[4.5878219,58.4806388],[4.5837878,58.4751192],[4.525337,58.3306746],[4.4922923,58.2506885],[4.4736671,58.2391245],[4.4643115,58.2341996],[4.4534968,58.2295452],[4.3277548,58.1157975],[4.2778013,58.0785117],[4.1887091,58.0199189],[4.1797827,58.011008],[4.1324042,57.929343],[4.1049383,57.9127506],[4.0148161,57.8307702],[3.9923285,57.8195267],[3.9478682,57.7587695],[3.9264105,57.7448469],[3.9183424,57.7350428],[3.8943098,57.6552291],[3.8694189,57.6335481],[3.8352583,57.6134173],[3.822212,57.5988868],[3.8005827,57.5524055],[3.7337207,57.4213869],[3.738613,57.4020172],[3.5417174,56.9907321],[3.4950255,56.7925121],[3.4852408,56.777937],[3.4252452,56.6348017],[3.4213828,56.6311196],[3.4023284,56.6254541],[3.387823,56.6219127],[3.3819865,56.6183237],[3.3802699,56.61464],[3.3785533,56.6074604],[3.3478259,56.5427351],[3.3473109,56.5373875],[3.3364104,56.5131013],[3.3310889,56.5086021],[3.3191585,56.5029656],[3.3083868,56.4991758],[3.3003187,56.4951962],[3.2864999,56.485269],[3.252983,56.4732059],[3.2225131,56.4638183],[3.2076644,56.459503],[3.1845759,56.4538591],[3.0837249,56.4297092],[3.047676,56.4211178],[3.0210685,56.4130468],[2.8955839,56.3704794],[2.7837466,56.332718],[2.5999829,56.2681426],[2.107658,56.073377],[1.9692991,56.0181511],[1.9437216,56.0182471],[1.9087027,56.0390619],[1.8901632,56.0418427],[1.8729971,56.0385824],[1.6687201,55.9559276],[1.6567038,55.9541977],[1.6242598,55.955351],[1.6141318,55.9528522],[1.1697003,55.7576456],[0.7170295,55.5595151],[0.6810664,55.5602432],[0.5062723,55.5101902],[0.4992342,55.5077843],[0.4850721,55.5065692],[0.4130172,55.485687],[0.4012155,55.48041],[0.3640936,55.4721405],[0.1417921,55.4169334],[0.0860022,55.4040699]]}},{"type":"Feature","properties":{"osm_id":"way/1118288793","name":null,"operator":null,"source_date":"2026-09-05T15:20:55Z"},"geometry":{"type":"LineString","coordinates":[[4.8194522,60.5682707],[4.8189808,60.568583]]}},{"type":"Feature","properties":{"osm_id":"way/1118288798","name":null,"operator":null,"source_date":"2026-09-05T15:20:55Z"},"geometry":{"type":"LineString","coordinates":[[4.8194455,60.5667266],[4.8185778,60.5670264]]}},{"type":"Feature","properties":{"osm_id":"way/1118288802","name":null,"operator":null,"source_date":"2026-09-05T15:20:55Z"},"geometry":{"type":"LineString","coordinates":[[4.8273982,60.5642347],[4.8265412,60.5641632]]}},{"type":"Feature","properties":{"osm_id":"way/1118733011","name":"Tampnet","operator":"Tampnet","source_date":"2026-09-05T15:20:55Z"},"geometry":{"type":"LineString","coordinates":[[2.8243762,60.4914715],[2.8239231,60.4914536],[2.8234904,60.4913849],[2.8220315,60.4908521],[2.8209125,60.4906661],[2.8199167,60.4904467],[2.8195368,60.4903243],[2.8195167,60.4901967],[2.8196756,60.4899875],[2.8196119,60.4899047],[2.8181791,60.4897903],[2.8147395,60.4892081],[2.8125427,60.4889206],[2.8067866,60.488084],[2.8054115,60.4878494],[2.7950314,60.4863584],[2.7924907,60.4860308],[2.7891645,60.4855673],[2.7879095,60.4854309],[2.7859622,60.4852987],[2.7835872,60.4852423],[2.7805885,60.4852956],[2.7777092,60.4854986],[2.7760863,60.4856819],[2.7744341,60.4859251],[2.7724257,60.4862925],[2.7710223,60.4866016],[2.7699923,60.4868764],[2.7689409,60.4871724],[2.7679217,60.4874842],[2.76671,60.4879275],[2.7656472,60.4883616],[2.7647763,60.4887412],[2.7633315,60.4894213],[2.7617868,60.4903032],[2.7571916,60.4927907],[2.7544604,60.4941711],[2.7482624,60.4975105],[2.7446634,60.4993484],[2.731669,60.506284],[2.7278542,60.5083883],[2.7246522,60.5108363],[2.7214336,60.5127164],[2.7188382,60.5141375],[2.7153825,60.5156737],[2.7101415,60.5178554],[2.7071735,60.5193739],[2.7055089,60.5203255],[2.7041249,60.5210393],[2.7020767,60.5221815],[2.6983072,60.5240627],[2.6947178,60.5260915],[2.6914815,60.5277942],[2.6872987,60.5299787],[2.6839298,60.5317941],[2.6830156,60.5322943],[2.6823484,60.5329811],[2.6820072,60.5334925],[2.6818968,60.533802],[2.6811313,60.5373723],[2.6810621,60.5380444],[2.6807529,60.539156],[2.6801893,60.5418337],[2.6801752,60.5425965],[2.6798466,60.5436148],[2.6798183,60.5441976],[2.6795921,60.5445857],[2.6794983,60.5449417],[2.679413,60.5460171],[2.6797711,60.5468507],[2.6804188,60.5475925],[2.6811524,60.5486069],[2.6825873,60.550256],[2.6831163,60.5510667],[2.6837686,60.5517586],[2.6846243,60.5529897],[2.6858068,60.5543508],[2.6886695,60.55804],[2.6911974,60.5610694],[2.6924507,60.5628021],[2.6942211,60.564966],[2.6944905,60.5654412],[2.6956172,60.566618],[2.6963091,60.5675905],[2.696618,60.5677534],[2.6968425,60.5679481],[2.6972847,60.5686791],[2.6979835,60.5695072],[2.6995315,60.5716633],[2.7003648,60.5725608],[2.7016657,60.574237],[2.7022948,60.574884],[2.7026963,60.5756202],[2.7031228,60.5762121],[2.7048964,60.5783251],[2.7081681,60.582309],[2.7131969,60.5888081],[2.7169983,60.5935641],[2.7198265,60.5972026],[2.7218441,60.5996945],[2.7250854,60.6037756],[2.7282217,60.60764],[2.7305703,60.6104599],[2.7338653,60.6146781],[2.7358256,60.6171905],[2.7400025,60.6224478],[2.7430362,60.6261514],[2.745789,60.6296485],[2.7467701,60.6308081],[2.748899,60.6335302],[2.7507924,60.635815],[2.7535019,60.6393401],[2.7541066,60.639993],[2.7549656,60.6411275],[2.7571954,60.6438271],[2.7596471,60.6469077],[2.7614104,60.6491205],[2.7652861,60.6539039],[2.7682301,60.6575759],[2.7696416,60.6595199],[2.7718936,60.662265],[2.7735051,60.6642658],[2.7751381,60.6663593],[2.7760017,60.6674443],[2.7783645,60.6704443],[2.7805762,60.6730448],[2.7854283,60.6791389],[2.7875641,60.6819084],[2.7896901,60.6845331],[2.7911015,60.686238],[2.7921894,60.6877146],[2.7950769,60.691202],[2.8014059,60.699177],[2.8027954,60.7008831],[2.8060122,60.7048874],[2.8090474,60.7085755],[2.812665,60.7130349],[2.8151827,60.7161632],[2.8183391,60.7200858],[2.8216967,60.7242088],[2.8236611,60.7267706],[2.825186,60.7286936],[2.8275602,60.7317034],[2.8321356,60.7372782],[2.835733,60.7416489],[2.8384096,60.7450376],[2.8410613,60.7485259],[2.8437666,60.7517648],[2.8486935,60.7579012],[2.8499818,60.759477],[2.8516019,60.7616119],[2.856399,60.7674342],[2.8594416,60.7712794],[2.863411,60.7763921],[2.8646367,60.7782587],[2.8672229,60.7821403],[2.868105,60.7836502],[2.869436,60.7856089],[2.8705251,60.7869884],[2.8710818,60.7876042],[2.8725123,60.7890551],[2.8729447,60.7894511],[2.8739087,60.7901616],[2.8745141,60.7904991],[2.8747853,60.7906194],[2.8753442,60.7907734],[2.8758525,60.7910313],[2.8769673,60.7918508],[2.8775351,60.7922437],[2.8795498,60.7933462],[2.8810812,60.7939176],[2.8839797,60.7948658],[2.8846635,60.7949957],[2.8903409,60.7957353],[2.8908845,60.7957733],[2.8967448,60.7955632],[2.898007,60.7954481],[2.8989561,60.7952814],[2.8995044,60.7952671],[2.9035204,60.7947993],[2.9040397,60.7947089],[2.9092037,60.7935379],[2.9131103,60.7925451],[2.9150972,60.7922005],[2.9179432,60.7917643],[2.9208236,60.7913331],[2.9231782,60.7909914],[2.9243346,60.7908469],[2.9271267,60.7904063],[2.9283563,60.7901042],[2.9296372,60.7898577],[2.9308986,60.7897381],[2.9321974,60.7895172],[2.9337944,60.7893111],[2.9377006,60.7886575],[2.9418334,60.7880673],[2.9466104,60.7872769],[2.9478447,60.7869815],[2.9493033,60.7867135],[2.9508186,60.7862973],[2.9524221,60.78597],[2.9542924,60.7857468],[2.9574513,60.7852968],[2.959169,60.7851555],[2.9628897,60.7846724],[2.9688557,60.7837133],[2.9730273,60.783029],[2.9795712,60.782004],[2.9852959,60.781043],[2.9890715,60.7803656],[2.9900831,60.7801526],[2.9967264,60.7789867],[3.0111921,60.7767076],[3.0208824,60.7753461],[3.0256922,60.7746355],[3.0330033,60.7736377],[3.0397668,60.7726647],[3.0439228,60.772105],[3.0483389,60.7715234],[3.0522031,60.7709745],[3.0564105,60.7703837],[3.0603156,60.7697499],[3.062366,60.7693574],[3.0640264,60.7690979],[3.0722217,60.7676509],[3.0773553,60.766817],[3.0789411,60.7665915],[3.0828535,60.7659477],[3.0834366,60.7658166],[3.0856581,60.7655398],[3.0890177,60.7649386],[3.0912307,60.7646437],[3.092588,60.7643715],[3.0960789,60.7638215],[3.0974219,60.763533],[3.099302,60.7633366],[3.1012415,60.7629314],[3.1023907,60.7627795],[3.1040899,60.7624435],[3.1049855,60.7623468],[3.1068234,60.7620682],[3.1088006,60.7617096],[3.1110008,60.7613969],[3.1119169,60.7611915],[3.1127251,60.7611098],[3.113781,60.7609578],[3.1143697,60.7608344],[3.1151757,60.7607496],[3.1158363,60.7605949],[3.1167066,60.7604529],[3.118394,60.7602408],[3.1200135,60.7599289],[3.1249233,60.7591943],[3.1283643,60.7585771],[3.130152,60.7583782],[3.1314159,60.7580181],[3.1328619,60.7579019],[3.1336187,60.7577414],[3.1350272,60.7575395],[3.1360533,60.7573449],[3.1407936,60.7566465],[3.143405,60.7560996],[3.1444777,60.7559835],[3.145698,60.75579],[3.1464248,60.7557432],[3.1473934,60.7556051],[3.149067,60.755241],[3.1511825,60.7549436],[3.1541268,60.7544455],[3.1565165,60.7541351],[3.1589317,60.7537136],[3.1604293,60.7535056],[3.16595,60.7525457],[3.1674462,60.7523482],[3.1680205,60.7522096],[3.1698282,60.751894],[3.172127,60.7515886],[3.1745092,60.7511311],[3.1760306,60.7509788],[3.1783385,60.7505554],[3.1812168,60.75011],[3.1823195,60.7498899],[3.1827696,60.7498476],[3.1836154,60.7496749],[3.1855337,60.7493829],[3.1858628,60.7493037],[3.1873426,60.7490665],[3.1885867,60.7489182],[3.189173,60.7487919],[3.1900185,60.7485234],[3.1915509,60.7482332],[3.1929541,60.7478105],[3.1964265,60.7470077],[3.1995033,60.746578],[3.2039103,60.7458241],[3.2058579,60.7455773],[3.2073959,60.7452873],[3.2137164,60.7442243],[3.2181805,60.7435575],[3.2239957,60.7426078],[3.2271969,60.7419676],[3.2301923,60.7412101],[3.2344058,60.7401329],[3.2347666,60.739932],[3.2354129,60.7393899],[3.2369602,60.7384469],[3.238797,60.7381777],[3.2412685,60.7382007],[3.2425419,60.7382614],[3.2449197,60.7382779],[3.246561,60.7383367],[3.2527076,60.7379174],[3.2538959,60.737688],[3.2546094,60.7376053],[3.2567673,60.7372328],[3.2579164,60.7370799],[3.2601535,60.7366824],[3.2620871,60.7364052],[3.2625867,60.7362927],[3.2647001,60.7360011],[3.2655376,60.7358213],[3.2671867,60.7355502],[3.2680759,60.7354436],[3.2705043,60.73504],[3.2719355,60.7347388],[3.2730606,60.7345478],[3.2778016,60.7338606],[3.280746,60.7333626],[3.2815421,60.7332572],[3.2821817,60.7332446],[3.2835383,60.7331358],[3.2856576,60.7328734],[3.2862967,60.7328677],[3.2870028,60.732775],[3.2874605,60.7327753],[3.2879891,60.7327057],[3.2886283,60.7326908],[3.2899298,60.7324765],[3.290748,60.7322755],[3.2917449,60.7322074],[3.2925382,60.7320972],[3.2936614,60.7319072],[3.2979606,60.7310275],[3.3007623,60.730375],[3.3036381,60.7297972],[3.3060381,60.7293543],[3.3109411,60.7283654],[3.3153992,60.7274468],[3.3193599,60.7266237],[3.3221718,60.7262216],[3.3280611,60.7252307],[3.3298124,60.7249669],[3.3313082,60.7247558],[3.3318526,60.7247372],[3.3400808,60.7235054],[3.350317,60.7218591],[3.3534316,60.7213415],[3.360183,60.7202064],[3.3633382,60.7196036],[3.3649242,60.7192525],[3.3725872,60.7181222],[3.3780698,60.7172645],[3.3863434,60.7158565],[3.3948949,60.7143231],[3.4011089,60.7131569],[3.4033111,60.7127148],[3.4040231,60.7126315],[3.4045715,60.7126184],[3.4063082,60.712673],[3.4100624,60.7126783],[3.4120084,60.712433],[3.414519,60.7120173],[3.4175223,60.711499],[3.4215596,60.7105604],[3.4248187,60.7098572],[3.4266372,60.7094443],[3.4323346,60.7082221],[3.4341398,60.7080809],[3.4380627,60.7079178],[3.4392278,60.7078002],[3.4410381,60.7075377],[3.4428597,60.707186],[3.4445632,60.7068561],[3.4465662,60.7065384],[3.449141,60.7060693],[3.4504935,60.7057933],[3.4565442,60.70476],[3.4578692,60.7045831],[3.4631851,60.7041103],[3.465766,60.703804],[3.4668723,60.7035895],[3.4688762,60.703047],[3.4720836,60.7022775],[3.4765984,60.7013176],[3.4814775,60.7004081],[3.4874861,60.6994507],[3.4890172,60.6991523],[3.4912996,60.6988239],[3.4984715,60.6975933],[3.5016898,60.6970764],[3.5037498,60.6967012],[3.5081795,60.6959787],[3.5093402,60.6958503],[3.5110744,60.6957897],[3.512782,60.6956277],[3.5138365,60.6954766],[3.5144307,60.6953595],[3.5162074,60.6948947],[3.5176541,60.6946137],[3.5188736,60.6944212],[3.5200519,60.6941739],[3.5249076,60.6933717],[3.5265379,60.6930758],[3.527447,60.6928641],[3.5287891,60.6927294],[3.5316447,60.6922491],[3.5325556,60.6922071],[3.5341113,60.6922069],[3.5357409,60.6920874],[3.5370821,60.6919433],[3.5377209,60.6919215],[3.5395752,60.6916752],[3.54332,60.6912513],[3.547578,60.6901127],[3.5488054,60.6897217],[3.5522373,60.6889836],[3.5540005,60.6887488],[3.5567551,60.6882633],[3.5574818,60.6880743],[3.5581833,60.6879717],[3.5590225,60.6877016],[3.5604938,60.6874598],[3.5634531,60.6865639],[3.5642772,60.6863688],[3.5650469,60.6862247],[3.5664578,60.6860335],[3.5743244,60.6846961],[3.5760669,60.6844228],[3.5801489,60.6841741],[3.5829345,60.6839186],[3.5933771,60.6824123],[3.5969411,60.6824332],[3.5980124,60.6823194],[3.6004008,60.6818656],[3.6020683,60.6816244],[3.6037914,60.6813227],[3.6105033,60.6794003],[3.6110055,60.679292],[3.6149758,60.678608],[3.616986,60.6783049],[3.6174398,60.6782787],[3.6201837,60.678288],[3.6208106,60.6782296],[3.625221,60.6769519],[3.6269326,60.6765235],[3.6300715,60.6756031],[3.6358192,60.6750725],[3.6373299,60.6748922],[3.6399457,60.6746802],[3.6441481,60.6742423],[3.648282,60.6731864],[3.6512918,60.672811],[3.6524415,60.6725344],[3.6590442,60.6712109],[3.6642093,60.6699601],[3.665508,60.6697447],[3.6680924,60.6694659],[3.6699213,60.6691827],[3.672601,60.6688953],[3.6734612,60.6687432],[3.6759697,60.6681991],[3.6769341,60.6680621],[3.6784253,60.6677238],[3.6795863,60.6676017],[3.6816237,60.6672016],[3.6840377,60.6669545],[3.6857097,60.6667301],[3.6871644,60.6666588],[3.6880894,60.6664712],[3.6893597,60.6664067],[3.6904292,60.6661528],[3.691707,60.665908],[3.6956315,60.6653084],[3.6992525,60.6644482],[3.7018259,60.6639837],[3.7027986,60.6638594],[3.7040908,60.6636345],[3.7055246,60.663339],[3.7067475,60.6631559],[3.7073332,60.6630298],[3.7108517,60.6625411],[3.7122663,60.6622273],[3.7142294,60.6618614],[3.7147911,60.6617122],[3.7179165,60.6613759],[3.7209704,60.6607817],[3.7236909,60.6603917],[3.7266257,60.6598898],[3.7282784,60.6594115],[3.7290458,60.6592666],[3.7310083,60.6590525],[3.7329788,60.6586919],[3.7359804,60.6582953],[3.7377286,60.6580325],[3.7391844,60.6577647],[3.7410016,60.6573416],[3.7420215,60.657043],[3.7430928,60.6566236],[3.7467464,60.6549297],[3.7472905,60.6545689],[3.7482067,60.6538445],[3.7498138,60.6523322],[3.7503074,60.6517525],[3.7507337,60.651357],[3.7511206,60.6508548],[3.7510891,60.6501838],[3.7505296,60.6495702],[3.7503164,60.6494245],[3.749773,60.6491848],[3.7485761,60.6488585],[3.7451373,60.6482544],[3.7444157,60.6482019],[3.7426799,60.6479214],[3.7403632,60.6476614],[3.7393445,60.6474631],[3.7381914,60.6473219],[3.7359365,60.6469538],[3.7348716,60.6468243],[3.7339623,60.6466156],[3.7316598,60.6463288],[3.7311146,60.6463422],[3.7306905,60.6464219],[3.7300353,60.6466657],[3.7293215,60.6470743],[3.7289363,60.6471939],[3.7275834,60.6472957],[3.7272207,60.6472834],[3.7255519,60.6470492],[3.7246285,60.646854],[3.7242659,60.6467192],[3.7240546,60.6465215],[3.7240337,60.6463434],[3.7244651,60.6457055]]}},{"type":"Feature","properties":{"osm_id":"way/1118869961","name":null,"operator":"BKK","source_date":"2026-09-05T15:20:55Z"},"geometry":{"type":"LineString","coordinates":[[4.8049293,60.6611301],[4.8044862,60.6612155]]}},{"type":"Feature","properties":{"osm_id":"way/1118869962","name":null,"operator":"BKK","source_date":"2026-09-05T15:20:55Z"},"geometry":{"type":"LineString","coordinates":[[4.8039235,60.6609797],[4.8049293,60.6611301]]}},{"type":"Feature","properties":{"osm_id":"way/1118869963","name":null,"operator":"BKK","source_date":"2026-09-05T15:20:55Z"},"geometry":{"type":"LineString","coordinates":[[4.8045149,60.6607195],[4.8039235,60.6609797]]}},{"type":"Feature","properties":{"osm_id":"way/1118869971","name":null,"operator":"BKK","source_date":"2026-09-05T15:20:55Z"},"geometry":{"type":"LineString","coordinates":[[4.7935531,60.657796],[4.792791,60.6577912]]}},{"type":"Feature","properties":{"osm_id":"way/1118869989","name":null,"operator":null,"source_date":"2026-09-05T15:20:55Z"},"geometry":{"type":"LineString","coordinates":[[4.8042108,60.6249315],[4.8036432,60.6254696]]}},{"type":"Feature","properties":{"osm_id":"way/1118869990","name":null,"operator":"BKK","source_date":"2026-09-05T15:20:55Z"},"geometry":{"type":"LineString","coordinates":[[4.8253996,60.5892227],[4.8262221,60.5892135]]}},{"type":"Feature","properties":{"osm_id":"way/1118869991","name":null,"operator":"BKK","source_date":"2026-09-05T15:20:55Z"},"geometry":{"type":"LineString","coordinates":[[4.8262221,60.5892135],[4.8257259,60.5889145],[4.8253567,60.5884782]]}},{"type":"Feature","properties":{"osm_id":"way/1165311359","name":"EllaLink","operator":"EllaLink","source_date":"2026-09-05T15:20:55Z"},"geometry":{"type":"LineString","coordinates":[[-8.8560369,37.9921646],[-8.8766667,37.9963889],[-8.8858333,38.0036111],[-8.9011111,38.02],[-8.9105556,38.0230556],[-8.9369444,38.0208333],[-8.9905556,38.0091667],[-9.0052778,37.9988889],[-9.0280556,37.9775],[-9.0433333,37.9619444]]}},{"type":"Feature","properties":{"osm_id":"way/1192659443","name":null,"operator":null,"source_date":"2026-09-05T15:20:55Z"},"geometry":{"type":"LineString","coordinates":[[1.991512,59.5677902],[1.9911009,59.5679309],[1.9901638,59.5682205],[1.9896588,59.5684032],[1.9891828,59.5685421],[1.98862,59.5687448],[1.9883669,59.5688277],[1.9874103,59.5691192],[1.9862783,59.5694876],[1.9846426,59.5700395],[1.9840161,59.5702576],[1.9833998,59.5704832],[1.9825867,59.5708136],[1.9820659,59.5710435],[1.9814735,59.5713273],[1.9809339,59.5716248],[1.9802203,59.5720596],[1.9797581,59.5723775],[1.9794883,59.5725772],[1.979135,59.5728563],[1.9785862,59.573317],[1.9782535,59.5736239],[1.9780611,59.5738161],[1.9778512,59.5740443],[1.977713,59.5742099],[1.9774687,59.5745279],[1.97729,59.5747818],[1.9770888,59.5750983],[1.9768466,59.5755585],[1.9767504,59.5757778],[1.9766651,59.5759984],[1.976564,59.5762997],[1.9764996,59.5765402],[1.9764325,59.5768529],[1.9763926,59.5770858],[1.976351,59.5775888],[1.9763503,59.5779037],[1.9763581,59.5780206],[1.9763992,59.5783345],[1.9764548,59.5786298],[1.9765672,59.5790846],[1.9766029,59.5792002],[1.9767536,59.5796065],[1.9768943,59.5799037],[1.977003,59.5801124],[1.9772218,59.580473],[1.9773737,59.580703],[1.9775994,59.581015],[1.9777739,59.5812408],[1.9780349,59.5815456],[1.9782392,59.5817651],[1.9784567,59.5819814],[1.9787535,59.5822577],[1.9788888,59.5823739],[1.9792906,59.582692],[1.9795848,59.5829058],[1.9800091,59.5831937],[1.9806238,59.5835765],[1.9809146,59.5837453],[1.981369,59.5839966],[1.9820089,59.5843323],[1.9823047,59.5844746],[1.9825973,59.584605],[1.9832551,59.5848784],[1.9836191,59.5850215],[1.983933,59.5851387],[1.9844591,59.5853217],[1.9854873,59.5856403],[1.9860036,59.5857794],[1.9863704,59.5858695],[1.987637,59.5861468],[1.9917033,59.5869629],[1.9986144,59.5884263],[2.0020584,59.5891373],[2.003982,59.5895272],[2.0048812,59.5897171],[2.0065766,59.5900582],[2.0076509,59.5902917],[2.0091866,59.5906407],[2.0112159,59.5911328],[2.0130539,59.591598],[2.0135369,59.5917306],[2.0143895,59.5919503],[2.0152626,59.5921887],[2.0175376,59.5928307],[2.0194461,59.5933996],[2.0216609,59.594093],[2.0231405,59.5945699],[2.024371,59.5949776],[2.0250147,59.5952004],[2.0264413,59.5957013],[2.027465,59.5960716],[2.0295492,59.5968475],[2.0312944,59.5975234],[2.0320574,59.5978304],[2.0332378,59.5983184],[2.0345995,59.5988927],[2.0354612,59.5992659],[2.0371408,59.6000111],[2.0385461,59.6006689],[2.0396925,59.6012175],[2.041569,59.6021455],[2.0433182,59.6030618],[2.044945,59.6039503],[2.046224,59.6046712],[2.0476946,59.6055342],[2.0488408,59.606242],[2.0493353,59.6065583],[2.0507569,59.6075218],[2.0517332,59.6081945],[2.0519859,59.6083565],[2.0526036,59.6087839],[2.0540159,59.6097287],[2.0547887,59.6102318],[2.0560538,59.6110867],[2.0572536,59.6119101],[2.0576652,59.6122026],[2.0579661,59.6124026],[2.0584284,59.6127431],[2.0585982,59.6128582],[2.0593956,59.6134303],[2.0600225,59.613822],[2.0603082,59.6139708],[2.0606445,59.6141315],[2.0608265,59.6142051],[2.0611457,59.6143223],[2.0616361,59.61447],[2.0629599,59.614734],[2.0636415,59.6148453],[2.0662783,59.6153493]]}},{"type":"Feature","properties":{"osm_id":"way/1192659444","name":null,"operator":null,"source_date":"2026-09-05T15:20:55Z"},"geometry":{"type":"LineString","coordinates":[[1.9136395,59.6278178],[1.9502431,59.6253995],[2.0152937,59.621562],[2.0184366,59.6213682],[2.0309771,59.6197977],[2.0408279,59.6191638],[2.0521064,59.6183661],[2.0536516,59.6182114],[2.054753,59.6180448],[2.0557044,59.6178503],[2.0565727,59.6176107],[2.0567187,59.6175603],[2.0574597,59.6172681],[2.0588458,59.6166295],[2.0590964,59.6165028],[2.0598716,59.6161904],[2.0617396,59.6158135],[2.0649645,59.6154705],[2.0652571,59.6154352],[2.0655926,59.6154343],[2.0658182,59.6154114],[2.0660191,59.6153761],[2.0662783,59.6153493],[2.0670735,59.6153151],[2.0675118,59.6152555],[2.0676592,59.6152249],[2.0683164,59.615151],[2.0737099,59.614298],[2.0744496,59.6141475],[2.0753946,59.6139429],[2.0822669,59.6124764],[2.0827139,59.6123674],[2.0833703,59.6121721],[2.0890068,59.610259],[2.0908884,59.6096344],[2.0965259,59.6077222],[2.0968618,59.6075948],[2.0973647,59.6074322],[2.097851,59.6072696],[2.0979406,59.6072301],[2.0980568,59.6071891],[2.1088926,59.6035995],[2.109474,59.6033946],[2.1130865,59.6021781],[2.1183236,59.6004384],[2.1297965,59.5967933],[2.1335116,59.5955997],[2.1367811,59.594494],[2.1381626,59.5940239],[2.1414066,59.5928704],[2.1442899,59.5918017],[2.160806,59.5859553],[2.1615862,59.5856909],[2.1955859,59.5763129],[2.195855,59.5762736],[2.1960959,59.5762222],[2.1962185,59.5762147],[2.1964243,59.5762383],[2.1966559,59.5762823],[2.197309,59.5764386],[2.1980596,59.576675],[2.1988195,59.5769685],[2.2006999,59.5777718],[2.2007457,59.5777855],[2.2007978,59.5777886],[2.2008447,59.5777769],[2.2008746,59.5777451],[2.2008837,59.5776196],[2.2008798,59.5775214],[2.2008248,59.5774274],[2.2006736,59.5772653],[2.2006584,59.5772395],[2.2006371,59.5771687],[2.2004133,59.5759913],[2.2004369,59.5758215],[2.2005143,59.5755826],[2.2006687,59.5753351],[2.2009244,59.575069],[2.2013157,59.5748381],[2.2017781,59.5746722],[2.2029191,59.5743287],[2.2082863,59.5724666],[2.2101793,59.5719218],[2.2158223,59.569832],[2.2163976,59.5696253],[2.2165881,59.5695616],[2.2228312,59.5672508],[2.2235138,59.5670109],[2.2243793,59.5668308],[2.2250414,59.5667742],[2.2258184,59.5667587],[2.2265924,59.5668486],[2.2270159,59.5669395],[2.2279362,59.5672068],[2.2331449,59.5689675],[2.2335551,59.5690915],[2.2340263,59.5692119],[2.2349222,59.5695083],[2.2350204,59.5695596],[2.2353708,59.569762],[2.2356451,59.5698884],[2.2359587,59.5699892],[2.2362397,59.5700428],[2.2365543,59.5700672],[2.2369234,59.5700542],[2.2372832,59.5699822],[2.2375949,59.5698799],[2.2378216,59.5697545],[2.2380181,59.569595],[2.2383181,59.5693102],[2.2385305,59.569134],[2.2386563,59.5690475],[2.238815,59.5689763],[2.239231,59.5688841],[2.2394425,59.5688799],[2.2395922,59.5689054],[2.2396949,59.5689405],[2.239746,59.5689652],[2.2397719,59.5689885],[2.2397819,59.5690148],[2.2397826,59.5690418],[2.2397217,59.5694536],[2.2396512,59.5696293],[2.2396446,59.5697096],[2.2394544,59.5704305],[2.23924,59.5710221],[2.2387972,59.5719469],[2.2383046,59.5727343],[2.2382646,59.5727938],[2.2382179,59.5728422],[2.2381399,59.5728907],[2.2380838,59.5729125],[2.2379723,59.5729396],[2.2378528,59.5729561],[2.2375738,59.5729808],[2.2372273,59.573017],[2.2366265,59.5730934],[2.2363203,59.5731383],[2.2358854,59.5732143],[2.2356399,59.5732658],[2.2353991,59.5733225],[2.2351304,59.5733911],[2.2348815,59.5734596],[2.2343304,59.5736214],[2.2342185,59.5736654],[2.2340896,59.573727],[2.2333595,59.5741057],[2.2332284,59.5741904],[2.2331496,59.5742606],[2.2330997,59.5743181],[2.2325388,59.5752071],[2.2324938,59.5752559],[2.2324547,59.5752858],[2.2324058,59.5753118],[2.2323622,59.575327],[2.2323137,59.5753379],[2.2322624,59.5753444],[2.2322096,59.5753473],[2.2321036,59.5753453],[2.2319984,59.5753377],[2.2270624,59.5748088]]}},{"type":"Feature","properties":{"osm_id":"way/1199410250","name":"Rampion Wind Farm Communications Cable","operator":"RWE","source_date":"2026-09-05T15:20:55Z"},"geometry":{"type":"LineString","coordinates":[[-0.259831,50.6928285],[-0.2614778,50.6948559],[-0.265705,50.6975471],[-0.2765625,50.703826],[-0.281648,50.7067205],[-0.2918404,50.7113813],[-0.2984494,50.7145335],[-0.3018826,50.7170334],[-0.3045433,50.7202395],[-0.3065175,50.722644],[-0.3081912,50.7259449],[-0.3104013,50.7322879],[-0.3131908,50.7419162],[-0.3158086,50.7508909],[-0.3165382,50.7535789],[-0.316388,50.7567554],[-0.3135985,50.7664194],[-0.3129333,50.7695272],[-0.3126114,50.7722955],[-0.3121179,50.7784152],[-0.3135556,50.7838421],[-0.3160232,50.7888615],[-0.3181475,50.7928766],[-0.3223318,50.7985459],[-0.3236407,50.7997259],[-0.3253787,50.8022754],[-0.3288334,50.8072115],[-0.3356375,50.8170203]]}},{"type":"Feature","properties":{"osm_id":"way/1213236769","name":"Aurora","operator":"GlobalConnect","source_date":"2026-09-05T15:20:55Z"},"geometry":{"type":"LineString","coordinates":[[17.0625,57.3645],[17.06815,57.3806667],[17.1566,57.4486833],[17.1835,57.4551667],[17.4131667,57.4375],[18.0498667,57.5651333],[18.1828333,57.5896667]]}},{"type":"Feature","properties":{"osm_id":"way/1228083658","name":"Aurora","operator":"GlobalConnect","source_date":"2026-09-05T15:20:55Z"},"geometry":{"type":"LineString","coordinates":[[14.8158333,55.2601667],[14.8546667,55.277],[15.1341667,55.4411667],[15.245,55.5078333],[15.3751667,55.5546667],[15.5791667,55.6275],[15.665,55.6591667],[16.2741667,55.9638333],[16.506,56.0793333],[16.563,56.2158333],[16.5583333,56.225],[16.5001667,56.241],[16.4803333,56.2441667]]}},{"type":"Feature","properties":{"osm_id":"way/1233240504","name":"Aurora","operator":"GlobalConnect","source_date":"2026-09-05T15:20:55Z"},"geometry":{"type":"LineString","coordinates":[[13.6316667,54.5073333],[13.6385,54.5055],[13.6405,54.5053333],[13.6503333,54.5061667],[13.661,54.51],[13.681,54.5131667],[13.683,54.5148333],[13.8115,54.5933333],[13.8076667,54.6188333],[13.8621667,54.7278333],[13.92,54.7595],[13.9201667,54.7675],[13.9263333,54.7758333],[13.9465,54.7781667],[13.9566667,54.776],[14.0251667,54.7861667],[13.9806667,54.9248333],[14.0255,54.9338333],[14.3208333,54.9362333],[14.4743333,55.0509333],[14.6767463,55.0829001],[14.6915751,55.0811373],[14.70025,55.0875]]}},{"type":"Feature","properties":{"osm_id":"way/1249254616","name":"Aurora","operator":"GlobalConnect","source_date":"2026-09-05T15:20:55Z"},"geometry":{"type":"LineString","coordinates":[[12.41,55.6128333],[12.4245,55.6008333],[12.4441667,55.5493333],[12.5411667,55.5021667],[12.5645,55.5021667],[12.6783333,55.4983333],[12.7471667,55.4998333],[12.7715,55.4941667],[12.7826667,55.496],[12.7938333,55.5025],[12.8128333,55.505],[12.83,55.5043333],[12.8871667,55.5118333],[12.9041667,55.52]]}},{"type":"Feature","properties":{"osm_id":"way/1270773817","name":null,"operator":null,"source_date":"2026-09-05T15:20:55Z"},"geometry":{"type":"LineString","coordinates":[[17.4558525,68.3897576],[17.4771559,68.4094217]]}},{"type":"Feature","properties":{"osm_id":"way/1295258508","name":"Denmark-Germany 1","operator":"Deutsche Telekom AG","source_date":"2026-09-05T15:20:55Z"},"geometry":{"type":"LineString","coordinates":[[7.2757815,53.7703266],[7.2732936,53.7255709],[7.2733398,53.723983]]}},{"type":"Feature","properties":{"osm_id":"way/1295258510","name":"TAT 10B EAST SECTION","operator":"Deutsche Telekom AG","source_date":"2026-09-05T15:20:55Z"},"geometry":{"type":"LineString","coordinates":[[7.271979,53.7244077],[7.269233,53.726717],[7.2363,53.758033]]}},{"type":"Feature","properties":{"osm_id":"way/1295258511","name":"UK-Germany 6","operator":"BT","source_date":"2026-09-05T15:20:55Z"},"geometry":{"type":"LineString","coordinates":[[7.282467,53.668167],[7.282383,53.669817],[7.283067,53.672817],[7.2818722,53.6742831],[7.2818326,53.6757051],[7.2735826,53.6943289],[7.2722423,53.6978627],[7.2697694,53.7030529],[7.2695,53.704683],[7.269517,53.7114],[7.269267,53.7118],[7.27205,53.715733],[7.2732014,53.716149],[7.275,53.717133],[7.275317,53.717183],[7.276033,53.718233],[7.2671873,53.7241763],[7.20085,53.780967],[7.198283,53.782383]]}},{"type":"Feature","properties":{"osm_id":"way/1295258512","name":"SEA-ME-WE3 SEG 10.4","operator":"Deutsche Telekom AG","source_date":"2026-09-05T15:20:55Z"},"geometry":{"type":"LineString","coordinates":[[7.282467,53.66815],[7.2766441,53.7180976],[7.2755885,53.7257891],[7.262667,53.7255],[7.2018,53.7533]]}},{"type":"Feature","properties":{"osm_id":"way/1354947234","name":"C-Lion 1","operator":"Cinia","source_date":"2026-09-05T15:20:55Z"},"geometry":{"type":"LineString","coordinates":[[25.0493535,60.1375895],[25.0437808,60.1299783],[25.1164875,60.1203155],[25.133592,60.1074664],[25.150547,60.1041303],[25.1623481,60.0964826],[25.2040009,60.03065],[25.2245387,60.0189673],[25.2404969,59.9668149],[25.281814,59.943143],[25.2827821,59.9358476],[25.2702887,59.9284942],[25.1386019,59.9231779],[25.1270778,59.9176535],[25.1087793,59.8966748],[25.0702447,59.9001606],[25.0019799,59.8930018],[24.9805014,59.8868193],[24.9641066,59.8756809],[24.9136143,59.8679926],[24.8131582,59.8428079],[24.7791766,59.844502],[24.7629454,59.841844],[24.6470262,59.8054985],[24.6151246,59.7990005],[24.558876,59.7781791],[24.5210334,59.7709952],[24.4709718,59.7699997],[24.4331523,59.7598506],[24.4089479,59.7451449],[24.3706622,59.7425202],[24.3465085,59.7347097],[24.3309481,59.7336695],[24.2501154,59.7038535],[24.1268185,59.6724947],[24.0070434,59.6515009],[23.9782953,59.6496629],[23.807676,59.6221835],[23.7280188,59.6161551],[23.6299453,59.6008158],[23.6020549,59.6010291],[23.495805,59.5779617],[23.4871444,59.5753897],[23.4143455,59.5641783],[23.3690652,59.563327],[23.282217,59.5530163],[23.1960375,59.5364906],[23.1481449,59.5323621],[23.1192174,59.521168],[23.085836,59.5208739],[22.9641352,59.5033996],[22.9288343,59.4945523],[22.8227494,59.4862043],[22.6765166,59.4632896],[22.5750214,59.4552335],[22.5250693,59.4473736],[22.4325418,59.4226344],[22.344484,59.4159861],[22.2791422,59.3987932],[22.1424609,59.3846277],[22.104322,59.3739487],[22.0187971,59.364691],[21.9944225,59.3538419],[21.920888,59.3442359],[21.8149259,59.3196866],[21.6833987,59.2990058],[21.5627751,59.2704729],[21.5014754,59.2692076],[21.2892125,59.2271096],[21.1939721,59.2190578],[21.1656955,59.208054],[21.1324208,59.2060374],[21.1027248,59.1883545],[21.0830545,59.1539497],[21.0312021,59.1204865],[20.9990245,59.1076467],[20.9634751,59.0846847],[20.8600498,59.0341263],[20.8453734,59.0320999],[20.8201253,59.0364124],[20.8099475,59.0336216],[20.7325598,58.9824293],[20.6937315,58.9721522],[20.6723151,58.9576313],[20.5374335,58.9051262],[20.4696908,58.8653471],[20.4618892,58.8595925],[20.4549802,58.8536636],[20.4527363,58.8512436],[20.4396103,58.8389021],[20.4315318,58.8320588],[20.4212033,58.8265909],[20.4129224,58.8212144],[20.4020393,58.8151163],[20.3758257,58.798234],[20.3589999,58.7854272],[20.3328967,58.7519586],[20.3259623,58.7371101],[20.324351,58.7296384],[20.3232878,58.7194263],[20.3206295,58.714328],[20.3144877,58.7062555],[20.3106917,58.699714],[20.2954248,58.6884432],[20.2885224,58.6837964],[20.2713208,58.6698905],[20.2648147,58.6624399],[20.2560852,58.6562976],[20.2508594,58.649333],[20.2461724,58.6432517],[20.2375127,58.6316033],[20.2301016,58.6201907],[20.2171048,58.6023932],[20.1988937,58.5741035],[20.1935197,58.5568767],[20.1824637,58.5221831],[20.178721,58.5156301],[20.1726857,58.5069223],[20.1690892,58.5022387],[20.1629436,58.4960399],[20.1537054,58.4814289],[20.1432527,58.4656176],[20.1319677,58.4539931],[20.1244207,58.4490546],[20.1161293,58.4455002],[20.1057024,58.4401465],[20.0944346,58.434752],[20.0874164,58.4301575],[20.0855049,58.4277695],[20.0815104,58.4225113],[20.0758884,58.4172668],[20.0634744,58.4016849],[20.0560104,58.3913767],[20.0489035,58.3829119],[20.0402593,58.3703277],[20.0295187,58.3562124],[20.0171538,58.3384866],[20.0126232,58.3261702],[20.0111948,58.3180327],[20.0071648,58.3112099],[20.0005827,58.3051099],[19.9944671,58.2992021],[19.9910897,58.2936584],[19.9801976,58.2809473],[19.9750954,58.2763774],[19.9711006,58.2697848],[19.9540588,58.2377244],[19.9187057,58.1810264],[19.870959,58.0897851],[19.8531571,58.0659008],[19.8160596,58.0086037],[19.7612284,57.9268244],[19.7268402,57.8898189],[19.7090413,57.8706155],[19.6958143,57.8565693],[19.6883242,57.8487142],[19.6507276,57.8013887],[19.6443583,57.7943784],[19.6259614,57.7532105],[19.6134842,57.7301552],[19.599586,57.7116574],[19.5903247,57.699183],[19.5601446,57.6588784],[19.5460602,57.6425096],[19.5334328,57.6147159],[19.5251896,57.5981529],[19.48752,57.5309165],[19.4802399,57.520061],[19.4624245,57.5064254],[19.4506911,57.4998133],[19.4377601,57.4907545],[19.4333582,57.4859083],[19.4239278,57.4776685],[19.4166719,57.4611797],[19.4116219,57.4506306],[19.4056244,57.4414837],[19.3912391,57.419087],[19.3745696,57.3934416],[19.3613473,57.3738618],[19.3543162,57.3633631],[19.3446903,57.3481957],[19.3309487,57.3295621],[19.2938729,57.274706],[19.262505,57.2323796],[19.2088166,57.151925],[19.1549703,57.0747167],[19.1158388,57.0149215],[19.0673336,56.9428822],[19.0035517,56.8465688],[18.9855459,56.8185022],[18.9737759,56.8018192],[18.9604977,56.7835766],[18.9445157,56.7628933],[18.9231505,56.7313686],[18.915235,56.7213429],[18.9111432,56.7144032],[18.9022627,56.7026718],[18.8976727,56.6935999],[18.8890888,56.6824978],[18.8840897,56.6753531],[18.8608869,56.6429466],[18.8501845,56.6320092],[18.8414005,56.6200614],[18.8323627,56.6043961],[18.8218492,56.5847171],[18.7998624,56.5565446],[18.7892232,56.5379085],[18.7802019,56.5307543],[18.7390239,56.5027838],[18.7219215,56.4872314],[18.7070484,56.4757224],[18.697488,56.4650652],[18.6830779,56.4496348],[18.6716829,56.4387326],[18.6559157,56.4229537],[18.6453884,56.413683],[18.6290349,56.399155],[18.6101136,56.383436],[18.590138,56.3673881],[18.5705166,56.3522218],[18.5636772,56.3464545],[18.512119,56.3338032],[18.4507537,56.3215866],[18.2126869,56.2744378],[18.1061339,56.2534411],[17.8734366,56.1748141],[17.8434387,56.1640426],[17.7836205,56.1419775],[17.644897,56.0920912],[17.601405,56.07688],[17.4822212,56.0348569],[17.2599747,55.9553272],[17.2157178,55.9390772],[17.1589505,55.9196496],[17.0835331,55.892549],[16.9961733,55.8595192],[16.9184178,55.8314814],[16.7069739,55.7550167],[16.6308018,55.7282938],[16.5217058,55.6886935],[16.5166395,55.6879652],[16.504074,55.6861032],[16.4266785,55.6723955],[16.2827656,55.6460673],[16.1261139,55.6175221],[16.0044062,55.5964202],[15.9379725,55.5850997],[15.871988,55.5744753],[15.8202802,55.5643815],[15.7728157,55.5566855],[15.711813,55.5458222],[15.661549,55.5381057],[15.6160185,55.5299348],[15.5516484,55.5176472],[15.4719624,55.5062665],[15.4351745,55.5001483],[15.3794901,55.4907725],[15.2908076,55.4744428],[15.2337576,55.4654026],[15.1874345,55.4520702],[15.1570732,55.443465],[15.1036976,55.4368309],[15.0197883,55.4265957],[14.8116643,55.3908725],[14.6978137,55.3371963],[14.6099694,55.3132286],[14.5089478,55.2374477],[14.45282,55.1997486],[14.4313485,55.1847142],[14.4091547,55.1691438],[14.3562596,55.1314102],[14.3360417,55.1159441],[14.3224392,55.1061222],[14.3020429,55.0907366],[14.2845244,55.0778452],[14.152996,54.979738],[14.021327,54.948794],[13.9552733,54.9371934],[13.9225089,54.9314272],[13.898626,54.9272263],[13.8726869,54.9227055],[13.8490197,54.9185764],[13.8176519,54.9131173],[13.7983108,54.909722],[13.7597707,54.9029963],[13.7160073,54.8953489],[13.6986482,54.8923305],[13.687352,54.889312],[13.6704823,54.8874753],[13.6345969,54.8867935],[13.6132385,54.887214],[13.5910821,54.8848604],[13.55387,54.8786024],[13.5334919,54.8769142],[13.5293022,54.8767761],[13.524669,54.8771558],[13.5197414,54.8781503],[13.5159486,54.8795446],[13.5124295,54.8812429],[13.4987295,54.8911],[13.4838714,54.9017847],[13.4803703,54.9037628],[13.4755586,54.9064917],[13.4517523,54.9252665],[13.4429077,54.9322672],[13.4285774,54.9427885],[13.4194625,54.9464747],[13.4093597,54.9486393],[13.3891907,54.950196],[13.3718648,54.9490064],[13.3604157,54.9473411],[13.3386072,54.9458373],[13.3012307,54.9428261],[13.2126168,54.930268],[13.1544733,54.9221056],[13.1148779,54.9167349],[13.098651,54.9141346],[13.0922044,54.9135355],[13.0871259,54.9135136],[13.074924,54.9151786],[13.0696182,54.9158844],[13.048676,54.9214402],[13.0255575,54.9278308],[13.0199138,54.9294216],[13.0056748,54.9335443],[12.9880915,54.9384816],[12.9868452,54.938474],[12.9787119,54.9358386],[12.9685726,54.9327023],[12.9099557,54.9147484],[12.8926649,54.9094168],[12.837346,54.8924304],[12.7750977,54.8733703],[12.6789342,54.8437848],[12.6306731,54.826136],[12.5770031,54.8063622],[12.4898792,54.773972],[12.4431925,54.7566119],[12.4151555,54.7461527],[12.3660984,54.7278849],[12.2919147,54.7002627],[12.2049562,54.6678482],[12.1807168,54.6588008],[12.1589792,54.6465679],[12.1580863,54.6456968],[12.153326,54.6292796],[12.1508003,54.5794922],[12.1505839,54.565604],[12.1445475,54.5459189],[12.1440445,54.5439497],[12.1358661,54.5367722],[12.125504,54.528282],[12.1078537,54.5160301],[12.0953875,54.50737],[12.0810596,54.4939271],[12.0758073,54.489072],[12.0649283,54.4818305],[12.0360886,54.4722345],[12.0290753,54.4691455],[12.0245732,54.467402],[12.0240035,54.4627846],[12.0395068,54.4364702],[12.0442584,54.4285496],[12.0513553,54.4169095],[12.0569116,54.4077719],[12.0583628,54.404899],[12.0608783,54.3997715],[12.062709,54.3960563],[12.064927,54.3930784],[12.0660011,54.3913105],[12.0671032,54.3887148],[12.0700559,54.3817564],[12.0723778,54.3763983],[12.0731544,54.3745904],[12.074935,54.3690451],[12.0761562,54.3654684],[12.077116,54.3626962],[12.0787109,54.3579229],[12.0795668,54.3553846],[12.0813623,54.3497673],[12.083019,54.3453442],[12.0829262,54.3437827],[12.0822162,54.3425059],[12.0810309,54.3414437],[12.0711918,54.3364127],[12.068949,54.3351964],[12.0673124,54.3337974],[12.0662676,54.3321718],[12.0657683,54.3293454],[12.0668172,54.3251285],[12.0692923,54.3187381],[12.0709863,54.3141167],[12.0741775,54.3090299],[12.0794376,54.2957358],[12.0828208,54.2870958],[12.0860665,54.2789497],[12.0911033,54.2661643],[12.0956622,54.2548002],[12.0994902,54.2450548],[12.1046592,54.2320065],[12.109107,54.2207033],[12.1115324,54.2174141],[12.1168353,54.2061548],[12.1187911,54.203429],[12.1215634,54.2012885],[12.1255194,54.1990083],[12.135455,54.1953385],[12.1380936,54.1942741]]}},{"type":"Feature","properties":{"osm_id":"way/1355003440","name":"Sweden-Latvia","operator":"LVRTC","source_date":"2026-09-05T15:20:55Z"},"geometry":{"type":"LineString","coordinates":[[19.0330046,57.8305165],[19.0470883,57.8248398],[19.0806738,57.8118381],[19.1190629,57.7969972],[19.1226432,57.7959774],[19.1297502,57.7949579],[19.2554936,57.7814684],[19.517004,57.7535204],[19.6016698,57.7444441],[19.6687082,57.7372486],[19.7808939,57.7252303],[19.9073874,57.711673],[20.1227498,57.6885631],[20.1927006,57.6810467],[20.2950364,57.6700539],[20.3919913,57.6596585],[20.5698179,57.6405566],[20.6437159,57.6326155],[20.78613,57.6172919],[20.8029007,57.6152753],[20.8388079,57.6106925],[20.9077057,57.6019723],[20.957335,57.5955994],[20.9904799,57.5913482],[21.0287153,57.5864353],[21.0976022,57.5776341],[21.1432489,57.5717969],[21.2175237,57.5622928],[21.286836,57.5534103],[21.3198542,57.5475035],[21.3813488,57.5421737],[21.469671,57.5315653],[21.5051535,57.5273383],[21.5147943,57.517819],[21.5234848,57.5091887],[21.5446121,57.4883923],[21.5929656,57.4407572]]}},{"type":"Feature","properties":{"osm_id":"way/1355192498","name":"Latvia-Sweden 1 (LV-SE 1)","operator":"Tele2 (SE), Tet (LV)","source_date":"2026-09-05T15:20:55Z"},"geometry":{"type":"LineString","coordinates":[[21.5937548,57.4408324],[21.5832227,57.4639234],[21.5494664,57.5372506],[21.5432228,57.5508521],[21.4522403,57.629552],[21.4193762,57.6579423],[21.3933912,57.6804065],[21.3041323,57.7360804],[21.2425855,57.7743997],[21.2115508,57.7937141],[21.2043043,57.7977268],[21.1580768,57.8209171],[21.0950612,57.8523696],[21.0318173,57.8839602],[21.0279424,57.8859261],[21.0269869,57.8866015],[20.9775608,57.9360198],[20.9504865,57.9630372],[20.8640078,57.9997535],[20.7825695,58.0342711],[20.7256623,58.0584376],[20.6563311,58.087815],[20.5697294,58.1244734],[20.5033378,58.1526029],[20.4578663,58.1717377],[20.3916703,58.1943808],[20.2938,58.2277372],[20.1922056,58.2623519],[20.126599,58.2846694],[20.0341171,58.3161141],[19.9609928,58.3410042],[19.9362535,58.3492016],[19.8560271,58.376609],[19.7659998,58.407128],[19.6485788,58.4469147],[19.5130401,58.4927804],[19.3856497,58.555311],[19.3196994,58.587745],[19.2677096,58.6132151],[19.1461612,58.6517519],[19.0613235,58.6785656],[18.9891892,58.7013485],[18.8072623,58.7414005],[18.6185023,58.783012],[18.4430154,58.7793739],[18.223907,58.7749574],[18.1686466,58.7746837],[18.1469293,58.7763169],[18.1288086,58.77839],[18.0845279,58.7840341],[18.0558689,58.7875846],[18.0309883,58.7897984],[18.0086955,58.7878576],[17.9811756,58.7813571],[17.9612303,58.7767392],[17.9541303,58.7767057],[17.949344,58.7783528],[17.9390501,58.7831508],[17.9176221,58.793216],[17.9122504,58.8037722],[17.9067531,58.8136093],[17.9053799,58.8212249],[17.9053334,58.8275368]]}},{"type":"Feature","properties":{"osm_id":"way/1355358820","name":"Baltica","operator":"Arelion, Orange Polska, Slovak Telekom, TDC Group, Telenor, Ukrtelecom","source_date":"2026-09-05T15:20:55Z"},"geometry":{"type":"LineString","coordinates":[[14.9664409,55.003746],[14.9714938,54.9968535],[15.5379053,54.1818233]]}},{"type":"Feature","properties":{"osm_id":"way/1355358821","name":"Aarhus-Kalundborg","operator":"Telia Denmark","source_date":"2026-09-05T15:20:55Z"},"geometry":{"type":"LineString","coordinates":[[11.0113054,55.7397389],[11.0113054,55.7396712],[11.0122679,55.7419061],[11.0114257,55.7450213],[11.0255018,55.825118],[11.0276673,55.869965],[11.0389763,55.9157042],[11.0353671,55.9473797],[11.0247799,55.9597733],[10.9675132,55.9797024],[10.8387231,55.9858609],[10.773625,56.0073795],[10.6390114,56.0485338],[10.5345838,56.0708348],[10.5013787,56.0711034],[10.492611,56.0774819],[10.4383371,56.1135199],[10.3541213,56.1462399],[10.3180288,56.1593738],[10.3156226,56.1695561],[10.2982982,56.172771],[10.2727929,56.1891093],[10.2415127,56.1808071]]}},{"type":"Feature","properties":{"osm_id":"way/1355358822","name":"Ellekilde Hage-Viken","operator":"Telia Denmark","source_date":"2026-09-05T15:20:55Z"},"geometry":{"type":"LineString","coordinates":[[12.4892929,56.0926195],[12.4941052,56.0979882],[12.5754337,56.1342078],[12.5879457,56.1342078]]}},{"type":"Feature","properties":{"osm_id":"way/1355358823","name":"Baltica","operator":"Arelion, Orange Polska, Slovak Telekom, TDC Group, Telenor, Ukrtelecom","source_date":"2026-09-05T15:20:55Z"},"geometry":{"type":"LineString","coordinates":[[13.7675834,55.4257093],[13.7784966,55.4032535],[13.7812249,55.3583036],[13.9176394,55.2760218],[14.7020231,55.1476015]]}},{"type":"Feature","properties":{"osm_id":"way/1355358824","name":"Great Belt 1","operator":"Arelion","source_date":"2026-09-05T15:20:55Z"},"geometry":{"type":"LineString","coordinates":[[10.8159135,55.3249457],[10.8773001,55.3377492],[10.9202707,55.3524874],[11.0887426,55.3555895]]}},{"type":"Feature","properties":{"osm_id":"way/1355358825","name":"Scandinavian Ring North","operator":"Arelion","source_date":"2026-09-05T15:20:55Z"},"geometry":{"type":"LineString","coordinates":[[12.6133308,56.0436621],[12.6165791,56.0482986],[12.668071,56.0633466],[12.6784176,56.0628764]]}},{"type":"Feature","properties":{"osm_id":"way/1355358826","name":"BCS East-West Interlink","operator":"Arelion","source_date":"2026-09-05T15:20:55Z"},"geometry":{"type":"LineString","coordinates":[[18.86058,57.3932569],[19.0846817,57.2281663],[19.135155,57.2193044],[19.1774435,57.2045298],[19.1965416,57.1927059],[19.2265528,57.126866],[20.6984658,56.0223441],[21.0695134,56.0227253]]}},{"type":"Feature","properties":{"osm_id":"way/1355358827","name":"Great Belt 2","operator":"Telia Denmark","source_date":"2026-09-05T15:20:55Z"},"geometry":{"type":"LineString","coordinates":[[10.7504345,55.4001552],[10.895034,55.4574354],[10.9305018,55.4821795],[11.0369051,55.6495659]]}},{"type":"Feature","properties":{"osm_id":"way/1355358828","name":"Hou-Sælvig","operator":"Arelion","source_date":"2026-09-05T15:20:55Z"},"geometry":{"type":"LineString","coordinates":[[10.2643713,55.9373744],[10.3437748,55.9319833],[10.3868452,55.9167492],[10.4005603,55.9114901],[10.5156953,55.8929425],[10.528809,55.8910536],[10.544449,55.8772882],[10.5552768,55.8767483],[10.5681498,55.8731037],[10.5680407,55.8684135]]}},{"type":"Feature","properties":{"osm_id":"way/1355358830","name":"Scandinavian Ring South","operator":"Arelion","source_date":"2026-09-05T15:20:55Z"},"geometry":{"type":"LineString","coordinates":[[12.6767332,55.5880733],[12.6902078,55.5824976],[12.710179,55.5831436],[12.7971017,55.5517493],[12.8532857,55.5450114],[12.8597222,55.5428333],[12.9083869,55.5426291]]}},{"type":"Feature","properties":{"osm_id":"way/1355358832","name":"Fehmarn Belt","operator":"Arelion","source_date":"2026-09-05T15:20:55Z"},"geometry":{"type":"LineString","coordinates":[[11.2074233,54.5103556],[11.298821,54.64161],[11.3383813,54.6573952]]}},{"type":"Feature","properties":{"osm_id":"way/1355358833","name":"Ballen-Røsnæs","operator":"Arelion","source_date":"2026-09-05T15:20:55Z"},"geometry":{"type":"LineString","coordinates":[[10.6394926,55.7901298],[10.6476736,55.7866123],[10.8158044,55.7608981],[10.8186918,55.7607628],[10.8565288,55.7538577],[10.8717478,55.7508447],[10.8743946,55.7490165],[10.876921,55.7440733]]}},{"type":"Feature","properties":{"osm_id":"way/1465409150","name":"Epic Malta-Sicily Cable System (EMSCS)","operator":null,"source_date":"2026-09-05T15:20:55Z"},"geometry":{"type":"LineString","coordinates":[[14.4963205,35.9209955],[15.0751303,35.9224205],[15.5271142,36.1500741],[15.9185025,36.8733043],[15.7507895,37.2325153],[15.1013946,37.4994443]]}},{"type":"Feature","properties":{"osm_id":"way/1465413915","name":"Balalink","operator":null,"source_date":"2026-09-05T15:20:55Z"},"geometry":{"type":"LineString","coordinates":[[-0.2798084,39.4467988],[0.4463189,39.3502289],[2.2453301,39.3507599],[2.4053185,39.3188946],[2.6106259,39.5382048]]}},{"type":"Feature","properties":{"osm_id":"way/1465419841","name":"Flores-Corvo Cable System","operator":null,"source_date":"2026-09-05T15:20:55Z"},"geometry":{"type":"LineString","coordinates":[[-27.9601407,39.0122565],[-27.9592395,39.0107392],[-27.965194,39.0068209],[-28.1243137,38.915079],[-28.8020332,39.003178],[-31.106211,39.6733787],[-31.1104918,39.6722473],[-31.1073697,39.6723051],[-31.1081318,39.5660001],[-31.1268908,39.4638676],[-31.1279744,39.4629192],[-31.1260432,39.4630518],[-30.5989841,39.3515561],[-29.7001655,38.6501264],[-28.8010028,38.3874191],[-28.6466575,38.5140569],[-28.6338473,38.5219141],[-28.6271525,38.5246336]]}},{"type":"Feature","properties":{"osm_id":"way/1465432862","name":"IRIS","operator":null,"source_date":"2026-09-05T15:20:55Z"},"geometry":{"type":"LineString","coordinates":[[-9.0184022,53.2700383],[-9.0317059,53.2604384],[-9.0452699,53.2481675],[-9.5031766,53.1599484],[-10.5880765,53.2126138],[-10.8215359,53.258643],[-11.8432837,54.0335992],[-12.5024634,55.1412222],[-12.4585181,56.9809234],[-12.524436,58.5396062],[-13.5791235,59.4562545],[-18.3471899,60.3704399],[-21.2695532,60.8983991],[-22.6538306,63.0051438],[-22.2033801,63.5730153],[-21.3436903,63.816441],[-21.2915053,63.8436961],[-21.3533034,63.8691104]]}},{"type":"Feature","properties":{"osm_id":"way/1465437647","name":"Seabras-1","operator":null,"source_date":"2026-09-05T15:20:55Z"},"geometry":{"type":"LineString","coordinates":[[-74.0073396,40.1918566],[-64.9951392,32.5283079],[-35.4639111,1.0986094],[-32.211958,-20.1796823],[-42.1875439,-26.5884878],[-46.3184033,-24.166762],[-46.4249612,-24.0462288],[-46.421013,-24.0175377]]}}]}
